text,label,source
$BYND - JPMorgan reels in expectations on Beyond Meat https://t.co/bd0xbFGjkT,0,twitter
$CCL $RCL - Nomura points to bookings weakness at Carnival and Royal Caribbean https://t.co/yGjpT2ReD3,0,twitter
"$CX - Cemex cut at Credit Suisse, J.P. Morgan on weak building outlook https://t.co/KN1g4AWFIb",0,twitter
$ESS: BTIG Research cuts to Neutral https://t.co/MCyfTsXc2N,0,twitter
$FNKO - Funko slides after Piper Jaffray PT cut https://t.co/z37IJmCQzB,0,twitter
$FTI - TechnipFMC downgraded at Berenberg but called Top Pick at Deutsche Bank https://t.co/XKcPDilIuU,0,twitter
$GM - GM loses a bull https://t.co/tdUfG5HbXy,0,twitter
$GM: Deutsche Bank cuts to Hold https://t.co/7Fv1ZiFZBS,0,twitter
$GTT: Cowen cuts to Market Perform,0,twitter
$HNHAF $HNHPD $AAPL - Trendforce cuts iPhone estimate after Foxconn delay https://t.co/rlnEwzlzzS,0,twitter
$HOG - Moody's warns on Harley-Davidson https://t.co/LurHBEadeU,0,twitter
"$HXL - Citing aero ties, Wells slashes PT on Hexcel https://t.co/wU5P2i8WBU",0,twitter
$I - Intelsat cut to Market Perform at Raymond James https://t.co/YsvsMSQRIb,0,twitter
$KRG: Compass Point cuts to Sell https://t.co/MCyfTsXc2N,0,twitter
$LK - Muddy Waters goes short Luckin Coffee https://t.co/8yrbwAjLKG,0,twitter
$MANT - ManTech downgraded ahead of difficult comps https://t.co/mJ1eSrsFXJ,0,twitter
$MDCO: Oppenheimer cuts to Perform,0,twitter
$MPLX $MPC - MPLX cut at Credit Suisse on potential dilution from Marathon strategic review https://t.co/0BFQy4ZU6W,0,twitter
$MSGN - Imperial downgrades MSG Networks amid sports-free airwaves https://t.co/Ul2S6XNXw8,0,twitter
$MTLS - Piper hits the Materialise sidelines https://t.co/qlFxZuhkrt,0,twitter
$NCBS: Hovde Group cuts to Market Perform,0,twitter
$NFLX - New Netflix bear steps out https://t.co/PdPkgLk0FQ,0,twitter
$SHOP - Shopify loses a bull https://t.co/eoq7Lchtk4,0,twitter
$STAY - Nomura Instinet loses confidence in Extended Stay America https://t.co/WrQXTC38nB,0,twitter
$TWLO - Twilio gets Street-low target on virus risk https://t.co/Ky3d8DxnjX,0,twitter
$VCLT $SPLB $IGLB - Guggenheim's Minerd sees more gloom ahead in stocks https://t.co/NKYQgy2o3J,0,twitter
$VIAC $VIACA $FOX - MoffettNathanson expects NFL TV costs to skyrocket https://t.co/APfxEqSSRF,0,twitter
$VIAC: Barrington Research cuts to Mkt Perform https://t.co/7Fv1ZiFZBS,0,twitter
$XLNX - Mizuho cuts XLNX target on near-term headwinds https://t.co/hsWCvJb1Ct,0,twitter
2U downgraded to sector weight from overweight at KeyBanc Capital,0,twitter
Alphabet and Facebook price targets cut at Barclays on weaker ad outlook https://t.co/PlbSaE1Nc2,0,twitter
AMC Networks price target cut to $35 from $39 at Imperial Capital,0,twitter
American Software downgraded to neutral from buy at B. Riley FBR,0,twitter
Analysts question Silicon Motion's margin outlook,0,twitter
Anchiano Therapeutics downgraded to peer perform from outperform at Oppenheimer,0,twitter
Arch Coal stock price target cut to $97 from $100 at B. Riley FBR,0,twitter
AT&T downgraded by MoffettNathanson to sell on concern wireless can't carry the whole company,0,twitter
AT&T shares sink after MoffettNathanson downgrade,0,twitter
"AT&T stock falls after MoffettNathanson downgrades, saying dividend looks less compelling",0,twitter
Aurora Cannabis stock price target cut to C$1.00 from C$1.75 at Stifel Nicolaus,0,twitter
Autodesk downgraded to underweight from neutral at JPMorgan,0,twitter
BAML warns of profit pressure for Hormel,0,twitter
Barclays cools on Molson Coors,0,twitter
Becton Dickinson downgraded to outperform from strong buy at Raymond James,0,twitter
Becton Dickinson downgraded to sector weight from overweight at KeyBanc Capital,0,twitter
Berry Petroleum downgraded to market perform from outperform at BMO Capital,0,twitter
Berry Petroleum downgraded to underweight from sector weight at KeyBanc Capital,0,twitter
Bluebird bio downgraded to in line from outperform at Evercore ISI,0,twitter
Bluebird bio stock price target cut to $86 from $172 at Evercore ISI,0,twitter
Canada Goose downgraded to buy from strong buy at CFRA,0,twitter
Canada Goose stock price target cut to $50 from $65 at CFRA,0,twitter
Children's Place downgraded as e-commerce puts margins at risk,0,twitter
Children's Place price target cut to $80 from $105 at Monness Crespi Hardt,0,twitter
Cinedigm Corp. Analysts Are Cutting Their Estimates: Here's What You Need To Know,0,twitter
Clovis Oncology stock price target cut to $8 from $12 at Evercore ISI,0,twitter
Cumberland Pharmaceuticals stock price target cut to $9.00 from $12.25 at B. Riley FBR,0,twitter
"Dell, HPE targets trimmed on compute headwinds",0,twitter
Dish may not be key winner amid Intelsat woes - analyst,0,twitter
Disney downgraded as analyst says parks attendance could take 2 years to 'normalize' https://t.co/InJKourtW3,0,twitter
Downgrades 11/25: $AEO $COLM $DGII $EQT $ESS $EVRG $GTT $KRG $MANT $MDCO $NFLX $OMP $PEG $PRU $SBT $SITC $TAP $VIPS,0,twitter
Downgrades 4/7: $MLND $MSGN $MTLS $O $OC $OVV $PEB $PK $PLYA $QEP $RHP $RPAI $SAIA $SDC $SHOP $SKY $SLG $SM $TWLO… https://t.co/NGkYTADOSt,0,twitter
Dropbox on watch after stinging Spruce Point report,0,twitter
"Earnings Update: electroCore, Inc. Just Reported And Analysts Are Trimming Their Forecasts",0,twitter
Evercore downgrades bluebird bio and Clovis in premarket analyst action,0,twitter
"Fannie Mae, Freddie Mac downgraded to sell, as analyst cites 'unintended consequences' of CARES Act https://t.co/NhiYwphBQd",0,twitter
Forescout downgraded to neutral from buy at Monness Crespi Hardt,0,twitter
FormFactor cut on 'unsustainable' revenue outlook,0,twitter
Funko downgraded to hold from buy at Stifel Nicolaus,0,twitter
Funko stock price target cut to $10 from $25 at Stifel Nicolaus,0,twitter
GM stock price target cut to $30 from $32 at Deutsche Bank,0,twitter
Grubhub gains a bear on margin view,0,twitter
H&P downgraded at Argus as drilling industry weakness seen persisting,0,twitter
Hanesbrands stock price target cut to $13 vs. $16 at BofA Merrill Lynch,0,twitter
Helmerich & Payne started at sell with $34 stock price target at Deutsche Bank,0,twitter
Hexo stock price target cut to C$5 from C$6 at MKM Partners,0,twitter
Home Depot stock price target cut to $237 from $240 at Instinet,0,twitter
Intelsat downgraded to underweight from neutral at J.P. Morgan,0,twitter
Intelsat lower after Morgan Stanley target cut,0,twitter
Jefferies warns on L Brands,0,twitter
Kohl's stock price target cut to $48 from $52 at Deutsche Bank,0,twitter
Kohl's stock price target cut to $50 from $53 at Wedbush,0,twitter
L Brands stock price target cut to $16 from $20 at Wedbush,0,twitter
Lovesac stock price target cut to $28 vs. $33 at Canaccord,0,twitter
Lyft stock price target cut to $58 from $70 at Deutsche Bank,0,twitter
Macerich downgraded to underweight from sector weight at KeyBanc Capital,0,twitter
Marinus Pharma stock price target cut to $6 from $7 at Leerink,0,twitter
Methanex downgraded at TD Securities on valuation,0,twitter
Metro Inc. Just Missed Earnings And Its EPS Looked Sad - But Analysts Have Updated Their Models,0,twitter
Mid-America Apartment Communities downgraded to sector weight from overweight at KeyBanc Capital,0,twitter
Mitek Systems stock price target cut to $11 from $14 at Benchmark,0,twitter
Napco Security stock price target cut to $30 from $35 at Imperial Capital,0,twitter
Needham's Martin Defends Her Prediction That Netflix Subscriptions Will Fall,0,twitter
Netflix downgraded to ‘underperform’ at Needham,0,twitter
Netflix stock falls after Wells Fargo turns bearish,0,twitter
New Netflix bear steps out,0,twitter
"New York Opioid Case A Significant Risk For Pharma Stocks, Says Bearish BofA",0,twitter
Norwegian Cruise Line downgraded to strong sell from hold at CFRA,0,twitter
Novo Nordisk downgraded by UBS on concerns over drug launch cost,0,twitter
Oppenheimer cuts estimates on Yum China,0,twitter
Orbcomm price target lowered to $9 at Canaccord,0,twitter
O'Reilly Automotive stock price target cut to $405 from $415 at J.P. Morgan,0,twitter
Patterson-UTI Energy started at sell with $7 stock price target at Deutsche Bank,0,twitter
PS Business Parks downgraded to underweight from sector weight at KeyBanc Capital,0,twitter
Rio Tinto downgraded to neutral from overweight at J.P. Morgan,0,twitter
"Rosenblatt Projects 47% Downside In Apple Shares, Warns Of Drop In iPhone Production",0,twitter
Royal Caribbean downgraded to sell from buy at CFRA,0,twitter
Royal Caribbean stock price target cut to $100 from $135 at CFRA,0,twitter
Royal Caribbean's stock falls after CFRA swings to bearish on 'more dire' coronavirus assessment,0,twitter
Scandinavian Tobacco Group A/S Earnings Missed Analyst Estimates: Here's What Analysts Are Forecasting Now,0,twitter
Sherwin-Williams cut from Conviction Buy at Goldman on valuation,0,twitter
Sirius downgraded on valuation,0,twitter
Spotify Double Downgrade Reflects Prospect of Slower Revenue Growth https://t.co/jMJ3N4A06T,0,twitter
SunTrust latest to trim Nielsen target,0,twitter
Taco Bell parent Yum Brands downgraded to neutral from buy at BTIG,0,twitter
Take-Two downgraded on murky game slate,0,twitter
Take-Two Interactive stock price target cut to $124 from $133 at MKM Partners,0,twitter
Target Hospitality downgraded to perform from outperform at Oppenheimer,0,twitter
Taubman Centers downgraded to sector weight from overweight at KeyBanc Capital,0,twitter
"The Manitowoc Company, Inc. Just Reported Earnings, And Analysts Cut Their Target Price",0,twitter
Transocean started at sell with $3 stock price target at Deutsche Bank,0,twitter
Ultra Clean downgraded to hold from buy at Stifel Nicolaus,0,twitter
Wells Fargo Downgrades Netflix $NFLX to Underperform but sees as a takeover target. NFLX could get acquired: NFLX i… https://t.co/vuNpYwRDSg,0,twitter
Wells Fargo Downgrades Netflix On Spending Concerns,0,twitter
"Wells Fargo downgrades Netflix: 'If content is king, then cash is queen' https://t.co/niUwYR5YUD",0,twitter
Welltower stock price target cut to $90 from $95 at J.P. Morgan,0,twitter
WWE stock price target cut to $57 from $79 at Benchmark,0,twitter
$ALTG: Dougherty & Company starts at Buy,1,twitter
$AMD - AMD's Navi shows strong adoption - BofA https://t.co/WnCksfl1gX,1,twitter
$ANCUF: BMO Capital Markets ups to Outperform,1,twitter
$BHE: Lake Street starts at Buy,1,twitter
$CNC *S&P Raises Centene Corp. Rtg To BBB- From BB+; Outlk Stable*,1,twitter
$DE - Citi gives big boost to Deere PT https://t.co/MfhnyZe593,1,twitter
$EBAY - Guggenheim sees favorable catalysts for eBay https://t.co/1adfDkHeaw,1,twitter
$FCX - Freeport upgraded as Credit Suisse sees big buying opportunity https://t.co/d4TGqrNi7Y,1,twitter
$FLXN: BTIG Research starts at Buy https://t.co/MCyfTsXc2N,1,twitter
"$FNV - Franco-Nevada will not need more funding despite suspensions, analyst says https://t.co/pyARTEahWH",1,twitter
$GBT: Cantor Fitzgerald resumes at Overweight,1,twitter
$GM - Morgan Stanley sees GM doubling in bull case scenario https://t.co/uNK2xzGQuq,1,twitter
$GOOS: Barclays starts at Overweight,1,twitter
$HAS - Hasbro gains after UBS upgrade https://t.co/taTMaip1uM,1,twitter
"$JD - New https://t.co/BDnqOJSFq5 bull praises acceleration, margin profile https://t.co/Swtzl0mjnF",1,twitter
$JD: Barclays ups to Overweight,1,twitter
$KHC - JPMorgan constructive on Kraft Heinz https://t.co/Sp4I2ehAVw,1,twitter
$KIM: Compass Point ups to Neutral,1,twitter
$LOW - Lowe's racks up another positive rating despite recession risk https://t.co/ekx4f6aqIK,1,twitter
$LRCX - Lam target boosted on 'compelling' setup https://t.co/TBgKmZH6pM,1,twitter
$LULU: Barclays starts at Overweight https://t.co/MCyfTsXc2N,1,twitter
"$MU $WDC - Bull sees 2020 upsides for MU, WDC https://t.co/65zGfs82xI",1,twitter
$NBY Rated buy https://t.co/xWbLXU1yOY,1,twitter
$NFLX - SunTrust expecting Netflix to post strong user growth https://t.co/6z62FXsUom,1,twitter
$NVDA - Nvidia set for gaming tailwinds - BofA https://t.co/l3m78pJzrW,1,twitter
$OCN - BTIG sees 'material improvement' to Ocwen book value https://t.co/8MMo05uiM6,1,twitter
$OYST: Cowen starts at Outperform,1,twitter
$RAPT: BMO Capital Markets starts at Outperform,1,twitter
$RNG - Evercore starts RingCentral at Outperform https://t.co/rfNcO3sw2k,1,twitter
$SBAC $SBAC $AMT - MoffettNathanson boosts SBAC to Buy https://t.co/8k4l0c5x89,1,twitter
$SNAP - Loop turns bullish on Snap ad growth https://t.co/TekdZS48et,1,twitter
$STXS: Lake Street starts at Buy,1,twitter
$TENB - Cowen sees upside in TENB's Indegy purchase https://t.co/Ve7bTreR7Y,1,twitter
"$UBER $LYFT - Uber, Lyft can raise prices to profit - Barclays https://t.co/1xx084l36h",1,twitter
$WABC: Maxim Group ups to Buy,1,twitter
$WRI: Compass Point ups to Buy,1,twitter
$ZS - New Zscaler bull sees 'sustainable' growth; shares +4% https://t.co/4fx811IVG5,1,twitter
"Activision, Take-Two charts look 'constructive' as Wells Fargo gets bullish on video game plays: Trader $ATVI $TTWO… https://t.co/1s0WRleA2n",1,twitter
Adobe stock price target raised to $315 vs. $290 at Wedbush,1,twitter
Adobe stock price target raised to $318 vs. $310 at Instinet,1,twitter
Aegis Capital positive on Netflix usage trend,1,twitter
"After a 60% drop in 6 months, Bank of America says buy pot stock Canopy",1,twitter
Akero Therapeutics started at buy with $36 stock price target at Canaccord Genuity,1,twitter
Align Technology stock price target raised to $305 from $290 at Stifel Nicolaus,1,twitter
Allergan upgraded to buy from neutral at UBS,1,twitter
Altria stock price target raised to $54 from $50 at Stifel Nicolaus,1,twitter
Amneal Pharma price target raised to $6 vs. $4 at SunTrust Robinson Humphrey,1,twitter
"An analyst at Loop Capital upgrades $LYFT  to buy from hold, citing higher revenue growth potential.  https://t.co/2blCalNe9P",1,twitter
Analyst: AT&T Is The Top Telecom Pick For 2020,1,twitter
Analysts Mostly Bullish On Newly Public Insurance Firm BRP Group,1,twitter
Analysts See 18% Gains Ahead For The Holdings Of The First Trust Dow Jones Internet Index Fund ETF,1,twitter
Ansys stock price target raised to $265 from $235 at Benchmark,1,twitter
Anthem stock price target raised to $330 from $300 at SunTrust RH,1,twitter
Applied Industrial Technologies stock price target raised to $70 from $65 at KeyBanc Capital,1,twitter
arGen-X stock price target raised to $255 vs. $203 at Instinet,1,twitter
Armata Pharmaceuticals started at buy with $8 stock price target at Maxim Group,1,twitter
Arrow Electronics stock price target raised to $87 vs. $84 at SunTrust Robinson Humphrey,1,twitter
"Asset Management One Co. has a bullish call on Treasuries. One for the long, long run https://t.co/8go8ZhMvdc",1,twitter
Audentes Therapeutics stock price target raised to $40 from $34 at Evercore ISI,1,twitter
Audentes Therapeutics upgraded to outperform from in line at Evercore ISI,1,twitter
Axcelis Technologies stock price target raised to $32 from $24 at Benchmark,1,twitter
Baird bullish on beat-up Canada Goose,1,twitter
Baird likes drug wholesalers in premarket analyst action,1,twitter
Baird returns to Wingstop bull camp,1,twitter
Baker Hughes started at buy with $32 stock price target at Deutsche Bank,1,twitter
Bank of America stock price target raised to $49 from $48 at Oppenheimer,1,twitter
Barclays analysts says Uber and Lyft are well-positioned to achieve profitability https://t.co/emLga0CBm1,1,twitter
"Bausch Health upgraded to overweight from neutral at JPMorgan, price target raised to $38 from $32",1,twitter
Bed Bath & Beyond reiterated as buy at BofA Merrill Lynch,1,twitter
Belden stock price target raised to $56 vs. $54 at SunTrust Robinson Humphrey,1,twitter
Benchmark says this roof supplier is a Buy,1,twitter
Bernstein turns bullish on VMware's valuation,1,twitter
Berry Petroleum upgraded to sector weight from underweight at KeyBanc Capital,1,twitter
Best Buy stock price target raised to $105 from $86 at Oppenheimer,1,twitter
Biogen stock price target raised to $392 from $320 at Instinet,1,twitter
Biogen stock price target raised to $410 from $350 at SVB Leerink,1,twitter
Boeing stock price target raised to $427 from $406 at CFRA,1,twitter
"BofA Upgrades WestRock After Containerboard Conference, London Pulp Week",1,twitter
"Bouygues SA Just Beat Analyst Forecasts, And Analysts Have Been Updating Their Predictions",1,twitter
BTIG expects Domino's to boost buybacks,1,twitter
BTIG sees 'material improvement' to Ocwen book value,1,twitter
"Bull sees 2020 upsides for MU, WDC",1,twitter
Cabot upgraded to buy from neutral at UBS,1,twitter
"Canada Goose upgraded to outperform from neutral at Baird, price target C$53",1,twitter
Capital Southwest initiated at outperform at Raymond James with $23.50 price target,1,twitter
Celanese stock price target raised to $120 vs. $111 at BofA Merrill Lynch,1,twitter
CF Industries stock price target raised to $56 vs. $52 at BofA Merrill Lynch,1,twitter
CF Industries upgraded to buy vs. neutral at BofA Merrill Lynch,1,twitter
Ciena stock price target raised to $47 vs. $43 at Instinet,1,twitter
Citi gives big boost to Deere PT,1,twitter
Citi reels in PT on Nu Skin,1,twitter
"CITRON SAYS IT'S LONG ON LUCKIN COFFEE

MW vs CItron",1,twitter
CNH Industrial upped to Buy at Deutsche Bank on valuation,1,twitter
Copa Holdings stock price target raised to $130 from $103 at Deutsche Bank,1,twitter
Costco price target raised to $330 vs. $320 at BofA Merrill Lynch,1,twitter
CSX stock price target raised to $90 from $72 at Deutsche Bank,1,twitter
CSX upgraded to buy from hold at Deutsche Bank,1,twitter
CVS Health stock price target raised to $90 from $85 at SunTrust RH,1,twitter
CyrusOne upgraded to overweight from sector weight at KeyBanc Capital,1,twitter
Diamondrock Hospitality upgraded to sector weight from underweight at KeyBanc Capital,1,twitter
DLH Holdings maintained as buy with $7 price target at Canaccord,1,twitter
Domtar upgraded to market perform at BMO Capital,1,twitter
Dow stock price target raised to $52 vs. $46 at BofA Merrill Lynch,1,twitter
"Earnings Update: Here's Why Analysts Just Lifted Their Aemetis, Inc. Price Target To US$2.25",1,twitter
Earnings Update: Here's Why Analysts Just Lifted Their Milestone Scientific Inc. Price Target To US$2.00,1,twitter
"Earnings Update: Here's Why Analysts Just Lifted Their Skyworks Solutions, Inc. Price Target To US$104",1,twitter
Eastman Chemical stock price target raised to $85 vs. $82 at BofA Merrill Lynch,1,twitter
Edgewell stock price target raised to $41 from $33 at CFRA,1,twitter
Elastic upgraded to buy from hold at Canaccord Genuity,1,twitter
"Enbridge upgraded to buy from neutral at UBS, price target lifted to C$54 from C$50",1,twitter
"Energizer Holdings upgraded to neutral from underweight at JP Morgan, price target lifted to $51 from $41",1,twitter
Energizer shakes off JPMorgan's bear call,1,twitter
Equity Lifestyle Properties upgraded to outperform at BMO Capital,1,twitter
Estee Lauder stock price target raised to $238 from $202 at Raymond James,1,twitter
Etsy initiated as buy with $55 price target at SunTrust Robinson Humphrey,1,twitter
FedEx stock price target raised to $168 from $163 at BofA Securities,1,twitter
FleetCor stock price target raised to $325 from $310 at CFRA,1,twitter
Ford's electric SUV impresses Credit Suisse,1,twitter
Fortinet stock price target raised to $115 from $104 at BMO Capital,1,twitter
Fortinet stock price target raised to $120 from $110 at Monness Crespi Hardt,1,twitter
"Glenmark Pharmaceuticals Limited Just Beat Analyst Forecasts, And Analysts Have Been Updating Their Predictions",1,twitter
Goldman adds Workday to conviction list; shares +1%,1,twitter
"Goldman Says 36,000% Rally in Brazilian Retailer Has Room to Run",1,twitter
GrubHub stock price target raised to $40 from $34 at Oppenheimer,1,twitter
GrubHub stock price target raised to $60 from $30 at Susquehanna,1,twitter
Hasbro upgraded on earnings growth potential from Entertainment One acquisition,1,twitter
"Hasbro upgraded to buy from neutral at UBS, price target $117",1,twitter
Heat Biologics started at buy with $1 stock price target at Maxim Group,1,twitter
"Home Depot upgraded to outperform from neutral at Credit Suisse, price target raised to $235 from $225",1,twitter
Humana stock price target raised to $363 from $319 at Deutsche Bank,1,twitter
Huntsman named Conviction Buy at Goldman in chemical sector shuffle,1,twitter
Intel stock price target raised to $62 vs. $60 at SunTrust Robinson Humphrey,1,twitter
Intercept Pharmaceuticals maintained as buy with $165 price target at Canaccord,1,twitter
Invitae Corp. maintained as buy at Benchmark,1,twitter
J.C. Penney stock price target raised to $1.00 from 80 cents at B. Riley FBR,1,twitter
Jabil stock price target raised to $47 from $36 at CFRA,1,twitter
Jefferies analysts lifted Tesla $TSLA shares to buy while paring the price target 19%. https://t.co/BJhXfQuRTd,1,twitter
JPMorgan likes Bausch Health in premarket analyst action,1,twitter
JPMorgan out bullish on Uber's upside potential,1,twitter
Kilroy Realty upgraded to overweight from sector weight at KeyBanc Capital,1,twitter
L3Harris started at buy with $280 stock price target at Benchmark,1,twitter
Lagging MLP upgraded at Goldman as new projects seen lifting cash flows,1,twitter
Ligand Pharmaceuticals started at buy with $135 stock price target at Benchmark,1,twitter
Lovesac maintained as buy at Canaccord,1,twitter
Lululemon stock price target raised to $260 vs. $222 at Susquehanna,1,twitter
Lyft stock gets an upgrade due to competitive positioning,1,twitter
LyondellBasell sock price target raised to $107 vs. $99 at BofA Merrill Lynch,1,twitter
Magnolia Oil & Gas started at overweight with $14 stock price target at KeyBanc Capital,1,twitter
Mesa Air reiterated as outperform at Cowen,1,twitter
Microchip Technology stock price target raised to $113 vs. $106 at SunTrust Robinson Humphrey,1,twitter
Mizuho raises Intel on aggressive price cuts,1,twitter
Molina Healthcare stock price target raised to $165 from $155 at SunTrust RH,1,twitter
Morgan Stanley analyst Joseph Moore upgraded NVIDIA (NASDAQ: $NVDA) from Equalweight to Overweight with a price tar… https://t.co/NVjiO6Brwb,1,twitter
Morgan Stanley bullish on Eldorado Resorts ahead of Caesars combination,1,twitter
Morgan Stanley joins mortgage sector bulls,1,twitter
Morgan Stanley Raises Fortinet's Price Target After Bullish Analyst Day,1,twitter
Morgan Stanley upgrades NVIDIA $NVDA from Equal-Weight to Overweight and announces $259 price target.,1,twitter
"Morgan Stanley upgrades Nvidia to buy, predicting 2020 will be 'a return to solid growth' https://t.co/9gTGxKbSGj",1,twitter
"Munster Doubles Down, Says Apple Has 40% Upside This Year",1,twitter
New bull sees 22% upside for Splunk,1,twitter
New for subscribers:  Morgan Stanley adds Amazon to its list of favorite stocks. Here are the rest... https://t.co/QbgS6IQXRt,1,twitter
Newmont Goldcorp stock price target raised to $41.50 from $39.50 at B. Riley FBR,1,twitter
NLight target raised on Nutronics deal,1,twitter
Nokia stock price target raised to $6.00 from $5.50 at MKM Partners,1,twitter
Nuvasive upgraded to outperform vs market perform at Leerink,1,twitter
"Nvidia Has One Of The Best Opportunities To Maintain High Multiple, Morgan Stanley Says In Upgrade",1,twitter
Nvidia stock climbs after Morgan Stanley turns bullish,1,twitter
NXP Semiconductors stock price target raised to $139 vs. $128 at SunTrust Robinson Humphrey,1,twitter
Olin Corp. stock price target raised to $23 vs. $22 at BofA Merrill Lynch,1,twitter
"One analyst says TD could unlock ""significant value"" by selling its minority stake in Ameritrade after its purchase… https://t.co/swy7IVNnQE",1,twitter
Onto Innovation stock price target raised to $50 from $40 at Benchmark,1,twitter
Owens Corning upgraded at Wells after raising residential insulation prices,1,twitter
"Owens Corning Upgraded On Strong Insulation, Roofing Potential",1,twitter
Oyster Point Pharma initiated at overweight with $26 price target at JP Morgan,1,twitter
"Paul Tudor Jones Sees the Potential for a Stock Market Explosion, to the Upside",1,twitter
PennMac Financial rises to record as Piper gets more bullish,1,twitter
Piper likes DexCom in premarket analyst action,1,twitter
"Pixelworks, Inc. Just Reported And Analysts Have Been Lifting Their Price Targets",1,twitter
PPG Industries stock price target raised to $113 vs. $105 at BofA Merrill Lynch,1,twitter
Prothena upgraded to outperform from in line at Evercore ISI,1,twitter
Purple Innovation initiated at overweight with $12 price target at KeyBanc Capital,1,twitter
Quanterix maintained as outperform with $35 price target at Leerink,1,twitter
Results: KLA Corporation Beat Earnings Expectations And Analysts Now Have New Forecasts,1,twitter
RPM International stock price target raised to $79 vs. $75 at BofA Merrill Lynch,1,twitter
S&P Global stock price target raised to $322 from $274 at Stifel Nicolaus,1,twitter
Sanderson Farms stock price target raised to $159 from $150 at J.P. Morgan,1,twitter
Schlumberger started at buy with $42 stock price target at Deutsche Bank,1,twitter
Selvaag Bolig ASA Just Beat Earnings Expectations: Here's What Analysts Think Will Happen Next,1,twitter
"SoftBank will have the ""last laugh"" with WeWork deal, one Bernstein analyst says https://t.co/qmfAPKICdp",1,twitter
Sonoma Pharma maintained as buy with $9 price target at Benchmark,1,twitter
Splunk upgraded to overweight at Morgan Stanley,1,twitter
"Starbucks Stock Is a Buy, According to This Investment Bank",1,twitter
Starbucks upgraded to overweight at J.P. Morgan after meeting with executives,1,twitter
"Stifel Upgrades Parker-Hannifin On Potential Synergies, Industry Recovery Prospects",1,twitter
"Stifel Upgrades Wendy's, Bullish On Breakfast And Digital Prospects",1,twitter
"Syanptics raised on forecast, margin strength",1,twitter
Synaptics stock price target raised to $40 from $32 at J.P. Morgan,1,twitter
"Synopsys upgraded to overweight from neutral at JPMorgan, price target raised to $160 from $157",1,twitter
TE Connectivity stock price target raised to $95 vs. $94 at SunTrust Robinson Humphrey,1,twitter
Teekay Tankers upped two notches to Buy at BAML,1,twitter
Texas Instruments stock price target raised to $125 vs. $122 at SunTrust Robinson Humphrey,1,twitter
Twitter stock price target raised to $36.50 from $34.50 at Wedbush,1,twitter
Twitter stock price target raised to $38 from $36 at SunTrust RH,1,twitter
Twitter stock price target raised to $47 from $34 at Susquehanna,1,twitter
"Twitter, Inc. Just Reported And Analysts Have Been Lifting Their Price Targets",1,twitter
U.S. Well Services initiated at buy with $3.50 price target at Stifel,1,twitter
Uber stock price target raised to $45 from $34 at MKM Partners,1,twitter
Uber stock price target raised to $49 from $47 at BofA Securities,1,twitter
Uber stock price target raised to $50 from $45 at Oppenheimer,1,twitter
Uber stock price target raised to $52 from $50 at Wedbush,1,twitter
Uber stock price target raised to $54 from $50 at Deutsche Bank,1,twitter
UBS raises Peloton’s price target to $40,1,twitter
UBS upgrades Hasbro on strong sales of Frozen II dolls into Black Friday https://t.co/23HWM60K7q,1,twitter
UDR upgraded to overweight from sector weight at KeyBanc Capital,1,twitter
Unisys stock price target raised to $21 from $18 at Sidoti & Co.,1,twitter
UnitedHealth stock price target raised to $338 from $303 at CFRA,1,twitter
Upgrades 11/25: $ARWR $CACI $CF $DECK $DKS $ENR $EQM $ETRN $FE $HAS $HLX $JD $KIM $LYFT $NTR $NVDA $ORAN $PROS $SNAP $WEN $WING $WRI $ZS,1,twitter
Upgrades 4/7: $AMT $BHP $BK $CHH $ENI $EQNR $ETR $EXR $FCX $HOLX $HSIC $LOW $LSI $MAR $MAS $MGP $MHK $MXL $NGG $NWE… https://t.co/jXZNb22Cwb,1,twitter
Vertex Pharmaceuticals stock price target raised to $248 from $240 at BMO Capital,1,twitter
Vertical Research expects Allison Transmission to break out,1,twitter
Voyager Therapeutics started at outperform with $26 stock price target at Oppenheimer,1,twitter
Walt Disney stock price target raised to $143 from $141 at Imperial Capital,1,twitter
"Wells Fargo analyst Dori Kesten lifted her rating on Marriott $MAR to overweight, noting that the hotel chain's sha… https://t.co/9TLXzYZjUs",1,twitter
Wells still bullish on T-Mobile after unsurprising CEO change,1,twitter
Westlake Chemical stock price target raised to $65 vs. $64 at BofA Merrill Lynch,1,twitter
WestRock stock price target raised to $48 from $42 at BofA Merrill Lynch,1,twitter
WestRock upgraded to buy from neutral at BofA Merrill Lynch,1,twitter
Why Credit Suisse Sees the S&P 500 Gaining 10% in 2020,1,twitter
Williams Cos. initiated as buy with $27 price target at SunTrust Robinson Humphrey,1,twitter
"Workday added to Goldman's conviction list, stock gains",1,twitter
Zendesk stock price target raised to $85 from $75 at Stifel Nicolaus,1,twitter
Zendesk targets raised after 'solid' results,1,twitter
$LB - MKM Partners puts a number on Victoria's Secret https://t.co/VSzHLqLBgE,2,twitter
$WING - Baird returns to Wingstop bull camp https://t.co/KfPaweOVgo,2,twitter
Analysts React To FCC Decision On Intelsat C-Band Spectrum Auction,2,twitter
Arex Capital ramps up pressure on Zagg,2,twitter
Aviation Capital Group Assigned ‘Baa2’ Rating by Moody’s https://t.co/kEKxNfJEgZ https://t.co/5hasUcG1ON,2,twitter
"Benzinga's Top Upgrades, Downgrades For December 17, 2019",2,twitter
"Benzinga's Top Upgrades, Downgrades For November 25, 2019",2,twitter
BRP Group started at hold with $18 stock price target at Jefferies,2,twitter
"BTIG resumes coverage on range of healthcare stocks, neutral on AbbVie",2,twitter
Bull camp empty on Sally Beauty,2,twitter
CA$10.60 - That's What Analysts Think Vecima Networks Inc. Is Worth After These Results,2,twitter
"Chicken Soup for the Soul Entertainment, Inc. Third-Quarter Results: Here's What Analysts Are Forecasting For Next Year",2,twitter
"Citron Research, owned by the prominent short seller Andrew Left, placed a $5 price target on $PTON  https://t.co/a5WT4knuVf",2,twitter
"Coin Toss: Morgan Stanley Raises Tesla Bull Case To $500, Keeps Bear Case At $10 https://t.co/hjXizuPs7Z",2,twitter
GDS Holdings Limited Just Released Its Third-Quarter Earnings: Here's What Analysts Think,2,twitter
Global Automotive Tensioner Market 2019-2023 | Growing Adoption of Start-Stop System to Boost Growth | Technavio… https://t.co/xST0VP6IgS,2,twitter
"Here are the biggest analyst calls of the day: Johnson & Johnson, Canopy Growth, Intelsat & more",2,twitter
"Here are the biggest analyst calls of the day: Netflix, Nvidia, Lyft, Molson Coors, Snap & more",2,twitter
"Here are the biggest analyst calls of the day: Netflix, Nvidia, Lyft, Molson Coors, Snap & more https://t.co/jzxbhHJwOu",2,twitter
II-Vi Inc. initiated as neutral at Susquehanna,2,twitter
LivePerson started at neutral with $40 stock price target at J.P. Morgan,2,twitter
Miller Value Partners Likes These Two Stocks; Bearish on One,2,twitter
MKM Partners puts a number on Victoria's Secret,2,twitter
Morgan Stanley has a new favorite pick in the chip space,2,twitter
MPLX initiated as hold with $28 price target at SunTrust Robinson Humphrey,2,twitter
Oppenheimer calls out transformation of big-box retailer,2,twitter
"Pipestone Energy Corp. Just Reported, And Analysts Assigned A CA$2.55 Price Target",2,twitter
Royal Caribbean Cruises Ltd. Full-Year Results Just Came Out: Here's What Analysts Are Forecasting For Next Year,2,twitter
"Spirit Airlines, Inc. Just Released Its Full-Year Results And Analysts Are Updating Their Estimates",2,twitter
"Stock Market Update: NVIDIA shares upgraded, Netflix downgraded",2,twitter
TJX Q3 FactSet consensus 66 cents,2,twitter
"Top Analyst Upgrades and Downgrades: AbbVie, Biogen, Boeing, Etsy, Gilead, GoPro, Micron, Newmont, Peloton, Pfizer, Valero, Zynga and More",2,twitter
Twilio Inc. Full-Year Results Just Came Out: Here's What Analysts Are Forecasting For Next Year,2,twitter
Upgrades 2/4: $AMAL $CM $CMCSA $ELF $GDOT $LFUS $MLI $RRR $TD $TXRH $VLY $WW Downgrades 2/4: $ABG $AWK $CHKP $DEO… https://t.co/xscOdKUhfo,2,twitter
US$50.08: That's What Analysts Think Weibo Corporation Is Worth After Its Latest Results,2,twitter
Valaris started at hold with $4 stock price target at Deutsche Bank,2,twitter
William Blair sees rivals pressing Viasat,2,twitter
Aggressive Fed boost fails to stop sell-off #Samp;P500 #economy #MarketScreener https://t.co/p8lniQQTZt https://t.co/VsHuUI8mgj,0,twitter
Bank of Ireland cuts key profit target as low rates take toll https://t.co/pWzgfDXDm3,0,twitter
Bank of Nova Scotia : Scotiabank CEO expects 'somewhat elevated' loan losses for 3-4 quart... #BankofNovaScotia… https://t.co/OAXfDtrtAk,0,twitter
Breakingviews - Fed's ultra-loose efforts will cast long shadow https://t.co/nktomiS4jW https://t.co/A5r5dgKIhX,0,twitter
European banks slash $280bn from main US businesses https://t.co/Gwahc0Sc0F,0,twitter
Europe's banks were only halfway through cleaning up more than $1 trillion of loans that turned sour in the last cr… https://t.co/a5XeRxCEVl,0,twitter
"Eurozone banks' returns were already hurting before COVID-19, ECB says https://t.co/hDvBAwFDeG",0,twitter
Fed Liquidity Drain Spoils Virus-Surge-Inspired Stock Buying-Panic | Zero Hedge https://t.co/wnLxXP4sHu,0,twitter
Fed policymakers working to limit damage as pandemic puts U.S. economy on pause https://t.co/QwCihVGWly https://t.co/ZRbeFgfAdo,0,twitter
Fed Report : Small-Business Sector Highly Vulnerable to Coronavirus Crisis--Update #FedReport #economy… https://t.co/AjGZqiRl5b,0,twitter
"Fed Warns Virus Poses ‘New Risk’ to Global Growth, Markets",0,twitter
Fed's Bullard: China to 'slow noticeably' in first quarter due to virus https://t.co/i1jKKq9kNi https://t.co/4Ug71D7IN6,0,twitter
"Fed's corporate credit measures to limit buybacks, dividend https://t.co/4FrdSvMV8T",0,twitter
Fed's Williams: Risks to U.S. economy still to the downside,0,twitter
"Former Fed chief Bernanke sees bad year, no quick recovery #economy #MarketScreener https://t.co/YaN7qVv5aq https://t.co/zn3oEbjuL7",0,twitter
"Janet Yellen says a V-shaped economic recovery ""is possible,' but she is ""worried that the outcome will be worse"" https://t.co/11FIumVTXC",0,twitter
Lagarde Says ECB Running Out of Room to Fight Global Threats,0,twitter
"Lagarde Says ECB's Options Limited by Low Rates, Low Inflation",0,twitter
New #IMFBlog shows that long-lasting credit booms that featured rapid construction growth never ended well.… https://t.co/gMBiUS6z7J,0,twitter
Overall Fed Temporary Liquidity Continues to Shrink #economy #MarketScreener https://t.co/UjqUoGk3L9 https://t.co/OVGpDhlZOb,0,twitter
Schweizerische Nationalbank : Switzerland Loses Grip on World's Lowest Borrowing Costs -- ...… https://t.co/fuN3T0obd5,0,twitter
Some officials worried about the bank's decision to drop self-imposed limits on the ECB's bond purchases https://t.co/elfM7nRACS,0,twitter
"Thailand has a limited space to deliver a “strong dose” of monetary policy, central bank governor says as he cautio… https://t.co/WR3CYfD3hy",0,twitter
The Federal Reserve's rescue of the overnight lending market appears to be having an unintended side effect: it's j… https://t.co/8Ko2fxHj7W,0,twitter
UAE stimulus to help bank liquidity but may increase problem loans - Moody's #economy #MarketScreener… https://t.co/8rGhax4y8C,0,twitter
UPDATE 2-China cbank warns high financial risks amid rising economic headwinds,0,twitter
"Yellen Blames ""Enormous Debt And Buybacks"" For Coming Default Wave; Morgan Stanley Says It's All The Fed's Fault  https://t.co/Ed0jVBpmhZ",0,twitter
"Fed Chair Powell: 'no reason' rising wages, job gains can't continue https://t.co/cCUifiy1YG https://t.co/pjXZLMl9Jf",1,twitter
"Federal Reserve Chairman Jerome Powell said the U.S. economy is 'resilient,' even as he cited the potential threat… https://t.co/jdypDu2LhY",1,twitter
Fed's 'bazooka' soothes dollar funding squeeze https://t.co/ZHKV5YcU5L https://t.co/gB2rZSnrcF,1,twitter
Fed's Daly says U.S. economy well placed to weather storms https://t.co/46F3sPCsXW https://t.co/Hn3cXkJQhp,1,twitter
Fed's Daly says US job market still has room to run https://t.co/nQOWWsXkh7,1,twitter
Fed's Kaplan: Inflation Will Be Muted For Some Time (Radio),1,twitter
Fed's Mary Daly says current interest rates put economy 'in a good place to weather the storms',1,twitter
"Fed's Mester, upbeat on outlook, say central bank can watch and wait on interest rates",1,twitter
Fed's Rosengren says he is 'optimistic' on economy,1,twitter
Fed's Rosengren says U.S. unlikely to have economic downturn in 2020,1,twitter
World Bank's Malpass upbeat on prospects for progress on debt relief #economy #MarketScreener… https://t.co/tILUoEQkYC,1,twitter
"Commercial and industrial loans at all commercial banks fall to $2.345 trillion, down $7 billion from a week earlie… https://t.co/IO6JFnTMWX",2,twitter
Czech interest rates could stay where they are for another year as global risks cloud the outlook for the export-or… https://t.co/bDhYKopjCM,2,twitter
ECB bought record debt volumes last week in crisis fight #economy #MarketScreener https://t.co/08TD4PqNna https://t.co/5ct4SutY3Q,2,twitter
Fed Chairman Jerome Powell says central bank 'watching carefully' as firms brace for wave of missed mortgage paymen… https://t.co/mBzYyHmCrW,2,twitter
Italy's top bank unveils new lending measures as firms battle cash crunch https://t.co/ioNcxm5GzF https://t.co/7PFLksQXJP,2,twitter
"The Fed may lower the rate on its support facility for money market funds, strategists say https://t.co/FrLrivydji",2,twitter
$ECONX: Federal Reserve will establish facility to facilitate lending to small businesses via the Small Business... https://t.co/OCCUO9DX7c,2,twitter
$XLF $FAS $FAZ - Fed revives TALF to bolster ABS market https://t.co/0rRXf0aqLC,2,twitter
$XLF $FAS $FAZ - The Fed to establish term financing for small business loans https://t.co/4nTXbSxrHN,2,twitter
.@WorldBank Group asks #G20 leaders to suspend debt repayments from poorest countries. This will help focus critica… https://t.co/VMcZWh4sop,2,twitter
Asset Allocation Committee Outlook 2Q2020 | Contagion. https://t.co/3SLpGWc3KL #economy #markets #investing,2,twitter
"Australia central bank pumps liquidity, proposes bond buys to ease financial conditions https://t.co/JkbAPjX6Yv https://t.co/GFYiDHmP2U",2,twitter
"Australia plans an additional A$66 billion ($38.2 billion) in stimulus for the coronavirus-stricken economy, includ… https://t.co/7O2gkIusAO",2,twitter
Bank of Israel expands its crisis QE with $13.6 billion in bond buying https://t.co/xEMWn1vjAO,2,twitter
Brazil's central bank stepped in to prop up the currency https://t.co/yQBoa6mTqi,2,twitter
Central Bank actions will contribute to easing the economic impact of the pandemic - Governor Gabriel… https://t.co/UhzEj1icQ3,2,twitter
ECB makes it easier for banks to tap credit amid coronavirus crisis https://t.co/aUORNC7SON https://t.co/rrzy3Yv56J,2,twitter
ECB to ease collateral requirements for banks looking to borrow #economy #MarketScreener https://t.co/rlYmLpiGKA https://t.co/9v3IP9D10o,2,twitter
"eib: #MustRead➡️EIB Bank Lending #Survey for #CESEE shows optimistic opinion of the region, positive profitability… https://t.co/jtZoHHCmeB",2,twitter
"Fed, saying aggressive action is needed, starts unlimited QE https://t.co/pbo30sSQ9Z",2,twitter
Fed's Quarles says 2-3 weeks away from getting loans to mid-sized U.S. businesses through its newly created Main St… https://t.co/3R4DyktUJ0,2,twitter
"Fed's Quarles: ""Main Street"" loans like two to three weeks off as details finalized https://t.co/pUobuzSFBj https://t.co/ZTGR5dNCBo",2,twitter
Governments and central banks globally have pledged a dizzying $3 trillion-and counting. But companies are struggli… https://t.co/YrbmCS9ZX9,2,twitter
"IMF encouraged by recovery in China, but pandemic could resurge https://t.co/UCjDmDNwoP https://t.co/Rua86ZJmMO",2,twitter
Instant View: Fed launches unprecedented range of credit support https://t.co/3WQX0rnURD https://t.co/YAnONEz11p,2,twitter
Italy announces guarantees for bank loans worth over 400 billion euros https://t.co/xmvuhapL8v https://t.co/lOpNKjwNeJ,2,twitter
Mexico cuts its key rate for a 5th time amid economic stagnation https://t.co/HqpKAGRDt7 https://t.co/Jx7BHGv88y,2,twitter
Mexico's central bank cut its key interest rate for a fifth straight decision https://t.co/xnfKe4SFXt,2,twitter
Mexico's central bank cuts interest rates to three-year low https://t.co/0N0vaHBnQj,2,twitter
"Powell Admits ""Low Rates Are Not A Choice Any More"", Says QE Will Be Used In Next Downturn | #FreeZeroHedge https://t.co/RFVxk9uMth",2,twitter
Powell: Fed will use 'QE' aggressively to fight next recession https://t.co/me3x7SJac6,2,twitter
SNB's sight deposit holdings rise by second-highest level in 12 months https://t.co/aUsTEz08h3 https://t.co/rMaW0F4suE,2,twitter
"The Bank of Korea is taking unprecedented action in the face of coronavirus-not about the rate decision itself, but… https://t.co/CmxUuSBiab",2,twitter
The Fed moved to bolster a new small-business lending program by allowing banks to turn those loans over to the U.S… https://t.co/Y2piO9HcrP,2,twitter
The Fed's foray into corporate bonds and certain credit ETFs helping restore order between the two markets https://t.co/lkJuQCQEKV,2,twitter
The U.K. is tapping fintechs and the Queen's Bank for its emergency lending program https://t.co/sJJTyjCVMa,2,twitter
FOMC dot plot indicates a long pause https://t.co/F6wezJ7rlP,2,twitter
"""In my time at the Fed, I've seen how changes in business and consumer confidence impact the economy as a whole,"" P… https://t.co/rZgYHFXsKk",2,twitter
"""It's not really time yet to stimulate spending,"" former Fed Chair Ben Bernanke said today, adding that it will ""ha… https://t.co/iYSEFhCzGY",2,twitter
"""The Committee also directs the Desk to continue conducting term and overnight repurchase agreement operations at l… https://t.co/1W8onnWjru",2,twitter
"""the Committee directs the Desk to continue purchasing Treasury bills at least into the second quarter of 2020 to m… https://t.co/b1GHWeY0dy",2,twitter
"""The Fed Can Lend To Anybody"": Watch Live As Bernanke Holds Virtual Discussion On US Economy https://t.co/oCbErkJi7h",2,twitter
"""What we clearly see again is unelected central banks, having failed at their mandates, to pivot to politics to try… https://t.co/U4Ft0573Ro",2,twitter
$RINF $IVOL - Fed's Daly discusses shifting focus to higher inflation https://t.co/4xmIHceCvh,2,twitter
.@TimLampkin of @higherpurposeco says that being a part of the St. Louis Fed’s Community Development Advisory Counc… https://t.co/spGCRWBKVo,2,twitter
@TimLampkin of @higherpurposeco says that being a part of the St. Louis Fed’s Community Development Advisory Counci… https://t.co/Ex5SCguwe4,2,twitter
A Rate Cut From Russia?,2,twitter
A WSJ primer on the central bank's novel $600 billion direct-loan program https://t.co/43O0vIETta,2,twitter
An emerging priority for Powell Fed: The plight of the poor https://t.co/jP1T0yjdQ4 https://t.co/2DQRic3UvN,2,twitter
"Applications for participation in the Fed's Commercial Paper Funding Facility must be submitted by Thursday, the Ne… https://t.co/DvwRfmIJXr",2,twitter
"Argia Sbordone shared findings from ""Anchoring of Inflation Expectations"" at today’s joint New York Fed-European Ce… https://t.co/yXvQvWPXZm",2,twitter
"Bank of Canada can buy corporate, municipal bonds if necessary #taux #MarketScreener https://t.co/38OhHeNmWA https://t.co/cowCcOVS13",2,twitter
"Bank of Canada gets authority to buy corporate, municipal debt https://t.co/j9DJUMtl3D",2,twitter
Bank of Canada’s Poloz Sees Era of Low Global Interest Rates,2,twitter
Bank of England activates emergency liquidity measure https://t.co/FvgTR5d5eg https://t.co/FZWcMjZddZ,2,twitter
Bank of England Governor Mark Carney offers his backing to a key plank of UK Prime Minister Boris Johnson's economi… https://t.co/r5qQSOrsPG,2,twitter
"Bank of England Mark Carney is hanging up his hat. So what's next for the central bank leader?

@flacqua sits down… https://t.co/xxqMzXupmE",2,twitter
Bank of Ireland : Gov Co - 7 KB #BankofIreland #Stock #MarketScreener https://t.co/lPLIZQTwme https://t.co/iFkjaIFL5u,2,twitter
Bank of Ireland : Notification of Significant Shareholding - 99 KB #BankofIreland #Stock #MarketScreener… https://t.co/f4rdA0nB11,2,twitter
Bank of Ireland : Pillar 3 Disclosures #BankofIreland #Stock #MarketScreener https://t.co/V8GNASXXiY https://t.co/An3gEqsXmw,2,twitter
Bank of Ireland : to make branch network changes in response to COVID-19 #BankofIreland #Stock #MarketScreener… https://t.co/2rKs52jf1Y,2,twitter
Bank of Jamaica : 14-Day Repo Auction Results #BankofJamaica #economy #MarketScreener https://t.co/UE7vS1tv6o https://t.co/efXjAe32Fg,2,twitter
Bank of Jamaica 14-Day Repo Auction Results -10 February 2020 #Stock #MarketScreener https://t.co/wBnwfayNhV https://t.co/bQ3CSymjTi,2,twitter
Bank of Jamaica 30-day CD Auction Press Release - 24 February 2020 #Stock #MarketScreener https://t.co/iRuPoA3LTD https://t.co/MjLqnkV6mj,2,twitter
Bank of Japan : Accounts (March 20) #BankofJapan #Stock #MarketScreener https://t.co/Di0sVY7MoH https://t.co/GoCJarxay0,2,twitter
Bank of Japan : Statistics on Securities Financing Transactions in Japan (Jan. 2020) #BankofJapan #economy… https://t.co/sD0oDaY7rX,2,twitter
Bank of Japan : The Results of BIS International Locational Banking Statistics and Interna... #BankofJapan #Stock… https://t.co/z2dSe5N09a,2,twitter
Bank of Mexico Makes Fifth Consecutive Rate Cut -- Update #economy #MarketScreener https://t.co/NfkbjZjf6D https://t.co/otogWpgEnu,2,twitter
Bank of Nova Scotia : Acting Administrator Pilkerton's Statement on USMCA Agreement #BankofNovaScotia #Stock… https://t.co/jGxhlOVCTF,2,twitter
Bank of Queensland : Trading Halt #BankofQueensland #Stock #MarketScreener https://t.co/P7JUKMwkZ1 https://t.co/AYwhOiYQbV,2,twitter
Banks To Make Risk-Free Killing On Small Business Bailout: Fed Will Buy Payroll Loans Issued By Banks https://t.co/ujsbBPAq9K,2,twitter
BoE's Haldane: We have not yet hit peak globalisation #economy #MarketScreener https://t.co/BAMp44H0w2 https://t.co/yUYhes88V2,2,twitter
BOJ Seen Staying on Hold This Week After Abe Stimulus: Survey,2,twitter
Brazil Caps Record-Breaking Easing Cycle With Final Rate Cut,2,twitter
Canadian Banks Have Succulent Yields. https://t.co/QaD9D53X7f #economy #business #trading,2,twitter
Central Bank of Philippines : Bangko Sentral ng Pilipinas Convenes the Financial Education...… https://t.co/mFmcU9A7EI,2,twitter
Central banks must evolve to help governments fight coronavirus https://t.co/mfSJuTKUDm,2,twitter
"Chair Powell presents the Monetary Policy Report to the Senate Committee on Banking, Housing, and Urban Affairs:… https://t.co/TAfePghHQO",2,twitter
Chairman Jerome Powell speaks after Fed leaves interest rates unchanged https://t.co/lA3GN9o7em,2,twitter
"China still has room for conventional monetary expansion, but its ability to deal successfully with a crisis depend… https://t.co/jR2R3VLkOo",2,twitter
China to Price Existing Loans With New Benchmark Lending Rates #taux #MarketScreener https://t.co/PELmoyfWz4 https://t.co/Nq8pxwGr8U,2,twitter
China’s Rate Cut Also An Insurance Policy As Hong Kong Crisis Worsens,2,twitter
Chinese Media Stunner: China Will Be The Next Country To Cut Rates To Zero https://t.co/MQl6OREX0H,2,twitter
Christine Lagarde Can Face Down the ECB Skeptics,2,twitter
Cleveland Fed President Says Coronavirus Requires Careful Monitoring #economy #MarketScreener… https://t.co/YbgcgoxZPk,2,twitter
Commerzbank told to speed up restructuring by ECB https://t.co/DfFV4bgnfi,2,twitter
Coronavirus fears raise market expectations for Fed rate cut in March https://t.co/Z33zqdljVu by @bcheungz https://t.co/XwHo1ZlMR2,2,twitter
Czechs’ Unexpected Rate Hike Lifts Koruna to Seven-Year High,2,twitter
Dealers gobble up funding in Bank of Canada's first BAPF operation #economy #MarketScreener https://t.co/YmwzTi5reu https://t.co/uQPDBGe66r,2,twitter
"Derby's Take: Even Post-Coronavirus, Swollen Fed Balance Sheet Will Remain https://t.co/5uPrJkM8xc",2,twitter
Did The Fed's QEternity Just Kill A Fiscal Stimulus Deal?  https://t.co/a8f6L67zgl,2,twitter
ECB keeps rates unchanged,2,twitter
ECB's house price headache too big to solve,2,twitter
ECB's new chief Christine Lagarde has a deal for bank policymakers - cut out the open dissent and she'll spend more... https://t.co/q8kkm1J7Cz,2,twitter
Egypt's central bank governor appointed for second term -state media #economy #MarketScreener… https://t.co/D6r5mixdx5,2,twitter
Emerging-economy central banks from India to Brazil still enjoy the firepower to shore up the global economy https://t.co/cTVUGNf4vM,2,twitter
EU bank regulators lay out tougher doomsday stress test https://t.co/4DMWnZSihp,2,twitter
European Central Bank keeps key deposit rate at -0.5%,2,twitter
"Expect next round of virus stimulus by May, and somewhere in the $1.5 trillion neighborhood - FBN, citing Wall Stre… https://t.co/TIHDm8kJnl",2,twitter
Explainer: How the Fed's latest move will get money to Main Street #economy #MarketScreener https://t.co/x3pgUHAqsa https://t.co/NtM1SzX2fR,2,twitter
Exploration deepens into central bank digital currencies,2,twitter
"Fed Adds $72.8 Billion to Markets, Balance Sheet Moves to $4.07 Trillion--Update #economy #MarketScreener… https://t.co/am5nGCnG5b",2,twitter
Fed Aims a Half-Trillion Dollar Liquidity Hose at Year-End Risks,2,twitter
"Fed bombards credit markets with limitless pledge, but investors barely respond https://t.co/KfTfB94OD1",2,twitter
"Fed Chair Jerome Powell says  “Low rates are not really a choice anymore, they are a fact of reality' https://t.co/IblPVbnP0s",2,twitter
Fed Chairman Jerome Powell puts lawmakers on notice that fiscal policy may need to play a bigger role countering do… https://t.co/gQ6Eee8hhs,2,twitter
Fed Chairman Powell thought it was 'terrific' that a senator defended him against Trump https://t.co/VyMW1XR0OM,2,twitter
"Fed Has Given Economy a Cushion and Should Cut Mid-Year, Economist Swonk Says",2,twitter
"Fed Intervenes With $45.55 Billion Weekend Repo, But Overall Liquidity Ticks Down https://t.co/luXKbrLrXC",2,twitter
"Fed is ‘super-glued’ to its seat until after the election, economists say after stellar jobs report https://t.co/WgE7fNtuQu",2,twitter
Fed is now effectively the 'lender of last resort' to Main Street not just Wall Street https://t.co/acyqwv78jZ,2,twitter
"Fed is watching virus effects, flags 'elevated' business debt in report",2,twitter
Fed Monitoring Coronavirus Outbreak and Risks for Broader Disruptions -- 4th Update #economy #MarketScreener… https://t.co/KnkPKhBHHM,2,twitter
Fed nominee Judy Shelton faces bipartisan concerns in Senate https://t.co/av7l6k1mk7,2,twitter
Fed nominee Shelton gets bipartisan grilling in Senate https://t.co/lJXCmNEKuU,2,twitter
Fed policymaker says more evidence needed for rate cut https://t.co/bmwrgql7zj,2,twitter
Fed Preparing to Purchase New Small Business Payroll Loans https://t.co/iz5xKoWFwC,2,twitter
"Fed Provides More Liquidity; Phase 1 Trade Deal, But No Corroboration On Jobs Report",2,twitter
Fed Pumps $70.2 Billion in Short-Term Liquidity Into Markets #currency #MarketScreener https://t.co/H1YtUn9FoK https://t.co/Nrvkw9LLnm,2,twitter
Fed Repo Action Oversubscribed in Clamor for Year-End Funds,2,twitter
"Fed report: #OpportunityOccupations, jobs that don’t require a 4-yr #collegedegree & pay above the national annual… https://t.co/Elr1SXOcDD",2,twitter
Fed says it will provide financing against new 'payroll protection' loans #economy #MarketScreener… https://t.co/A4ierJsls4,2,twitter
"Fed says Powell met with Trump, Mnuchin on Monday at White House",2,twitter
Fed sets up facility to create secondary market for new small business loans https://t.co/nu8LLQC4rJ,2,twitter
Fed to beat a faster retreat from repo market https://t.co/jEGsYl2DvM,2,twitter
Fed to establish facility to facilitate lending to small businesses via SBA's PPP by providing term financing backe… https://t.co/41GvG98U17,2,twitter
Fed Unveils Major Expansion of Market -2- #economy #MarketScreener https://t.co/Flf1QDVuCH https://t.co/yzwBwPp89h,2,twitter
Fed Unveils Major Expansion of Market Intervention -- 4th Update #economy #MarketScreener https://t.co/2bnBJUcxTD https://t.co/0RgMApfhO8,2,twitter
"Fed warranty: will keep rates unchanged until 2021, or until there is a 5% drop in stocks, whichever comes first",2,twitter
Fed: Powell stressed policy dependent on incoming information,2,twitter
Fed’s Jerome Powell steered divided committee toward policy shift in effort to bolster economy  https://t.co/3PucAE0bbf,2,twitter
Federal Reserve Bank of St. Louis President James Bullard said that the U.S. should declare a three-month break for… https://t.co/cAhdYJWnk9,2,twitter
Federal Reserve Board announces termination of enforcement actions with Discover Financial... #Stock… https://t.co/sMoeOMo1N8,2,twitter
Federal Reserve Chairman Jerome Powell came close to acknowledging that the central bank may not have the firepower… https://t.co/jl7rxYgzcW,2,twitter
Federal Reserve Continues To Step Up. https://t.co/aCj2ASpOba #stocks #markets #economy,2,twitter
Federal Reserve just saved the stock market from the worst of the coronavirus pandemic -it may be time to invest ag… https://t.co/nRWrlgdlEZ,2,twitter
Federal Reserve lowers community bank leverage ratio https://t.co/SXUmdUzINW https://t.co/dyT4UYvJT2,2,twitter
Federal Reserve Shows Specifically How Much Uncertainty Has Hurt the Stock Market,2,twitter
Federal Reserve System publishes annual financial statements: https://t.co/TjqI5AXBCq,2,twitter
Federal Reserve to backstop Payment Protection Program loans https://t.co/YTnMrTby81 by @bcheungz https://t.co/HiWgPrK4Su,2,twitter
Fed's Bullard: Don't take the economy's temperature until July 1 https://t.co/qqv1J5MgAd,2,twitter
Fed's Kaplan says revisiting some stress testing rules could help ease repo  pressures,2,twitter
Fed's Kaplan Sees Risks to Outlook as 'Fairly Balanced',2,twitter
"Fed's Kaplan Talks Economic Outlook, Trade and Credit Spreads",2,twitter
Fed's Mester says policymakers want to prevent 'lasting damage' to the economy https://t.co/VYMW1cZvaW https://t.co/Mut4kwmdby,2,twitter
Fed's Mester says she opposed recent series of rate cuts but called it a 'close call',2,twitter
"Fed's Mester sees 'downside risk' from coronavirus, but does not want to cut rates https://t.co/P6XtdRcjNI",2,twitter
"Fed's Mester sees U.S. economy performing well, coronavirus a 'big risk' #economy #MarketScreener… https://t.co/fHOfgB9n6R",2,twitter
"Fed's Mester would have preferred no rate cuts in July, September",2,twitter
Fed's Powell disputes notion that federal welfare programs are dissuading Americans from seeking work https://t.co/IpK9Fa1fOO,2,twitter
Fed's Powell to update on economy Thursday in webcast statement #economy #MarketScreener https://t.co/w8Mog9t66T https://t.co/liSE7rRvh4,2,twitter
Fed's Powell: U.S. economy 'resilient' but coronavirus a risk #economy #MarketScreener https://t.co/du44jHD8eC https://t.co/Y8Cv1f4Ksm,2,twitter
Fed's Rosengren urges patience in considering policy changes,2,twitter
Fed's Williams says interest rates policy is in a good place but 'not locked-in',2,twitter
Finance ministers and central bank governors from the Group of 20 nations joined an emergency call on Monday https://t.co/61CFPU3q2M,2,twitter
"Financial conditions are in the driver seat for investors and the Fed rate decisions, says Jeffrey Rosenberg of Bla… https://t.co/hDyPx6PZca",2,twitter
Former Federal Reserve chairwoman Janet Yellen thinks America's banks should slam the brakes on dividends to make s… https://t.co/66zg0Sd0of,2,twitter
Futures traders are no longer fully pricing in a quarter-point cut from the Federal Reserve next year after the U.S… https://t.co/iiGPzuKrF6,2,twitter
Helicopter money is a valid tool for central bankers https://t.co/M0nfifXDoS,2,twitter
Helicopter Money Might Be the ECB’s Best and Worst Options,2,twitter
Hellenic Exchanges : Transactions by Eurobank Equities (regulated information - Law 3556/2... #HellenicExchanges... https://t.co/xpZ379riaL,2,twitter
Hellenic Exchanges : Transactions by National Bank of Greece (regulated information - Law ... #HellenicExchanges… https://t.co/BpeiSxTRq5,2,twitter
"Here is what the People’s Bank of China is really up to
https://t.co/FUmGGvzCam",2,twitter
Honduras - DRM Development Policy Credit with a Catastrophe Deferred Drawdown Option (Cat DDO) #economy… https://t.co/ZsxtwAt8FS,2,twitter
IMF African Department Director Abebe Aemro Selassie will be on @CNBCAfrica today at 5pm Lagos Time (12pm DC Time)… https://t.co/xMWhTEke42,2,twitter
IMF and World Bank consider #Somalia eligible for debt relief on initial assessment. This is an important milestone… https://t.co/mnGkqZxsWb,2,twitter
IMF to continue new-loan talks with Ukraine in coming weeks #economy #MarketScreener https://t.co/z7E36jR1i8 https://t.co/MQQ8AxnaGI,2,twitter
"In ""Unprecedented"" Move To Ease Conditions, ECB Cuts Collateral Haircuts By 20%, Will Accept Greek Debt As Collater… https://t.co/SU2jKATE3I",2,twitter
"In first #MENA emergency financing, the IMF approved US$745 million to support #Tunisia's efforts to address the hu… https://t.co/j5dfvZCBza",2,twitter
India Unveils Steps for Bad Loan-Laden Banks to Boost Credit,2,twitter
Indonesia’s central bank sounded a more cautious tone on interest rates https://t.co/XvYExp61ZH,2,twitter
Inflation remains low and Fed Chairman Jerome Powell has as good as ruled out a rate increase unless price growth p… https://t.co/EMQ6vAOo55,2,twitter
Interest rate conditions of the Magyar Nemzeti Bank effective from 8 April 2020 #economy #MarketScreener… https://t.co/LtgoxFiEBO,2,twitter
"It may seem odd for the Federal Reserve to buy ETFs, but it's not unprecedented for a central bank -œ Japan did it f… https://t.co/Tm7u3av8zC",2,twitter
"It was 7 years ago that Jerome Powell said ""we look like we are blowing a fixed-income duration bubble right across… https://t.co/eJHWtlyGo4",2,twitter
"Italian banks ready new measures as economy stops, but debt goes on https://t.co/ZMrEl3ZDOL https://t.co/AB8Hpn3BLN",2,twitter
"James Bullard, President of the Federal Reserve Bank of St. Louis, discusses the Federal Reserve's ""planned tempora… https://t.co/NEVONwysvh",2,twitter
Japan panel warns against fiscal complacency amid low rates #taux #MarketScreener https://t.co/bgHBLjLZaW https://t.co/6F4t7RytXF,2,twitter
Jerome Powell told lawmakers Tuesday that the Fed will never declare victory on one of its mandates: full employment https://t.co/lnEGDrhUln,2,twitter
Kenya Cuts Rates After Scrapping Loan-Price Cap to Boost Growth,2,twitter
Kenya’s central bank lowers interest rates for the first time in 16 months https://t.co/7SQ003stA9,2,twitter
Kenya’s central bank lowers interest rates for the first time in 16 months https://t.co/yQpS4kMTOD https://t.co/ExAA5O8fT1,2,twitter
Komileva: Central Banks Far from Normalizing,2,twitter
Lagarde Says All the Blame Can’t Be Dumped on ECB Negative Rates,2,twitter
Latin America Price Surprise Fails to Move the Dial on Rate Bets,2,twitter
Lawmakers interviewed gave Fed Chairman Jerome Powell high marks for his unwillingness to be drawn into a spat with... https://t.co/hHopJ74bbw,2,twitter
"Liquidity Warning: Fed Shrinks Overnight Repos By $20BN, Term Repos By $10BN | Zero Hedge https://t.co/NP2ocBHkvr",2,twitter
LIVE NOW: Press conference with #FOMC Chair Powell: https://t.co/sh1FXgYlwr and https://t.co/FJa6TbkDMt,2,twitter
LIVE: Fed Chair Jerome Powell delivers remarks at the decade's last FOMC meeting https://t.co/4wAYSuWpHF,2,twitter
"LIVE: Fed Chair Jerome Powell speaks on today's decision to hold rates ▶️

https://t.co/Wfg74SaImY",2,twitter
"Market participants submitted bids for nearly twice what was on offer in the Fed’s 42-day term repo operation, whic… https://t.co/qIqTKdQtpk",2,twitter
Mexico's central bank defends autonomy as AMLO concern lingers https://t.co/9CKZZc3uxq,2,twitter
"Monetary policy is in the 'right place', Fed's Williams says",2,twitter
"Monetary Policy Statement - March 24, 2020 (24.03.2020) #Stock #MarketScreener https://t.co/BkGvDXrRZL https://t.co/DaEOwqXxuI",2,twitter
Monetary Policy: Das’ Draghi Encore Comes With Risks,2,twitter
"Monetary Policy: RBI Returns To A More Active Credit Policy To Boost Retail,  MSME Credit",2,twitter
MPC Decision: MPC Keeps Rates On Hold Amid ‘Highly Uncertain’ Inflation Outlook,2,twitter
N.Y. FED'S 42-DAY REPO OP. OVERSUBSCRIBED; $49.05B OF BIDS,2,twitter
New BoE governor makes plea to Brussels on City access https://t.co/5X7rXAAsHG,2,twitter
New developments added to @FedFRASER's COVID-19 timeline in the latest week: second historic rise in unemployment i… https://t.co/o4yYfNRbhA,2,twitter
"New staff study by Kenneth Garbade examines the efforts of the Federal Open Market Committee to first control, and… https://t.co/seVxzGnVOu",2,twitter
New York Fed opens registration for commercial paper funding facility https://t.co/K5ZI55Mei5 https://t.co/eUnLPyar0E,2,twitter
New York Fed to further reduce repo support https://t.co/weKgRz0LMd https://t.co/UR8cWv9xZN,2,twitter
New York Fed to start publishing SOFR averages in March https://t.co/O0sIXhkddG,2,twitter
"New Zealand’s central bank doesn’t expect its new bank capital rules to present a headwind for the economy, which l… https://t.co/YXwseGIYHw",2,twitter
Next BoE governor makes City access plea to Brussels https://t.co/3HVBMfL9Ze,2,twitter
Norway's central bank governor warns politicians against meddling too much with the country's massive sovereign wea… https://t.co/H7bqZcQjoi,2,twitter
Now available: Weekly data on the Assets and Liabilities of Commercial Banks in the United States: https://t.co/Q478LdiYLB #FedData,2,twitter
"NY Fed Offers First Year-End Repo, Adds $93.5 Bln in Cash Banks Seek Liquidity
https://t.co/twaYHd2PDZ
@mdbaccardax",2,twitter
Off the 'QT': Does Federal Reserve nominee Judy Shelton have a balance sheet problem? https://t.co/masWFSb9oB https://t.co/RyPS7DYCC3,2,twitter
"Once we have more clarity about the new coronavirus outbreak, expect interest rates to rise, says Quicken Loans CEO… https://t.co/OOv4bsPKpX",2,twitter
Orr May Signal Readiness to Cut Rates as Virus Hits New Zealand's Economy,2,twitter
Parkmead : Bank of Jamaica 14-Day Repo Auction Announcement -25 November 2019 #Parkmead #Stock #MarketScreener… https://t.co/cMHuPB7ZFM,2,twitter
"Patrick Harker, President of the Philly Fed, is due to speak now.",2,twitter
PBOC Tells Property Speculators That ‘Homes Are For Living In’,2,twitter
PBOC Will Resolve Risks Gradually as Downward Pressure on Chinese Economy Has Increased #economy #MarketScreener… https://t.co/wMzcC38OfV,2,twitter
Peter Conti-Brown On The CARES Act And The Expanding Fed-Treasury Relationship In Response To COVID-19.… https://t.co/5rEILyYuNC,2,twitter
"Powell's 'half-full' U.S. glass sturdy but still at risk for spills as Fed meets
https://t.co/HPxoBCxi3B https://t.co/NQqEENkR6e",2,twitter
President Trump meets with Fed Chairman Powell to discuss economy,2,twitter
Press release on the Monetary Council meeting of 7 April 2020 #economy #MarketScreener https://t.co/vSMuCNmMuE https://t.co/13ghOSot3X,2,twitter
Property Lenders Surge After India Central Bank Eases Cash Rules,2,twitter
QE Infinity: So It Begins. https://t.co/HppY8KK3fV #business #stocks #stockmarket,2,twitter
Rate futures surge as coronavirus seen pushing Fed to ease https://t.co/Fi8x6k42Ap https://t.co/MPjtg6wicr,2,twitter
Read the latest FOMC statement https://t.co/VCPbCo6m61,2,twitter
"Regional Fed leaders favored holding rates steady for now, but that any worsening of novel coronavirus could affect… https://t.co/tcZzqWkz52",2,twitter
Rise of the intangibles is pushing down on central bank rates - BoE's Haskel https://t.co/3gYMZ51yzI https://t.co/yFeH07V30c,2,twitter
Robert Kaplan Says Fed Should Hold Barring ‘Material’ Change in Outlook,2,twitter
"Russia Delivers Sixth Straight Rate Cut, Signals Further Easing",2,twitter
"Russian and Romanian Rate Decisions, Commodity Chaos: Eco Day",2,twitter
Saudi Arabian Monetary Agency : SAMA Licenses HalalaH and BayanPay Companies #SaudiArabianMonetaryAgency #economy… https://t.co/mCmqEEmaP0,2,twitter
SBI Cuts MCLR-Based Lending Rates By 5 Basis Points Across Tenors,2,twitter
Sizing Up the Fed's Historic Coronavirus Crisis Intervention #Samp;P500 #economy #MarketScreener… https://t.co/o4qzaZPUeG,2,twitter
South African Reserve Bank : Regulatory relief measures and guidance to the banking sector...… https://t.co/kXm8dScZTn,2,twitter
St. Louis Fed President Jim Bullard recommends declaring a  “National Pandemic Adjustment Period' and discusses thre… https://t.co/o942U7BKPI,2,twitter
"Stock market live updates: Former Federal Reserve Chair Janet Yellen said the economy is in the throes of an ""absol… https://t.co/2xqOHCLmEe",2,twitter
Stock Market Update: President Trump meets with Fed Chair Powell,2,twitter
"Sweden's Riksbank underscores its commitment to zero interest rates, despite cutting its inflation forecast https://t.co/cqDzr8JVZ9",2,twitter
"Swedish central bank set to keep rates steady on Feb. 12, and through 2021: Reuters Poll",2,twitter
Thailand's central bank faces a fresh battle to contain the baht's strength,2,twitter
The Bank of England is launching an extra weekly liquidity facility after banks' demand for cash soared at its regu… https://t.co/N8q2VXLg5u,2,twitter
"The Bank of Israel extends its pause in interest rates, surprising most economists https://t.co/8lydT0Ph6e",2,twitter
The ECB dived into the fight to save the economy with 34 billion euros of bond purchases last week https://t.co/JNSEDvs9lt,2,twitter
The ECB ramped up its government bond buying program even before it boosted quantitative easing by an extra $805 bi… https://t.co/bYKZM2CTjP,2,twitter
The ECB will accept junk-rated Greek government bonds as collateral as part of wide-ranging measures to ease lender… https://t.co/8Kx1J07gTl,2,twitter
"The ECB will probably decide to take better account of home costs in its inflation measure, but there's unlikely to… https://t.co/Kg9elTbD90",2,twitter
The Fed and the Treasury will start buying debt issued by banks that lend through the government's small businesses… https://t.co/ZE7SV2CCmR,2,twitter
The Fed and Treasury Department are planning to launch a program to buy loans that financial firms make through the… https://t.co/DUUAXs3yzq,2,twitter
"The Fed announced a massive second wave of initiatives to support the U.S. economy, many specifically targeting com… https://t.co/6wgz15jypX",2,twitter
"The Fed announced new programs to help markets, the NYSE begins trading remotely today, and Trump activated the Nat… https://t.co/6QWlnqOWDy",2,twitter
The Fed Faces a Housing Conundrum,2,twitter
The Fed is going all in to try and ramp up the economy. Will it be enough? Insights via @CMEGroup https://t.co/BpEqm1utJ9,2,twitter
The Fed is going all in to try and ramp up the economy. Will it be enough? Insights via @CMEGroup https://t.co/RxmrkDKQOa,2,twitter
The Fed is going to buy ETFs. What does it mean? https://t.co/t0Gh4NVwfQ,2,twitter
The Fed Is Now Buying Investment Grade Bond ETFs Like LQD  https://t.co/ZQC24DFN3L,2,twitter
"The Fed is on hold for now, but it might not take much to change that",2,twitter
The Fed may be about to get a lot more involved in the bond market (via @bopinion) https://t.co/WxC8AWRRaS,2,twitter
The Fed plans to lend directly to companies outside the banking system. Former Fed Governor Narayana Kocherlakota s… https://t.co/WIJjtKBYJD,2,twitter
The Fed Says 'Helicopter Money' Is Here. https://t.co/JRqmtSRtbf #stocks #business #stockmarket,2,twitter
The Fed sidesteps a bickering Congress with sweeping rescue plan https://t.co/SBxYPhDR2q,2,twitter
The Fed took the lid off QE. Here's how the central bank has been responding to the coronavirus crisis… https://t.co/z51VeD10Tb,2,twitter
The Fed will create a new facility to help speed support to small businesses through the government's coronavirus s… https://t.co/M22EUfsoP9,2,twitter
The Fed will launch a barrage of programs aimed at helping markets function more efficiently in the wake of the cor… https://t.co/kSh6hJKgyo,2,twitter
The Fed’s interventions are aimed at ensuring that the financial system has enough liquidity and that short-term bo… https://t.co/cwaCeyj97h,2,twitter
The Federal Reserve assured the nation that the Central Bank has an essentially limitless ability to provide liquid… https://t.co/43Z7zVmKtL,2,twitter
The Federal Reserve Bank of New York added liquidity to financial markets Thursday in what is effectively a short-t… https://t.co/XWjrSLEXbj,2,twitter
The Federal Reserve is signaling it will do whatever it takes to save the coronavirus-ravaged American economy from… https://t.co/EB9feds0vx,2,twitter
"The Federal Reserve is wading into the $3.9 trillion municipal-bond market. 

But the central bank still has more l… https://t.co/CVR76uG6LQ",2,twitter
The Federal Reserve on Monday announced a massive second wave of initiatives to support a shuttered U.S. economy https://t.co/24MqL6jTmM,2,twitter
The Federal Reserve on Monday once again stepped in to shore up the lending market as it rolled out an array of pro… https://t.co/9U9ndPky3a,2,twitter
The Federal Reserve on Monday rolled out an extraordinary array of programs to backstop an economy reeling from res… https://t.co/uCAEJ41Rzs,2,twitter
"The Federal Reserve took more extraordinary measures to keep the economy from seizing up, but it can't soften the b… https://t.co/SsvXAyhVr3",2,twitter
The Fed's Emergence as a Power Player Poses New Risks to Its Independence #economy #MarketScreener… https://t.co/hwe3xwwGma,2,twitter
"The IMF has three main roles: economic policy advice, lending, and capacity development. How did we serve our 189 m… https://t.co/XreOyj15Bu",2,twitter
The IMF is providing emergency financial assistance to member countries facing the economic impact of the #COVID19… https://t.co/Vu7rLIfpN7,2,twitter
The IMF may launch a new program that could back up the Fed's campaign to keep dollars flowing in the global economy https://t.co/wOOa8e7wX6,2,twitter
The IMF says that Uganda will spend as much as a fifth of government revenue on interest payments https://t.co/upwkLxCclO,2,twitter
"The man about to become Britain's top central banker says the U.K. should be free to change its own rules, ahead of… https://t.co/K7CYXMDfaf",2,twitter
"The New York Fed said it will shrink its repurchase agreement operations further, starting with Friday's overnight… https://t.co/eAhxhyAocY",2,twitter
"The NY Fed said it accepted $25 billion in bids, from a total of $49 billion placed at the central bank  https://t.co/qmdK6LGP1t",2,twitter
The quarterly handoff in Treasury shorts is riskier than normal https://t.co/BlFNMTJ4Pw,2,twitter
The Russian government tapped its sovereign wealth fund to purchase the central bank's 50% holding in the country's… https://t.co/XNbtGWFcog,2,twitter
"The St. Louis Fed is proud to assist @USTreasury in presenting Your Guide to America’s Finances, an annual snapshot… https://t.co/1VqagVX5ok",2,twitter
The stricken Bank of Jinzhou will unload $21 billion of assets to the central bank for less than a third of theirÃ‚Â r… https://t.co/xGuCP9lBlH,2,twitter
The target for the overnight interbank funding rate is decreased by 25 basis points #Stock #MarketScreener… https://t.co/pUpRxfyNco,2,twitter
"The U.S. should declare a 3-month break for nonessential businesses, says St. Louis Fed president https://t.co/vsE3wjGyHk",2,twitter
"The worst scramble for cash is happening in an opaque corner of the market, where the Fed has little control, write… https://t.co/1ZddVnhX3j",2,twitter
"Today, the IMF Executive Board approved a disbursement of €176.5 million to #NorthMacedonia. This financial suppor… https://t.co/hloz3ZRGNH",2,twitter
Traders are now trying to get ahead of the Fed's purchases https://t.co/UTF5phTB1V,2,twitter
Traders Maintain Amount of Fed Easing Seen in 2020 After Jobs,2,twitter
Trump doubles down on lower rates at Powell meeting,2,twitter
"Trump says he talked about interest rates, dollar strength with Powell",2,twitter
Tunisia eyes IMF talks in March on sixth review of loan deal -minister #economy #MarketScreener… https://t.co/9eio1gEMyk,2,twitter
Turkey is trying to stop emergency loans intended to boost its economy during the coronavirus slowdown from fueling… https://t.co/EcSwShpQGl,2,twitter
Two Regional Fed Chiefs Lay Out Aggressive Coronavirus Response -- Update #economy #MarketScreener… https://t.co/9OUm67AaSL,2,twitter
Two top BOE officials suggested that the UK financial system's rules may have to diverge from the EU's after Brexit https://t.co/85NEJl6fLm,2,twitter
"U.S. banks cram for Fed risk test, with ripple effects in repo #economy #MarketScreener https://t.co/Hvz8lXjRl0 https://t.co/Dg0f2nRHHP",2,twitter
"U.S. Fed buys $427 million of mortgage bonds, sells none https://t.co/ezA4AiwOlC https://t.co/z4h3yRWGTj",2,twitter
U.S. to Block Iran's Request to IMF for $5 Billion Loan to Fight Coronavirus -- Update #economy #MarketScreener… https://t.co/n3Crpty48r,2,twitter
"U.S. Treasury, Fed working on 'Main Street,' municipal loan facilities - Mnuchin #economy #MarketScreener… https://t.co/xlHUAdkJG9",2,twitter
UK banks' dollar demand rises to $3.555 billion: BoE repo operation https://t.co/D5YDDpaj13 https://t.co/licT21042C,2,twitter
UK watchdog gauging how virus affects plan to retire Libor https://t.co/B1wWDKFasL https://t.co/3ZDXFQvGtE,2,twitter
US Fed admits Libra has potential to ‘rapidly’ achieve mass adoption,2,twitter
US Treasury To Ask For $200 Billion More In Small Business Loans https://t.co/MpQKXdG9Xt,2,twitter
Vital conversations happen all around the Eighth Federal Reserve District. One of the ways we listen is through our… https://t.co/tsLMen6MSn,2,twitter
Watch Fed Chairman Jerome Powell's news conference live https://t.co/AbOHHqlbeA,2,twitter
Watch Live: Fed Chair Powell Avoid Admitting QE4 Has Begun & Repocalypse Is Imminent https://t.co/BlKwurqscz,2,twitter
WATCH: Fed Chair Powell holds a press conference following the FOMC's unanimous decision to leave interest rates un… https://t.co/od2QG12LGo,2,twitter
"'We know that there will be very likely some effects on the United States', said the Fed chairman Jay Powell about… https://t.co/eAeVR5GUm2",2,twitter
Well laid plans at the Federal Reserve keep getting blown off course by the trade war (via @RichMiller28 &… https://t.co/ESn0p1N19h,2,twitter
What the Fed meeting minutes could say about interest rates that Powell didn't say,2,twitter
What to look for when Fed Chair Powell meets with Congress this week,2,twitter
Will the Fed provide any stimulus to the U.S. economy? Look to the equities market for clues. Insights via @CMEGroup https://t.co/zk1s08F1zW,2,twitter
"With coronavirus ravaging the US economy, the Federal Reserve may have to get creative. CNN Business'… https://t.co/wqKtHN3mVC",2,twitter
"With latest moves, Fed becomes creditor in chief for U.S. business #economy #MarketScreener https://t.co/LjIQ3iMwmv https://t.co/CY4JHRFSxb",2,twitter
World Bank could deploy $150 billion over 15 months in coronavirus battle - Malpass #economy #MarketScreener… https://t.co/lU5FmuUBUa,2,twitter
World Bank Suggests Creating ‘Brand Northeast’,2,twitter
"Yellen says the Fed doesn't need to buy equities now, but Congress should reconsider allowing it https://t.co/ms6Y9qvmUK",2,twitter
Zimbabwe Central Bank Reverses Policy and Halves Key Rate to 35%,2,twitter
"""I’ve owned the Apple Card for 3 months…this is why it sucks."" https://t.co/ngzSpdvFPK",0,twitter
"""That's Not Safe! Somebody's Going To Die!"": Senator Markey Slams Tesla Autopilot At Commerce Committee Hearing https://t.co/PHvFLxKnQu",0,twitter
"""We Totally Failed As A Business"": Unicorn Scooter Impales Investors After Company Goes Hooves-Up https://t.co/otp1fQAFgj",0,twitter
"$300,000 Pilot Jobs Drying Up in China After Boeing Grounding",0,twitter
$AAL - American halts flights to Mainland China https://t.co/zQIKTbqqUk,0,twitter
$AMGN - Partial response in Amgen brain cancer study https://t.co/6sAXBkTCST,0,twitter
$AXAS - Abraxas Petroleum: Poor Liquidity Points To A Chapter 11 May Be On The Horizon. https://t.co/bdKkXTKDOL… https://t.co/PG849ZPziP,0,twitter
$AXAS - Abraxas Petroleum: Poor Liquidity Points To A Chapter 11 May Be On The Horizon. https://t.co/bdKkXTKDOLâ€¦ https://t.co/PG849ZPziP,0,twitter
$BA - 737 MAX crisis claims job of Boeing's top communications official https://t.co/FwntvthN9F,0,twitter
$CAT - Caterpillar sees more weak demand ahead as firms defer capital decisions https://t.co/CzAxE8TDL1,0,twitter
$CBAY: CymaBay Therapeutics halts clinical development of Seladelpar based on initial histological findings observe… https://t.co/v8K1pQPrsK,0,twitter
$CORV - FDA advisory committee thumbs down on Correvio's Brinavess for AF https://t.co/vLfvDUDw9v,0,twitter
$CTSO: CytoSorbents says temporarily pausing enrollment of REFRESH 2-AKI study at the recommendation of its Data... https://t.co/6ibg4NhPh1,0,twitter
$LJPC - La Jolla Pharma to reassess development of LJPC-401 https://t.co/sJITlHYGuz,0,twitter
$LK - Citron and Muddy Waters at odds over Luckin Coffeee https://t.co/gkLLQ0bBQA,0,twitter
$UBER - Uber CEO comments on London license loss https://t.co/ppLtG1r4lP,0,twitter
$UN $UL - Unilever U.S. recalls some chicken products https://t.co/jLN7s2LAd7,0,twitter
"“Vaping is taking us backward,” CVS Health CEO Larry Merlo says. “Something has to be done.” https://t.co/CwxbCtXvWW https://t.co/NBv10IejXx",0,twitter
2020 Will Be Another Year of Pain for Tanger,0,twitter
"After Growing 16% In 2 Years, Why Did Lowe’s Number Of Stores Decrease?",0,twitter
Airbus : Boeing deliveries halved in first eleven months of 2019 #Airbus #Stock #MarketScreener… https://t.co/5Ux2IqpCAP,0,twitter
Apple closing all China stores and offices,0,twitter
"Apple saw China iPhone units fall in November, Credit Suisse says",0,twitter
"As a reminder, JPMorgan remains the riskiest bank with the highest GSIB score of any bank and a 4.0% surcharge. https://t.co/8jTxnywzqM",0,twitter
"As Liquidation Threat Looms, Jet Airways Bidders Still Not Ready",0,twitter
Axonics launches $110M equity offering; shares down 3% after hours,0,twitter
BlackRock admonishes Siemens for environmental actions,0,twitter
Boeing deliveries halved in first eleven months of 2019 https://t.co/aNHnf3f89F https://t.co/LHeC37Q814,0,twitter
Boeing Forced to Halt 737 MAX Production,0,twitter
Boeing to suspend 737 Max production in January,0,twitter
"Boeing, suppliers slip as Wall Street counts MAX halt costs",0,twitter
"Boeing's halt to 737 MAX production could ding U.S. economy, jobs",0,twitter
Breaking - United $UAL suspends flights to China as coronavirus outbreak continues,0,twitter
Bristol-Myers' Opdivo + Yervoy disappoints in melanoma study,0,twitter
Bumble Bee files for bankruptcy after $25 million fine for tuna price fixing https://t.co/nLaDnUUmKh,0,twitter
"Bumble Bee Foods filed for bankruptcy, blaming its ""recent and significant legal challenges."" https://t.co/kFYH8KrLKA",0,twitter
Burberry says coronavirus hurting luxury demand,0,twitter
Burberry Says Viral Epidemic Devastates China Sales,0,twitter
BW Group trims its stake in DHT Holdings,0,twitter
California department to reject Sezzle's application for lending license in state,0,twitter
Canadian National Laying Off Workers,0,twitter
Carmakers close Chinese factories because of coronavirus,0,twitter
China’s Coronavirus Set To Dampen Economic Growth In The United States,0,twitter
Coronavirus reports hang over cruise line sector,0,twitter
CORRECT: Tapestry estimates 2020 negative impact of $200 mln-$250 mln from coronavirus outbreak in China,0,twitter
"CORRECTED-Nissan recalls nearly 400,000 vehicles over braking system defect (Nov. 16)",0,twitter
Credit Suisse's Top Investor Wants Chairman to Follow CEO Out,0,twitter
Delta and American airlines halt flights to China in response to coronavirus https://t.co/XtxOndVRIg,0,twitter
"Delta has decided to temporarily suspend all flights from the US to China from February 6 through April 30, due to... https://t.co/vJLfdbPhvV",0,twitter
Disney+ faces backlash over 'The Simpsons' aspect ratio,0,twitter
DNA testing company Veritas Genetics is suspending American operations and cutting all U.S. staff after a financing… https://t.co/LZZNsdU41T,0,twitter
Efforts to save South African Airways by placing it into bankruptcy protection hit a snag https://t.co/ptXgcTsac7,0,twitter
Electrolux to incur $70 million charge for U.S. overhaul,0,twitter
Expedia's Problems Run Deeper Than SEO Headwinds,0,twitter
Facebook under fire as political ads vanish from archive: FT https://t.co/4gXYZZSiWR https://t.co/NIfMVvmsj3,0,twitter
Factbox: Automakers close factories in China due to virus outbreak,0,twitter
Finnair cancels 276 flights as unions join solidarity strike #FinnairOyj #Stock #MarketScreener… https://t.co/j4PMDAs2cI,0,twitter
"Ford Recalls More Than 500,000 Pickups for Fire Risk",0,twitter
Ford risks Mustang fan backlash with SUV: They'll need to pry gas-powered Mustangs from 'my cold dead fingers',0,twitter
Frozen Wells Fargo Bonuses Show a Peril for Bankers After Crisis,0,twitter
"FTC's Look Into Facebook A 'Negative Development,' Says RBC's Mahaney",0,twitter
Gilead's Second CAR-T Treatment Suffers the Same Issues as Yescarta,0,twitter
Goldman partner embroiled in 1MDB scandal exits bank - FT https://t.co/uiXjEqyc6e https://t.co/cV1UlIMIB4,0,twitter
"Gulfport Energy to stop share buybacks, cut jobs; Houston to leave board",0,twitter
Harvest Health becomes latest cannabis company to scale back a previously-agreed deal,0,twitter
"Hexo's Q1 Report Could Be Ugly, Says Cantor Fitzgerald",0,twitter
Honda may keep Wuhan plants closed longer due to outbreak: Nikkei,0,twitter
"Hong Kong Airlines to cut 400 jobs, ask employees to take unpaid leave: SCMP",0,twitter
"Hong Kong Airlines to cut 400 jobs, operations as coronavirus hits travel",0,twitter
"Hyundai Motor, Kia Motors to keep Chinese factories idled until February 16",0,twitter
IFA Irish Farmers Association : HAND IN LETTERS OF PROTEST TO MEAT INDUSTRY IRELAND AND MI... #IFA #economy… https://t.co/xxnZ8OgPnG,0,twitter
"In a sharply worded letter, HP told Xerox it has “significant concerns about both the near-term health and long-ter… https://t.co/xYlMfujdGg",0,twitter
"ING's Fourth-Quarter Results Were Quite Challenging, Says CFO",0,twitter
J.C. Penney Again at Risk Of NYSE Delisting,0,twitter
Jaguar Land Rover to cut output at two UK factories,0,twitter
La Jolla Pharma to reassess development of LJPC-401,0,twitter
La Jolla Pharmaceutical to reassess continued development of LJPC-401 based on clinical results,0,twitter
Lifeblood of Amazon merchants threatened as coronavirus infects Chinese workers,0,twitter
Loonie dips as Bank of Canada official points out uncertainties,0,twitter
L'Oreal CEO says coronavirus will hamper sales in coming weeks,0,twitter
L'Oreal Expects Short-Term Virus Hit,0,twitter
Lowe's says it will shut 34 stores in Canada,0,twitter
Luckin Coffee and Yum China hit again by coronavirus anxiety,0,twitter
"Macy's says weather, soft tourism and weak performance at lower-tier malls weighed in Q3",0,twitter
"Mitsubishi postpones SpaceJet delivery again, books $4.5 billion special loss",0,twitter
"Nike to record $425 mln charge as it transitions brand business in Brazil, Argentina, Chile, Uruguay to distributor partnerships",0,twitter
Nike Warns Coronavirus Is Presuring Sales in China,0,twitter
Nintendo Switch Shipments to Japan Delayed by Coronavirus,0,twitter
Nissan orders deep spending cuts - Reuters,0,twitter
Novartis to cut 150 jobs at Shanghai site in shift to commercial development,0,twitter
NTSB calls on Boeing to redesign thousands of 737s,0,twitter
NTSB chair criticizes Uber's safety culture,0,twitter
Nutrien : to Shut Down Rocanville Mine for Two Weeks Due to CN Strike #Nutrien #Stock #MarketScreener… https://t.co/7RnmPSYg3X,0,twitter
Oracle’s Need for ‘Steep’ Sales Climb Leaves Street Cautious,0,twitter
"Participation Of BSNL, MTNL In Spectrum Auction May Lead To Conflict Of Interest: Department Of Telecom",0,twitter
Peter Thiel Divides Facebook Internally Over Ad Policy (Radio),0,twitter
PG&E loses half of financial backing for bankruptcy plan,0,twitter
Pizza Hut's Struggling Turnaround Weighs on Yum Brands Results,0,twitter
Protest forces AngloGold to suspend Guinea gold production,0,twitter
Qualcomm Projects Uneven Sales Growth on Pickup of 5G,0,twitter
Royal Mail Labor Trouble Throws Long-Term Targets Into Jeopardy,0,twitter
Royal Mail Labor Troubles Put Long-Term Targets in Jeopardy,0,twitter
Russia's Rusal faces tough market for aluminium even after sanctions dropped,0,twitter
"S. African Airways Cuts Foreign, Local Routes to Stay Afloat",0,twitter
Saputo Canadian Closures Show How Much Dairy Industry Is Hurting,0,twitter
Sell-siders on board with Bristol-Myers Squibb's Q4 & outlook,0,twitter
SoftBank Group Corp.’s massive investment in WeWork triggered a multi-billion-dollar writedown and a rare apology f… https://t.co/PogaY0B09Z,0,twitter
"Some gamers accessing Google's new cloud gaming platform, Stadia, through a Chromecast Ultra dongle are reporting trouble… https://t.co/t6dCbMr0C3",0,twitter
Sparkle fades as coronavirus risks wiping out luxury goods growth,0,twitter
"Steel Giant to Axe 3,000 Jobs as Crisis Rips Through Europe",0,twitter
Swiss investor adviser Ethos calls for Credit Suisse overhaul after spying,0,twitter
Tesla Cybertruck debut drew ridicule online after the newly-unveiled model’s armored glass windows cracked like spi… https://t.co/3h9ch5lK1r,0,twitter
Tesla Zealotry on Street Fades as Focus Shifts to Fundamentals,0,twitter
Tesla's Return to Profitability Is Not Sustainable,0,twitter
"Teva, Bausch Could Be Next to File for Bankruptcy",0,twitter
"The reveal of the Tesla $TSLA #Cybertruck didn't go quite as expected... but moving on, there's a few specs you sho… https://t.co/wYnwjcjnEF",0,twitter
"The Supreme Cannabis Company, Inc. Consensus Forecasts Have Become A Little Darker Since Its Latest Report",0,twitter
Thiel driving FB division on political ads - WSJ,0,twitter
"Three of the largest US airlines -- Delta, American and United -- have canceled more flights between the United Sta... https://t.co/fY9qG2bXpa",0,twitter
TikTok looks to diversify users as U.S. pressure mounts,0,twitter
"Toyota keeps China plant output stopped through February 16 as virus hits supply, logistics",0,twitter
"Toyota, Honda Extend China Shutdowns as Virus Gathers Pace",0,twitter
Trading on the News Adds a Risk Premium to Shares of American Micro Devices,0,twitter
Trans Mountain expansion costs soars to C$12.6B - report,0,twitter
TSB to axe at least 15% of branches in cost-cutting drive https://t.co/8c17g12zuC,0,twitter
"TSB to close 82 branches, slash costs in strategy overhaul https://t.co/RWpUxn2xTH https://t.co/TUTUh0Au4G",0,twitter
"TSB to cut 82 branches in strategy overhaul, up to 400 may go https://t.co/D9inDP0OOQ https://t.co/w2h4hTfFyz",0,twitter
"Tullow to Cut 40% Jobs in Kenya, Focus on Investment Decision",0,twitter
Uber co-founder Travis Kalanick has sold $1.5 billion worth of the company's stock this month https://t.co/ZLtMcVtFcp,0,twitter
Uber co-founder Travis Kalanick sold $1.5 billion of the company's stock this month https://t.co/L5f47o9NnD,0,twitter
Uber Loses License In London,0,twitter
Uber Loses London License (Again),0,twitter
Uber may be about to lose the right to operate in London https://t.co/PWXX1xSAOj,0,twitter
"UBER SAYS AWARE OF APP NOT LOADING, WORKING TO RESOLVE IT",0,twitter
Uber's license will not be renewed in London over safety concerns https://t.co/n6NCmvWaGt,0,twitter
'Unfit' Uber loses London license over safety failures,0,twitter
'Unfit' Uber stripped of London license #economy #MarketScreener https://t.co/wgqFijpV50 https://t.co/clmEwq2cJK,0,twitter
Unilever : Recalls Some Lipton and Knorr Products Due to a Poultry Supplier's Recall #Unilever #Stock… https://t.co/FxpwjQYkXh,0,twitter
United joins Delta and American in suspending flights between the U.S. and mainland China. United's flight suspensi... https://t.co/5ZtcJXzf7O,0,twitter
UPDATE 1-Bristol-Myers misses main goal of late-stage skin cancer trial,0,twitter
UPDATE 1-CymaBay Therapeutics scraps liver disease studies; shares plunge,0,twitter
UPDATE 1-FDA declines to approve Adamis Pharma's Zimhi to treat opioid overdose,0,twitter
Vans parent VF Corp. says 60% of China owned and partnered stores are closed over coronavirus,0,twitter
"Vans parent VF Corp. says 60% of China stores are closed over coronavirus, to update guidance in May",0,twitter
Vietnam's budget carrier VietJet Aviation JSC will suspend all of its fights to China February 1 amid the novel cor... https://t.co/nWRl3RDuIy,0,twitter
Walmart Inc.’s Jet subsidiary is ending its fresh-food delivery business just a year after introducing the service… https://t.co/MpzLxKX3cW,0,twitter
Walmart Pulls The Plug On Jet.com 'City Grocery Experience',0,twitter
Walmart's Jet is ending its fresh-food delivery business just a year after introducing the service in New York City https://t.co/Y8sI7u2mmB,0,twitter
"WATCH: Cosmetics maker Coty, faced with weak sales, is expected to start an auction process in December and consume… https://t.co/qSW2swob2C",0,twitter
WeWork Layoffs: 10 Things to Know About the Upcoming Job Cuts,0,twitter
WeWork set to lay off thousands - NYT,0,twitter
WeWork’s Path to Survival Is Narrow and Perilous,0,twitter
What went wrong at Tesla's Cybertruck launch? Hear from Bloomberg's Ed Ludlow @EdLudlow who was there https://t.co/chEHrylNx7,0,twitter
"Why I'm Cutting Netflix -- and Millions of Americans Might, Too",0,twitter
Why London Has Banned Uber — Again,0,twitter
$PBR - Petrobras expects lower April production; makes oil discovery https://t.co/kSkaXkxlze,0,twitter
$PSX $VLO $HFC - Phillips 66 cuts rates at Bayway refinery on weak cracks - S&P Global https://t.co/0sOtRQG5t5,0,twitter
$XOM - Exxon's Baton Rouge refinery cuts production on low demand - Reuters https://t.co/xRIss6avLy,0,twitter
Exxon is cutting billions of dollars in investments to keep its financial footing during the worst oil-price rout i… https://t.co/QoPqAc2J9a,0,twitter
"WATCH: Exxon Mobil, the largest U.S. oil producer, said it will cut planned capital spending by 30% this year https://t.co/pewe0L13xG",0,twitter
"Freddie Mac Prices $731 Million Multifamily K-Deal, K-F74  https://t.co/c31iovNuJy",0,twitter
$AAPL - Apple forecasts 100M+ 5G iPhone sales - report https://t.co/QhkaVvX1fZ,1,twitter
$AQST FDA approves Aquestive's ALS treatment https://t.co/7g7ZbrkoqF via @YahooFinance,1,twitter
$AQST: Aquestive Therapeutics confirms FDA approval for Exservan Oral Film for the treatment of amyotrophic lateral… https://t.co/PIRPvqJ4s7,1,twitter
$BA $EADSY $EADSF - Boeing reports 30 orders of 737 MAX in November https://t.co/zOOFn8b2ip,1,twitter
$CNK - Cinemark Holdings (CNK) Presents At Southwest Ideas Investor Conference - Slideshow. Get more updates here:… https://t.co/vdvcgOsGLP,1,twitter
$DIS $SNE - Disney now sees $110M-$120M for 'Frozen II' https://t.co/I59tzaKreO,1,twitter
$DMPI DelMar Pharmaceuticals Presents Positive Interim Data of VAL-083 Demonstrating Favorable Outcomes...… https://t.co/5WbTTriTwV,1,twitter
$HEPA Hepion Pharmaceuticals Successfully Advances to Next Dosing Level in Ongoing Multiple Ascending Dose Clinical Study of CRV431,1,twitter
$ICPT: Intercept Pharma announces FDA acceptance of New Drug Application for obeticholic acid seeking accelerated... https://t.co/31L0KiSWEZ,1,twitter
$IONS $AKCA $AKCA - Akcea and Ionis launches late-stage AKCEA-TTR-LRx study https://t.co/ybDZfFkp0Z,1,twitter
$LDOS - Leidos bull positive on DoE contract win https://t.co/KCDOa63aHE,1,twitter
$LMT - Lockheed Martin missile test goes off well https://t.co/gYVX1UzVqD,1,twitter
$OYST: Oyster Point Pharma reports positive top-line results from the Phase 1 ZEN Study https://t.co/3fKa6WS85r,1,twitter
$PAC - Grupo Aeroportuario Del Pacifico reports 10.1% rise in November traffic https://t.co/1tr3oiR6mE,1,twitter
$PTCT: PTC Therapeutics announces that the FDA has granted priority review for the New Drug Application for... https://t.co/EIQ7MgrPSc,1,twitter
$RADA - RADA Electronic announces $12.5M in new orders https://t.co/wEocrRMgtL,1,twitter
$SGEN - Seattle Genetics earns drug approval in Canada https://t.co/Q1co2SGurS,1,twitter
$TAK: Takeda Pharma presents long-term data for ALUNBRIG; demonstrates continued Superiority after two years https://t.co/RPW80FKq6S,1,twitter
$TEVA - Teva inks early-stage drug research deals https://t.co/yqK6GHv0Ff,1,twitter
$X $MT $TMST - U.S. Steel hikes HRC prices by $30/ton; steel stocks rise https://t.co/6iAnyB79Sa,1,twitter
"A Closer Look At Asbury Automotive Group, Inc.'s (NYSE:ABG) Impressive ROE",1,twitter
Ad Group Publicis Keeps Guidance in Sign That Worst May Be Over,1,twitter
AECOM recognized with national award for U.S. Federal small business program excellence,1,twitter
Airbus racks up strong January orders,1,twitter
Amani Gold : Secures Gold Dealers License in Tanzania #AmaniGold #Stock #MarketScreener https://t.co/fUr63A7aVB https://t.co/AHlEWGRAtq,1,twitter
Amazon Employees Surge Toward 1 Million,1,twitter
Amazon says it signed up new Prime service members in record numbers in the U.K. this week when it aired Premier Le… https://t.co/SM7E7PiVsL,1,twitter
Amazon to create 500 new jobs in Florida as it plans to open a distribution center,1,twitter
Amazon to create 500 new jobs in Florida as part of plans to open a fulfillment center in Auburndale,1,twitter
Amazon to create 500 new jobs in Mississippi as it builds a 2nd fulfillment center in the state,1,twitter
Amazon to create 500 new jobs in Mississippi as it builds new fulfillment center,1,twitter
AMD launches 7nm GPU for workstations; shares +4%,1,twitter
Analysis: Popeyes Chicken Sandwich Translates To Surge In Foot Traffic,1,twitter
Analysts positive on New Relic's investor event,1,twitter
Apple Averted An iPhone Fiasco With Phase 1 Trade Deal,1,twitter
Apple forecasts 100M+ 5G iPhone sales - report,1,twitter
Apple Just Put the Swiss Watch Industry to Shame,1,twitter
Apple's iPhone 11 'massive' success - Wedbush,1,twitter
ArcelorMittal More Optimistic on Steel Demand Outlook for 2020,1,twitter
ArcelorMittal sees 2020 steel pick-up as debt hits low,1,twitter
"As Uber, GrubHub and Postmates battle over cities, Doordash is thriving in the suburbs https://t.co/U7tr1vKX5x",1,twitter
Azul's January traffic rose 29.1%,1,twitter
"Baidu Leads the Way in Innovation with 5,712 Artificial Intelligence Patent Applications  https://t.co/btciiZtLpZ",1,twitter
"Blue Apron to offer 'diabetes-friendly' menus this month, stock rallies",1,twitter
Boeing reports 30 new orders for the troubled 737 Max in November https://t.co/jGejqEi0oT,1,twitter
Brazilian food delivery app iFood looks to grow in retail in 2020,1,twitter
Canopy Growth gets Health Canada license for beverage facility,1,twitter
"Canopy Growth Obtains Health Canada License For Beverage Facility, Now Has All 'Cannabis 2.0' Licenses",1,twitter
China EV startup Byton receives California distributor license,1,twitter
Cipla’s India Arm Will Show Market-Beating Growth In Next Few Quarters: CEO Vohra,1,twitter
Coca-Cola Breaks Down a Record Quarter,1,twitter
Conoco Plans Share Buyback That's Almost 50% of Market Value,1,twitter
"Consensus is Being Reached Over Eskom Debt, Cosatu Says",1,twitter
"CuriosityStream, a streaming service devoted to science and nature has quietly amassed 10 million subscribers, more… https://t.co/bh8ZZdSJWv",1,twitter
Dana extends buyback program,1,twitter
Deutsche Bank Plans Bigger Bonuses at Asset Management Division,1,twitter
Dunkin' Brands Accelerates Growth Into 2020,1,twitter
Electronic Arts Breaks Down a Record Quarter,1,twitter
Eli Lilly to create 100 jobs in Indianapolis as it adds capacity to its technology center campus,1,twitter
"Elon Musk says Tesla has 187,000 orders for its Cybertruck, less than 48 hours after the broken-glass reveal https://t.co/AtBQDgnjUP",1,twitter
"Elon Musk says Tesla has amassed more than 200,000 orders for its Cybertruck, even after two windows unexpectedly s… https://t.co/KL1H0oIjfL",1,twitter
"engage:BDR : 25 New Clients, Revenue Growth & Balance Sheet Improvements #engage:BDR #Stock #MarketScreener… https://t.co/bwNFFeO1w4",1,twitter
Extreme Networks board authorizes $100 mln share buyback,1,twitter
FDA accepts Bioepis' application for Avastin biosimilar,1,twitter
"FDA Approves Sarepta's Second DMD Drug, Analyst Projects $500M-Plus Opportunity",1,twitter
FDA OKs Zogenix's Fintepla for Dravet syndrome,1,twitter
Ford invests more in Michigan,1,twitter
"Ford to Add 3,000 Jobs at Michigan Plants, Invest $1.45 Billion",1,twitter
"Ford to invest $1.45 billion in two Detroit plants, add 3,000 jobs",1,twitter
Former ConsenSys executive says Bitcoin will increase ‘stability for the average person’,1,twitter
Grupo Aeroportuario reports 10% increase in January traffic,1,twitter
Hecla's Fourth Quarter Continues a Strong Second Half Of 2019,1,twitter
Highlight 2019: Ruyi Group Records Strong Development and Growth,1,twitter
"HollyFrontier OKs new $1 billion stock buyback program, to build new renewable diesel unit",1,twitter
"HollyFrontier outlines new biodiesel project, to buy back $1B in shares",1,twitter
HollyFrontier sets new $1 bln share repurchase program,1,twitter
How Nordstrom Is Benefiting From Direct-to-Consumer Brands,1,twitter
How Target has morphed into a model for avoiding the retail apocalypse https://t.co/pfetquaLsu,1,twitter
How the Rise of At-Home Fitness Services Could Benefit Lululemon Athletica,1,twitter
Imagination TV announces new share buyback program,1,twitter
"India Business Will Show Market-Beating Growth In Next Few Quarters, Says Cipla CEO",1,twitter
Invora™ Herbicide Receives EPA Federal Approval,1,twitter
"JUST IN: For the first time since January, orders for Boeing’s troubled 737 Max airplanes incrementally rose last m… https://t.co/myUZbIwzbP",1,twitter
Karuna Therapeutics 'cautiously optimistic' about schizophrenia drug results in next trial: CEO https://t.co/p4vsl99X3m,1,twitter
Kazia Announces Positive Interim Efficacy Data From GDC-0084 Phase Ii Studyin Glioblastoma Released at SNO Conferen… https://t.co/Bn7gXP51EJ,1,twitter
Kodak Is Having a Comeback Moment as Oscars Embrace Film,1,twitter
L’Oreal Expects to Outperform Rivals Amid Temporary Virus Hit,1,twitter
"Lincoln Eyes Growing Market for $50,000 Rides: Auto Show Update",1,twitter
Matinas Rides Amarin's Coattails as Vascepa Wins FDA Panel Vote,1,twitter
"McDonald's could be the key to $1 billion in sales for Beyond Meat, UBS says https://t.co/Yszf0Gfz93 by @heidi_chung https://t.co/ToTuDKhmBI",1,twitter
McDonald's could sell over 250 million Beyond Meat burgers in U.S. annually: UBS https://t.co/MzJGYLg3yr https://t.co/xutRTYhqcI,1,twitter
"Medical Properties Trust, Inc. Completes 2019 With Record $4.5 Billion in Acquisitions for 64% Growth Rate and Delivers Market-Leading Shareholder Returns",1,twitter
Merck and Bayer's vericiguat successful in late-stage heart failure study,1,twitter
Merck's Keytruda OK'd in Europe for first-line HNSCC,1,twitter
'Merge Magic!' helps Zynga top bookings estimates,1,twitter
Milestone’s Expansion Continues; Opens Big Spring Facility in Northern Midland Basin,1,twitter
"Musk suggests Tesla has 187,000 orders for Cybertruck - tweet #ElonMusk #baron #MarketScreener… https://t.co/cFon5dnm1m",1,twitter
Netflix Inc.’s internal data suggests the streaming giant hasn’t been hurt yet by the launch of rival services from… https://t.co/wz2tbKruNf,1,twitter
Nokia Results Beat Provides Some Relief to Tested Investors,1,twitter
NXP Semi will resume buybacks,1,twitter
Osram Has a Robust Start to Fiscal Year 2020,1,twitter
Palantir Wins New Pentagon Deal With $111 Million From the Army,1,twitter
Prothena (NASDAQ:PRTA) Is In A Good Position To Deliver On Growth Plans,1,twitter
"Ram is making moves in the truck wars, with U.S. sales roughly tripling in the last 10 years. Watch the full video… https://t.co/P5wtyDXN3p",1,twitter
Report: Apple's Fortunes In China Turn Around After iPhone 11 Launch,1,twitter
"Roku Leads In Subscriber Battle With Apple, Amazon",1,twitter
Saint-Gobain North America Announces Largest Renewable Energy Deal in Company’s 354-Year History,1,twitter
Sanofi eyes more growth this year as it narrows focus,1,twitter
SB Financial announces extension of share repurchase program,1,twitter
Scorpio Tankers' Bugbee buys 2K call option contracts for $450K,1,twitter
Seattle Genetics earns drug approval in Canada,1,twitter
"Smart Timing for a ""Grand Theft Auto"" Sequel Could Deliver Huge Gains for Take-Two Interactive",1,twitter
"SocGen CEO: Confident We Can Improve Net income, Profitability in 2020",1,twitter
Spotify Adds Most Subscribers Ever in Fourth Quarter,1,twitter
Spotify's More Confident Than Ever in Its Podcast Strategy,1,twitter
Stock Market Update: ConocoPhillips forecasts $50 billion free cash flow over ten years,1,twitter
StoneCo allayed some investor concerns over competition with solid growth https://t.co/2JD5cA71d1,1,twitter
"SunExpress exercising options to buy 10 additional Boeing 737 MAX 8 planes, valued at $1.2 bln",1,twitter
SurveyMonkey CEO: Our data shows Uber could raise prices because 'people are addicted' to app https://t.co/51xhXDlTSf,1,twitter
Swedish gearmaker Ericsson expects 2.6 billion 5G subscriptions by end of 2025 https://t.co/WLnBwVZiaq https://t.co/3vB1JqvJ2L,1,twitter
Takeda Announces 18-Month Data from Pivotal Phase 3 Trial of Dengue Vaccine Candidate Met All Secondary Endpoints… https://t.co/ljQtGsqLWy,1,twitter
Target has morphed into a model for how to avoid the retail apocalypse https://t.co/LY3p19otVo,1,twitter
"Tesla Cybertruck Hits 200,000 Orders Just Days After Botched Launch",1,twitter
"Tesla’s Cybertruck doesn’t look street legal, but pre-orders are pouring in https://t.co/pOSWuIscRN",1,twitter
Tinyclues Announces Major Growth in 2019,1,twitter
Toyota in Growth Mode Defies Slowdown in Global Vehicle Demand,1,twitter
"Tri Global Energy Maintains Lead in Texas Wind Energy Development Projects, Launches Expansion into New States",1,twitter
Twitter's First Billion-Dollar Quarter,1,twitter
U.S. grants Huawei 90-day extension of business license,1,twitter
"U.S. interest positive for Ericsson, says top owner Cevian",1,twitter
Uber To Profit From Better Pricing Environment: Singh (Radio),1,twitter
Uber's new roadmap to profitability draws Wall Street praise,1,twitter
Unilever sees Lipton as still attractive,1,twitter
UPS resorted to asking temp workers to use their own cars to keep up with a record-breaking holiday season https://t.co/PXeXSNB6UA,1,twitter
"Very Optimistic About 2020, Says Bank Albilad CEO",1,twitter
Visa R&D Arm Develops a Blockchain System That Could Replace Financial Data Aggregators,1,twitter
Volaris reports 18.4% growth in January traffic,1,twitter
Volkswagen reveals exotic-sounding ID. Space Vizzion electric wagon at Los Angeles Auto Show,1,twitter
Walmart announced that it plans to open 500 new stores in China over the next five to seven years. That would more… https://t.co/jRIRz4x6hi,1,twitter
Walmart has announced that it plans to open 500 new stores in China over the next five to seven years. That would m… https://t.co/u6Y0TKU2Ss,1,twitter
Walmart Marks A Five-Year Streak Of Quarterly Sales Gains And Turns To A Robotic Future,1,twitter
"Wearables Sales Surge, Bolstering Apple Stock",1,twitter
"Wetherspoon plans new pubs around Britain, creating 10,000 jobs https://t.co/2VCkehRW9s https://t.co/naZskECdpp",1,twitter
"Wetherspoons plan to create 10,000 jobs met with scepticism https://t.co/6UCEHfW6T1",1,twitter
What is Yandex? Here's a look at the company that's beating Google in Russia. https://t.co/zEFylkETf0 https://t.co/VOzL5jGbRK,1,twitter
Why Disney+ is the only service that can rival Netflix,1,twitter
Why Popeyes foot traffic soared in the third quarter: RPT,1,twitter
Why Profits From Amazon's Cloud Business Could Be About to Soar,1,twitter
Wynn Resorts confident on post-virus recovery,1,twitter
Wynn Resorts expected to bounce back strong,1,twitter
$CPST - Eagle Ford producer orders another Capstone C800S https://t.co/dhi3LiIgx7,1,twitter
$CVX - Chevron prepares to restart oil output on Saudi-Kuwaiti border https://t.co/j8kjIXSngt,1,twitter
Commodities trader Trafigura reports a record year in oil and metals https://t.co/8l4XoE7kMC,1,twitter
$KOS - Kosmos inks Greater Tortue LNG supply deal with BP https://t.co/0a3CT4hQP6,1,twitter
$NVEE - NV5 receives $34M LNG contract https://t.co/il2wdWhMGB,1,twitter
$PBR: Petrobras Brasileiro on new oil discovery in Campos Basin https://t.co/oBbU68VkXm,1,twitter
Brasileiro S A Petrobras : Petrobras on new oil discovery in Campos Basin  #Stock #MarketScreener… https://t.co/z4Cv2zQSqv,1,twitter
$AAPL - india confirms iPhone exports https://t.co/6ccIWkfSML,2,twitter
$AGIO: Agios Pharma presents new phamacodynamic and response data from both cohorts of perioperative study of... https://t.co/BLj4lmvnRJ,2,twitter
$ALXN said that it will maintain an active dialogue with shareholders and welcomes constructive impact” https://t.co/nPMG69yiLb,2,twitter
$ALXN: Alexion Pharma issues statement in regards to discussions with Elliott Management https://t.co/YmM7bRuzgm,2,twitter
$ASMB - Assembly Biosciences (ASMB) Presents At Jefferies Global Healthcare Conference - Slideshow. Get more info o… https://t.co/MtfizeNa33,2,twitter
$AXL - American Axle & Manufacturing (AXL) Investor Presentation - Slideshow. Subscribe to Seeking Alpha for more:… https://t.co/QBilGNkYMD,2,twitter
"$BA - Boeing debuts first 737 MAX 10, largest version of embattled plane https://t.co/6OsMio0V0J",2,twitter
"$BA CORRECTION: 737 MAX 10 makes debut at Renton, Washington Factory - Bloomberg",2,twitter
"$BABA - Alibaba, Manchester United sign streaming pact https://t.co/720C8lT1zj",2,twitter
$BAYRY: Bayer AG submits application to EMA for use of rivaroxaban in children with venous thromboembolism https://t.co/zhjz5RLwZ8,2,twitter
$BIIB - Biogen (BIIB) Presents Aducanumab Phase 3 Topline Results - Slideshow. Read more and get updates on any sto… https://t.co/FOEG9uCja1,2,twitter
$BMY - Bristol-Myers Squibb (BMY) Presents At American Society Of Hematology Annual Meeting - Slideshow. Get more u… https://t.co/4zuofGIzKQ,2,twitter
$BMY - Bristol-Myers Squibb Prescribed For The Newborn Portfolio. Keep reading: https://t.co/MjOY8vsnmo #investing #markets #stocks,2,twitter
$BMY $XLRN - No Ad Com review for Bristol-Myers' luspatercept for MDS https://t.co/YTvakZMTT3,2,twitter
$BRKS - Brooks Automation (BRKS) Investor Presentation - Slideshow. Get more updates here: https://t.co/5agFZ1mXOh… https://t.co/1zs7gcr8uR,2,twitter
$CARA - Cara Therapeutics (CARA) Investor Presentation - Slideshow. Follow this and any other stock on Seeking Alph… https://t.co/OPyNnK4rN7,2,twitter
$COP - ConocoPhillips (COP) Investor Presentation - Slideshow. Keep reading: https://t.co/iSocNAQhv9 #investing #markets #finance,2,twitter
$CREG - China Recycling completes warrant exchange offer https://t.co/UYsq59ThYE,2,twitter
$CRSP - Crispr Therapeutics (CRSP) Investor Presentation - Slideshow. Keep reading: https://t.co/oloYgHLePX #business #investing #trading,2,twitter
$CS - Credit Suisse power struggle mounts - Bloomberg https://t.co/rn1V98jRFH,2,twitter
$CVX - Chevron CEO planning major cost-cutting initiative - Reuters https://t.co/22rLMaOW3N,2,twitter
$CWBHF - Charlotte's Web announces underwritten offering https://t.co/sztUW2bVmi,2,twitter
$DAN - Dana (DAN) Presents At Barclays Global Automotive Conference - Slideshow. Read more: https://t.co/Qjy5FqzFQy… https://t.co/pYliENEAnG,2,twitter
$DCP - DCP Midstream (DCP) Presents At RBC Capital Markets Midstream Conference - Slideshow. Read more and sign up… https://t.co/PIQchMtrNZ,2,twitter
$DVAX - Dynavax Technologies (DVAX) Investor Presentation - Slideshow. Keep reading: https://t.co/0PSKHmnw4g #finance #trading #stockmarket,2,twitter
"$DVN $DOW - Devon Energy, Dow to jointly develop Oklahoma shale acreage https://t.co/eCS90hUh92",2,twitter
"$EC: Ecopetrol plans to invest an expected $4.5-5.5 bln in 2020, 25% to 53% higher than the estimated 2019 figure... https://t.co/20Fue6Os6N",2,twitter
$EHTH - eHealth: Another Prescription For A Healthy Beat And Raise. https://t.co/y6x6CCuKH7 #trading #finance #markets,2,twitter
$ENB $ENB $CVE - Enbridge says Mainline plan opponents stalling for time https://t.co/tRuhfNl8if,2,twitter
$EPD - Enterprise Products Partners (EPD) Presents At RBC Capital Markets Midstream Conference - Slideshow. Follow… https://t.co/1mXgfJmOF2,2,twitter
$EPR - EPR Properties sells Charter School portfolio for $454M; lowers FFO guidance for 2019 https://t.co/M3AcW52osx,2,twitter
$FATE: Fate Therapeutics presents new preclinical data for FT819 https://t.co/3Y3QOyRYbZ,2,twitter
$FB - Facebook built app for real-time face recognition - report https://t.co/MFOuEHJp1Z,2,twitter
$FLOW - SPX Flow (FLOW) Presents At 7th Annual Industrials Conference - Slideshow. Follow this and any other stock… https://t.co/6HrSH9bKz0,2,twitter
$FOX $FOXA - Fox sells out Super Bowl ad slots early https://t.co/ZluO3PcXxY,2,twitter
$GEL - Genesis Energy (GEL) Presents At RBC Capital Markets Midstream Conference - Slideshow. Sign up for updates o… https://t.co/HLgr9igXC2,2,twitter
$GOOG - Alphabet's Loon closer to Kenya launch https://t.co/UbTp3i4Zte,2,twitter
$GOOG $GOOGL - Google Cloud Print ending next year https://t.co/YoXNBo5hQ2,2,twitter
$GS - Goldman teams with startup to explore quantum computing - WSJ https://t.co/imM34FiRog,2,twitter
$GTX - Garrett Motion (GTX) Presents At Barclays Global Automotive Conference - Slideshow. Get more info on Seeking… https://t.co/3atvLsDx1g,2,twitter
"$HPQ: HP sends letter to Xerox (XRX), reiterates rejection of proposal https://t.co/ndq3aAwthD",2,twitter
$IPPLF - Inter Pipeline to spend $935M on Heartland polypropylene plant https://t.co/7xumG0ldPI,2,twitter
$ISR - IsoRay to offer total solution in head and neck cancer https://t.co/IDVbpH0SkQ,2,twitter
$JELD - Jeld-Wen Holding (JELD) Presents At 7th Annual Industrials Conference - Slideshow. Keep reading:… https://t.co/HBFMzKUVj8,2,twitter
$KGC - Kinross Gold (KGC) Presents At 23rd Annual Western Institutional Investor Conference - Slideshow.... https://t.co/3GHkbeYsRj,2,twitter
$KRTX - Karuna Therapeutics (KRTX) Presents At Piper Jaffray Healthcare Conference - Slideshow. Read more and get u… https://t.co/rOH5m2Aw6q,2,twitter
$KZR Kezar Life Sciences Highlights Therapeutic Potential of Protein Secretion Inhibitors at the 61st American Soci… https://t.co/jFFu7R9I6T,2,twitter
$LASR - nLIGHT (LASR) Investor Presentation - Slideshow. Subscribe to Seeking Alpha for more:… https://t.co/08AyOeTPAD,2,twitter
$LDOS - Leidos wins DoE contract https://t.co/DACUA3kFd3,2,twitter
$LJPC: La Jolla Pharm says will reassess continued development of LJPC-401 (synthetic human hepcidin) based on... https://t.co/Su3WyKkyFN,2,twitter
$LK calls @BlackBox_Team https://t.co/f0cvVLxwvW,2,twitter
$LMT - Lockheed Martin (LMT) Presents At 7th Annual Industrials Conference - Slideshow. Subscribe to Seeking Alpha… https://t.co/T5tYeGIq7H,2,twitter
"$LSCC - Lattice unveils FPGA platform, products https://t.co/XvIDUz9rch",2,twitter
"$LYFT - Lyft Has 99 Problems, But This Ain't One. https://t.co/I9yToDTye5 #markets #stockmarket #stocks",2,twitter
$M - Macy's to test new concept https://t.co/GDPbKYfu65,2,twitter
$MCD $BYND - Sky-high projection on McDonald's P.L.T sales https://t.co/G9y6kNSm6A,2,twitter
$MMLP - Martin Midstream Partners (MMLP) Presents At RBC Capital Markets Midstream Conference - Slideshow. Get more… https://t.co/yQtP60wVl0,2,twitter
$MNTA - Momenta Pharma launches $200M stock offering https://t.co/twgG4AQ1jx,2,twitter
$MRNA trademark - WUHAN CORONA VAX https://t.co/0Dd4ke2Jar,2,twitter
$MSFT $WORK - MSFT's Teams joins Slack on Linux https://t.co/a3EPajypRW,2,twitter
$OC - Owens Corning wins spot on Goldman's Conviction List https://t.co/LVtTiJR5T9,2,twitter
$OCUL - Ocular Therapeutix (OCUL) Presents At Jefferies Global Healthcare Conference - Slideshow. Sign up for updat… https://t.co/7etAotM3V4,2,twitter
$OKE - ONEOK (OKE) Presents At RBC Capital Markets Midstream Conference - Slideshow. Continue reading:… https://t.co/MCuoODzYHH,2,twitter
$OMCL: Omnicell highlights strategic priorities and long-term financial targets at investor & analyst day https://t.co/BVifWUzbXK,2,twitter
"$OPTT in the recent conference call, CEO said, No need to raise funds.",2,twitter
$ORN - Orion Group Holdings (ORN) Investor Presentation - Slideshow. Get more info on Seeking Alpha:… https://t.co/x6ZUXNNMNg,2,twitter
"$PHUN Mobile advertising company Phunware(PHUN) has landed President Trump's re-election campaign as a client, the… https://t.co/6JgNZIRAoe",2,twitter
$PJC - Piper Jaffray Companies (PJC) Investor Presentation - Slideshow. Subscribe to Seeking Alpha for more:… https://t.co/h5HaVMCEwe,2,twitter
$PLMR - Palomar Holdings (PLMR) Investor Presentation - Slideshow. Get more info on Seeking Alpha:… https://t.co/4E7LREWtAm,2,twitter
$POOL - Pool (POOL) Presents At 2019 Stephens Nashville Investment Conference - Slideshow. Keep reading:… https://t.co/5l8I5uc2Gu,2,twitter
$PRA - ProAssurance (PRA) Investor Presentation - Slideshow. Get more info on Seeking Alpha:… https://t.co/gdhx94cy81,2,twitter
$PRTA - Prothena (PRTA) Investor Presentation - Slideshow. Read more and get updates on any stock!… https://t.co/sUP1UgLUhE,2,twitter
$PURA - Puration updates on revenue target https://t.co/nevy68Z1Oy,2,twitter
$R - Ryder System (R) Investor Presentation - Slideshow. Keep reading: https://t.co/C8ZZUcOTeE #economy #finance #stocks,2,twitter
$REGN - Regeneron Pharmaceuticals (REGN) Presents At Jefferies Global Healthcare Conference - Slideshow. Subscribe… https://t.co/VGncSdz2a0,2,twitter
$RES - RPC (RES) Presents At Southwest Ideas Investor Conference - Slideshow. Follow this and any other stock on Se… https://t.co/xKaSMZtqMp,2,twitter
$RGEN - Repligen (RGEN) Investor Presentation - Slideshow. Get more updates here: https://t.co/kK62YD35wd #markets #stocks #investing,2,twitter
$RUTH - Ruth's Hospitality Group (RUTH) Investor Presentation - Slideshow. Read more: https://t.co/GvQdcldSVo #economy #stockmarket #stocks,2,twitter
$RVNC: Revance Therapeutics submitted a BLA to the FDA for DAXI in the treatment of moderate to severe glabellar... https://t.co/G43keJ8eQ2,2,twitter
$SAEX - SAExploration gets Nasdaq non-compliance letter https://t.co/AbMzoKMQWL,2,twitter
$SFTBF $SFTBY - SoftBank backs Brazilian e-commerce software startup https://t.co/Yjla5Ixrye,2,twitter
$SGEN: Seattle Genetics: Health Canada has approved the supplemental New Drug Submission that expands the use of... https://t.co/rHk5Gxvlyv,2,twitter
$SLCA - U.S. Silica (SLCA) Presents At 2019 Stephens Nashville Investment Conference - Slideshow. Read more and get… https://t.co/8MsW0aJ30K,2,twitter
$SM - SM Energy (SM) Presents At 2019 Stephens Nashville Investment Conference - Slideshow. Read more and get updat… https://t.co/w15JWT01on,2,twitter
$SPPI - Spectrum Pharmaceuticals (SPPI) Investor Presentation - Slideshow. Sign up for updates on Seeking Alpha!… https://t.co/EeU3d0DygX,2,twitter
$SRI - Stoneridge (SRI) Presents At 2019 Stephens Nashville Investment Conference - Slideshow. Read more and get up… https://t.co/yZF3pgAoWM,2,twitter
$SSL: Sasol comments on results for half year ending 31 December 2019 https://t.co/aXAt2U6hFn,2,twitter
$SYBX another good one for next week. Webcast Presentation at the Piper Jaffray 31st Annual Healthcare Conference. https://t.co/cSQmmvGkRN,2,twitter
$TACT - TransAct Technologies (TACT) Investor Presentation - Slideshow. Sign up for updates on Seeking Alpha!… https://t.co/3ntClA6ZLL,2,twitter
"$TCCO insane, halted again...... Just 1.85M shares float, exaclty like $MYSZ lets see if we get good news to see also a big pop. Im long.",2,twitter
$TECK $RGLD - Strike ends at Teck Resources' Andacollo mine in Chile https://t.co/1uMUHsrz32,2,twitter
$TEN - Tenneco (TEN) Presents At Barclays Global Automotive Conference - Slideshow. Follow this and any other stock… https://t.co/GIiv33HlVR,2,twitter
$TITN - Titan Machinery (TITN) Presents At 2019 Stephens Nashville Investment Conference - Slideshow. Get more info… https://t.co/n2mtTU4lCn,2,twitter
$TRGP - Targa Resources (TRGP) Presents At RBC Capital Markets Midstream Conference - Slideshow. Sign up for update… https://t.co/s6lPhegpvA,2,twitter
$TRLFF - True Leaf lands license for medical cannabis production https://t.co/uTR4ltiJma,2,twitter
"$TRNX Taronis Provides Summary of Shareholder Town Hall .. Taronis Fuels generated record fourth quarter unaudited,... https://t.co/iy6qCngjJz",2,twitter
$TRP - TC Energy (TRP) Investor Presentation - Slideshow. Subscribe to Seeking Alpha for more:… https://t.co/SjTmkjUpWn,2,twitter
$TRTN - Triton International Ltd. Issuing Its Fourth Preferred Stock For The Past Year. https://t.co/dKJNrLoymo... https://t.co/t98dnEuAdv,2,twitter
$TXN - Texas Instruments (TXN) Management Presents at UBS Global TMT Conference - Transcript. Continue reading:… https://t.co/F0LilKlKy8,2,twitter
$UCBJF $UCBJF $ABBV - UCB's bimekizumab tops Humira in late-stage psoriasis study https://t.co/LHT1Kd1aTu,2,twitter
$UNG $UGAZ $DGAZ - Freeport LNG launches commercial operations https://t.co/HLhVyhEFXZ,2,twitter
$VG - Vonage Holdings (VG) Investor Presentation - Slideshow. Sign up for updates on Seeking Alpha!… https://t.co/QVdBVi8ycw,2,twitter
$VIPS - Vipshop announces business cooperation with SF Holding https://t.co/ZovfVIdE2E,2,twitter
$VIVE - Viveve Medical prices unit offering https://t.co/10BKUtJ8Cy,2,twitter
$VMD - Viemed Healthcare (VMD) Investor Presentation - Slideshow. Follow this and any other stock on Seeking Alpha!… https://t.co/73LaruXZgL,2,twitter
"$VMW - VMware, Inc. (VMW) Presents at Raymond James Technology Investors Conference (Transcript). Follow this and a… https://t.co/VeYNnau4xL",2,twitter
$VNDA - Vanda Pharmaceuticals (VNDA) Presents At Stifel Healthcare Conference - Slideshow. Subscribe to Seeking Alp… https://t.co/7AISZPTUE0,2,twitter
$VSTM - Verastem submits marketing application in Europe for Copiktra https://t.co/mQYcMbts2u,2,twitter
$WERN - Werner Enterprises (WERN) Presents At 2019 Stephens Nashville Investment Conference - Slideshow. Get more u… https://t.co/QIHwSaT3Wn,2,twitter
$WINMQ $UNIT - Windstream works to block Uniti call for summary judgment https://t.co/ilBCnJChum,2,twitter
$WKHS Workhorse Says New Loan Will Cover Electric Truck Production $DUK $GM $UPS https://t.co/qrNMz6mxbT via @benzinga,2,twitter
$WTER - Alkaline Water (WTER) Presents At Southwest Ideas Investor Conference - Slideshow. Read more and get update… https://t.co/p9Mhc99pnP,2,twitter
$WXXWY - WuXi Vaccines to Build a $240M manufacturing facility in Ireland https://t.co/Xf71YnsM17,2,twitter
$ZIOP: ZIOPHARM presents clinical data for controlled IL-12; reinforced favorable safety profile and initial data https://t.co/oQuq157aoP,2,twitter
“I think it’s a time of great transformation in retail right now.” @stitchfix CEO Katrina Lake discusses how the co… https://t.co/gQgzOBNaUg,2,twitter
“Oh my f---ing god:” Elon Musk is stunned as Tesla truck's shatterproof windows break https://t.co/ErdHvY9jh5 via @luxury,2,twitter
 100 million investment: AGRANA opens second wheat starch plant at site in Pischelsdorf (...… https://t.co/6lZoMyTy3H,2,twitter
3 Different Share Sales From the Company and Insiders Weigh on Roku,2,twitter
3 Reasons OrganiGram Should Bounce Back Big Time in 2020,2,twitter
"3M is exploring a sale of its drug delivery systems unit, which could fetch about $1 billion https://t.co/vTe9IF8sz4",2,twitter
5 Things to Know About Canopy Growth's Q3 Report,2,twitter
737 MAX grounding benefits no one - Airbus,2,twitter
7-Eleven pilots first cashierless store,2,twitter
AbbVie : Form 8.3 -  #AbbVie #Stock #MarketScreener https://t.co/QPZhKPWGjF https://t.co/AS7H0SkVG8,2,twitter
About 200 Google employees demonstrated outside the company’s San Francisco office Friday to protest the internet g… https://t.co/FZoqyx7Q9D,2,twitter
Acreage Open Its First Cannabis Cultivation Facility In The Pacific Northwest,2,twitter
Actinogen Medical : ACW 2019 AGM Chairman's Address #ActinogenMedical #Stock #MarketScreener https://t.co/4Vmdlri3vj https://t.co/1oIlWv19U5,2,twitter
Activision Blizzard Plans to Release Several Video Game Remakes in 2020,2,twitter
Adocia Announces Its Financial Calendar for 2020,2,twitter
ADS CEO news takes analysts by surprise,2,twitter
Advocacy Group Fighting Restrictions On CDLs For The Hearing-Impaired,2,twitter
ADX Energy : General Meeting Results of Meeting #ADXEnergy #Stock #MarketScreener https://t.co/fjTDZA1DuU https://t.co/V1RPmQymMO,2,twitter
AEO Inc. Reaffirms Commitment to Sustainability,2,twitter
"AEP seeking wind, solar energy in PJM",2,twitter
Aeromexico reports Januaryr traffic results,2,twitter
"After 3 major tech investments this year, welcome to McDonald’s 2.0. https://t.co/RwK72Nm0sY",2,twitter
"After cutting 4,000 jobs, GM is hiring, but not for traditional gasoline-powered vehicles",2,twitter
Agati Fund : NTA Estimate - $0.1975 #AgatiFund #Stock #MarketScreener https://t.co/3FKyrRUzCE https://t.co/6Zu7vETcrU,2,twitter
Ahold Delhaize share buyback update,2,twitter
Air Astana says signs letter of intent for 30 Boeing 737 MAX,2,twitter
Airbus emissions-free regional jet in the making,2,twitter
Alacer Gold : Corrected - Significant Extension of Ardich Mineralization #AlacerGold #Stock #MarketScreener… https://t.co/URcTa4Cai4,2,twitter
Albemarle CEO sees strong long-term lithium demand,2,twitter
Alibaba closing books early in Hong Kong,2,twitter
Alibaba global offering prices at ~2.8% discount,2,twitter
Alibaba prices Hong Kong listing to raise as much as $12.9 billion,2,twitter
"Alibaba sets price for Hong Kong listing, making it the world's biggest so far this year",2,twitter
Alibaba to pioneer paperless listing in break with Hong Kong norm - CIO New Zealand,2,twitter
Alibaba will raise up to $12.9 bln in Hong Kong listing -sources,2,twitter
Alibaba's books close early in $13.4 billion Hong Kong listing: sources,2,twitter
Alibaba's books close early in $13.4 bln Hong Kong listing -sources,2,twitter
Alkem Labs Gets Three Observations From U.S. FDA For St. Louis Facility,2,twitter
Alkermes submits NDA for ALKS 3831 for schizophrenia and bipolar I disorder,2,twitter
Allbirds co-CEO Joey Zwillinger calls out Amazon for releasing a private-label shoe that looks nearly identical to… https://t.co/xg7CCdEjSQ,2,twitter
Alliance Trust : Net Asset Value #AllianceTrust #Stock #MarketScreener https://t.co/luL6V5KzTr https://t.co/DzrqfRpBru,2,twitter
"Allied Wallet Reaches 1,000 Live Merchants in Thailand",2,twitter
Altice USA places i24NEWS on AT&T nets,2,twitter
Altria to Host Webcast From the Consumer Analyst Group of New York Conference,2,twitter
"Amazon $AMZN, for the first time, directly links comments by @realDonaldTrump to the award of the contract to Micro… https://t.co/vuQvHTMP3M",2,twitter
Amazon and Goldman Sachs Wade Deeper Into Financial Services,2,twitter
Amazon Announces First Iowa Fulfillment Center,2,twitter
"Amazon Announces First-Ever ‘Amazon Future Engineer Teacher of the Year Awards,’ Awarding Seven All-Star Teachers $25,000 Prize Packages for Exemplar Work with Students Across the Country",2,twitter
Amazon Cites Speed in Cutting Off FedEx Ground for Holiday Shipping,2,twitter
Amazon Continues to Make Stealth Moves Into Healthcare,2,twitter
"Amazon Invests Over Rs 2,500 Crore Into Amazon Seller Services, Amazon Data Services India",2,twitter
Amazon pushes cloud revolution into its second phase https://t.co/ZzKVROnsl8,2,twitter
Amazon Says More Than 99.9% of Customer Page Views Do Not Receive a Patent Infringement Claim $AMZN https://t.co/dsZBJP6Wzt @benzinga,2,twitter
Amazon set to open new grocery stores next year,2,twitter
"Amazon sites could be added to ""Notorious Markets"" list https://t.co/D4yF7dMZzO https://t.co/2kkqzvUdVl",2,twitter
Amazon Teams Up With China Upstart for Black Friday Sale,2,twitter
Amazon To Open Chinese Store As US Consumer Fades Into Darkness https://t.co/wfxhGTKHwe,2,twitter
Amazon wants to expand its cashierless ambitions with supermarkets and pop-up stores https://t.co/S1wyJlzH5Z,2,twitter
Amazon's Record 2019 in 7 Metrics,2,twitter
American Airlines : Update on China Flights #AmericanAirlines #Stock #MarketScreener https://t.co/eAIZEfMItx https://t.co/mwyp2ShN5h,2,twitter
American Express offers sign-up bonuses to lure new merchants into accepting its cards,2,twitter
"Amipure, the Ultimately Clean K-Beauty Skin Care Brand Launches in the U.S.",2,twitter
Amplitude Healthcare Acquisition prices $100M initial public offering,2,twitter
Andaz Brand Debuts in Dubai With the Opening of Andaz Dubai The Palm,2,twitter
Anglo Australian Resources NL : Exploration Update for Mandilla Gold Discovery #AngloAustralianResourcesNL #Stock… https://t.co/QRvualHOf5,2,twitter
Anna and Elsa deliver $127 million for Disney in ‘Frozen II’ https://t.co/lz1rHMtp3P,2,twitter
Another Google Worker Says She Was Fired for Labor Advocacy,2,twitter
Antares Pharma inks deal with Idorsia Pharma,2,twitter
Apple breaks ground for Austin expansion,2,twitter
"Apple breaks ground on new $1 billion Austin campus, as President Trump is set to arrive for tour",2,twitter
"Apple canceled the premiere of ""The Banker"" from the AFI festival as it looks into unspecified ""concerns"" about the… https://t.co/AAkmr1m0mN",2,twitter
Apple Contractor Tells Employees to Stay Home as Coronavirus Cases Nearly Triple,2,twitter
Apple delaying the theatrical release of “The Banker” after one of the movie’s producers was accused of assault by… https://t.co/rqPyMuLZob,2,twitter
Apple has 'deep concerns' Chinese-born ex-employees could flee country with trade secrets https://t.co/lybSDAYibb v… https://t.co/quM3HRynDB,2,twitter
"Apple is using a new app to get volunteers for research on hearing, heart disease and women's health. https://t.co/h0lcGnHyqy",2,twitter
Apple plans event to honor apps and developers,2,twitter
Apple to Dodge $150-Per-IPhone Levy If Trump Delays Tariffs,2,twitter
"Apple's new Austin campus, which is expected to open in 2022, will initially house 5,000 employees, with the capaci… https://t.co/iyTNo40Aqp",2,twitter
Applied DNA Announces Issuance of U.S. Patent Protecting its CertainT® Platform in Man-Made Cellulosic Fibers and Materials,2,twitter
Arbor Realty Trust : Funds a $12.7M Freddie Mac SBL Portfolio in Northern New Jersey #ArborRealtyTrust #Stock… https://t.co/ISwt7PW94n,2,twitter
Arconic Inc. Board of Directors Approves Separation of Company,2,twitter
ARK Invest ETFs Focus on Disruptive Companies,2,twitter
Armour Energy : Kincora Project Work Program Update #ArmourEnergy #Stock #MarketScreener https://t.co/hopwye7dAZ https://t.co/UFH7dvJHa8,2,twitter
"As Boeing Halts Max Line, Airbus Can’t Make Jets Fast Enough",2,twitter
"As the streaming market grows more crowded, Comcast's CFO suggested that the cable giant is considering a different… https://t.co/YJMrc9d2RT",2,twitter
Ashok Leyland Ties Up With lClCl Bank For Vehicle Loans,2,twitter
Asset management giant Vanguard enters PE market with HarbourVest team-up,2,twitter
AssetOwl : AGM- Results of meeting #AssetOwl #Stock #MarketScreener https://t.co/bzvh8IVU6B https://t.co/i2CIzRydLj,2,twitter
Asterion nears final close for debut fund after raising €901m,2,twitter
Aston Martin Lagonda Global Holdings Plc secured a 500-million-pound ($656 million) lifeline to restore the balance... https://t.co/sWgwapaP3K,2,twitter
"At Ford, $37 billion in the bank and strapped for cash https://t.co/SDSQF3awn5",2,twitter
"At Hermès, a $67 Lipstick Could Hint at Big Ambitions",2,twitter
"AT&T CEO talks 'Friends' reunion, Elliott intervention",2,twitter
Atlas Arteria : successfully completes institutional offer #AtlasArteria #Stock #MarketScreener… https://t.co/WTUKVvQmYh,2,twitter
ATSG Launches New Website https://t.co/Jnonz0ecWt https://t.co/dAi0UQ2ZEY,2,twitter
Audax Renovables S A : The Company sells a wind farm located in the province of Cádiz #AudaxRenovablesSA #Stock… https://t.co/hLODFPbfns,2,twitter
Audi : customer team wins Formula E season opener #AUDI #Stock #MarketScreener https://t.co/EMsluCp49r https://t.co/jFm2rbyiHw,2,twitter
"AudioCodes : Nov 25, 2019 | AudioCodes Announces Royalty Buyout Agreement with the Israel ... #AudioCodes #Stock… https://t.co/VrDJVCbDaC",2,twitter
Aurora Cannabis : Jordan Cove Energy Project Planning Document Available for Public Review #AuroraCannabis #Stock… https://t.co/CorDTf09EK,2,twitter
AusQuest : Drilling Commences at Balladonia in WA #AusQuest #Stock #MarketScreener https://t.co/mnDFWyXcYW https://t.co/WzlahKg7bF,2,twitter
Austar Gold : Extension of voluntary suspension #AustarGold #Stock #MarketScreener https://t.co/vheerRsXzI https://t.co/5JFrjWs7u6,2,twitter
Australia's Jetstar to cut capacity in January as pilots dispute drags on,2,twitter
"Auto Expo 2020: Now, Volkswagen Says India’s Electric Vehicle Market Isn’t Viable Yet",2,twitter
Avaya and the International Avaya Users Group Honor Customer Innovation at Avaya ENGAGE 2020,2,twitter
Aveo : Schemes - Final Election Results #Aveo #Stock #MarketScreener https://t.co/rhxFZ6jXXD https://t.co/yPXDpS763e,2,twitter
Avita Medical : Change in substantial holding from MS #AvitaMedical #Stock #MarketScreener https://t.co/mYwLr0k9V2 https://t.co/h5gFaMEz3H,2,twitter
Axonics prices stock offering at $22,2,twitter
Axovant's AXO-AAV-GM1 an Orphan Drug in U.S. for GM1 gangliosidosis,2,twitter
B2B software investor Osage seeks $135m for Fund V,2,twitter
BAE Systems to Provide Intelligence Analysis for Defense Intelligence Agency,2,twitter
Bain Capital nears deal for Italian IT services firm Engineering: sources #economy #MarketScreener… https://t.co/U9Yj5ti8eN,2,twitter
BankFinancial Corporation Extends Share Repurchase Program  https://t.co/fCzGlh29Vj,2,twitter
"Barra Makes Case For GM to Lead the Future of Cars, But the Market Isn’t Buying",2,twitter
Barrick gearing for more asset sales while considering more copper,2,twitter
Battelle To Develop Coal-to-Foam Program,2,twitter
Baxter International : Gets NYSE Notice Regarding 10-Q Filing #BaxterInternational #Stock #MarketScreener… https://t.co/9j9axtYLE9,2,twitter
Bellerophon to reverse split shares 1:15,2,twitter
Beyond Meat enters France,2,twitter
Big lead for Airbus at Dubai Airshow,2,twitter
Biggest challenges CEO Bob Iger could face in 2020,2,twitter
Biggest ever Baltic private equity fund hits final close,2,twitter
BioArctic teams up with Eisai to further characterize Alzheimer's candidate BAN2401,2,twitter
BlackRock : Energy and Resources Income Trust Plc - Net Asset Value(s) #BlackRock #Stock #MarketScreener… https://t.co/ZB7ErkO8nJ,2,twitter
BlackRock Frontiers Investment Trust : Net Asset Value(s) #BlackRockFrontiersInvestmentTrust #Stock #MarketScreener… https://t.co/Af8ZoSZ6Km,2,twitter
BlackRock Income and Growth Investment Trust : Net Asset Value(s)  #Stock #MarketScreener https://t.co/80teyeCgQy https://t.co/of2ZX4atd8,2,twitter
BlackRock North American Income Trust : Net Asset Value(s)  #Stock #MarketScreener https://t.co/8w1inFr6iT https://t.co/zeDpRsHu3e,2,twitter
Blackstone chips in $400m for gene therapy JV with Ferring,2,twitter
Blackstone to invest $400 million in gene therapy venture with Ferring,2,twitter
Blackstone to Name Jain as Senior Managing Director in India,2,twitter
"Blackstone's Motel 6 Owes 2,000 Guests for Giving Names to Immigration Officials",2,twitter
Blades boss Wilder 'drained' by VAR controversies #economy #MarketScreener https://t.co/HNnogLdXMa https://t.co/C6htUkzpci,2,twitter
Boeing asked to redesign 737 planes after deadly 2018 flight: RPT,2,twitter
Boeing board meets as company considers 737 MAX production changes,2,twitter
Boeing close to winning order for 737 MAX from Turkey's SunExpress: sources,2,twitter
Boeing mulls trimming or suspending 737 MAX production - WSJ,2,twitter
Boeing scraps for deals at Dubai Air Show,2,twitter
Boeing to give Southwest board 737 MAX update this week,2,twitter
"Boeing unveils largest version of its embattled 737 Max plane, despite crisis https://t.co/khaAnu5uPW",2,twitter
Boeing Weighs Cutting or Halting 737 MAX Production: WSJ,2,twitter
"Boeing, Airbus kept in suspense over big Dubai jet deals",2,twitter
Boeing's Embattled Max Gets Key Win in First Post-Grounding Deal,2,twitter
Bombardier Global 7500 Aircraft Receives Prestigious 2019 Ontario Professional Engineers Award - GlobeNewswire,2,twitter
"Booz Allen Hamilton to Host Conference Call to Discuss Third Quarter Fiscal 2020 Results on Friday, January 31, 2020",2,twitter
"Botswana Sells Rights to Kill Elephants for $43,000 Per Head",2,twitter
Boyd Gaming pulls off financing move,2,twitter
BREAKING NEWS: AccendoWave Digital Drug Opioid Alternative Releases Home-Use Product https://t.co/O89txp8upn https://t.co/FlW06XoXQV,2,twitter
Brierley Unveils New Branding,2,twitter
Britain's Aston Martin talking to investors as reviews funding,2,twitter
"Britain's Aviva to retain Singapore, China operations",2,twitter
British Airways agrees pay deal to end strikes https://t.co/sJelgqJFhA,2,twitter
Brookside Energy : Next Sycamore Well Delivers Another Stunning Result #BrooksideEnergy #Stock #MarketScreener… https://t.co/5vgnXN1Yao,2,twitter
Burger King says it never promised Impossible Whoppers were vegan https://t.co/oZCnoupsYV https://t.co/lauoccNH0n,2,twitter
BW Talks with Verizon CEO Hans Vestberg (Podcast),2,twitter
ByteDance beats Baidu in digital ad revenue,2,twitter
Cadbury Candy Maker Sees ‘No Stopping of Growth’ in Demand,2,twitter
"Cadillac has big changes ahead, including new model names and electrification by 2030",2,twitter
Calgon Carbon Corporation Announces Global Price Increase for 2020  https://t.co/i7pooa6dWY,2,twitter
"Calyxt Achieves 2020 Soybean Contracted Acreage Goal of 100,000 Acres",2,twitter
Can Activision Blizzard Repeat Its Strong Year In 2020?,2,twitter
Can Ford Bounce Back in 2020?,2,twitter
"Canada's De Havilland inks order for 20 turboprops; bets on Middle East, Africa",2,twitter
Canadian National Railway on watch amid strike,2,twitter
Canadian provinces on board with AbbVie's Skyrizi,2,twitter
Cannabis company Acreage secures financing that will not dilute terms of Canopy deal,2,twitter
Cannabis company Neptune Wellness to amend and restate processing agreement with Canopy Growth,2,twitter
Capstone Turbine wins flare gas project order from Ecopetrol,2,twitter
Carpetright : Form 8.5 (EPT/RI) - Carpetright PLC #Carpetright #Stock #MarketScreener https://t.co/uLEuVewtTs https://t.co/J8n92NhB8i,2,twitter
Carvana Brings The New Way to Buy a Car™ to Utah,2,twitter
Cases Involving Rs 3.75 Lakh Crore Disposed Of At IBC Pre-Admission Stage,2,twitter
Caterpillar celebrates 90th NYSE anniversary,2,twitter
cbdMD’s CBD PM and CBD Freeze Awarded 2020 Product of the Year,2,twitter
"CDPQ teams with Piramal again, launches $300m Indian private credit platform",2,twitter
"Central GST Collection At Rs 3.26 Lakh Crore In FY20, Says Anurag Thakur",2,twitter
CFOAM : Update on the proposed strategic transaction with CONSOL #CFOAM #Stock #MarketScreener… https://t.co/MoqAVpJ7kj,2,twitter
ChargePoint and NATSO Launch Collaborative to Significantly Expand EV Charging Along Nation’s Highways and in Rural Communities,2,twitter
China Feihe : EXCHANGE NOTICE - RESUMPTION OF TRADING #ChinaFeihe #Stock #MarketScreener https://t.co/lmfATX6ZEX https://t.co/SOvZMfAhDb,2,twitter
China International Marine Containers : ANNOUNCEMENT OF POLL RESULTS OF THE SECOND EXTRAOR... #Stock… https://t.co/IqA6b94iSv,2,twitter
China Threatens Germany With Retaliation If Huawei 5G Is Banned,2,twitter
China Threatens Retaliation Should Germany Ban Huawei 5G,2,twitter
China Zheshang Bank : ARTICLES OF ASSOCIATION  #Stock #MarketScreener https://t.co/qt8NIXZAOS https://t.co/JkKXJv9cYl,2,twitter
"China's Chip Quest Is All Heart, Not Enough Brain",2,twitter
Chuck Akre's Biggest Transactions for the 3rd Quarter,2,twitter
Chuy's Holdings to trim underperforming stores,2,twitter
Citi launches high-yield online checking,2,twitter
Clipper Logistics : Form 8.5 (EPT/NON-RI) #ClipperLogistics #Stock #MarketScreener https://t.co/rNkBoMQKT1 https://t.co/M8aGFKBxvM,2,twitter
Clover : Results of 2019 CLV Annual General Meeting #Clover #Stock #MarketScreener https://t.co/U4JCQnvZcR https://t.co/PeFdXBAgq1,2,twitter
Co’s that have issued #guidance in the last 30 days https://t.co/AjoAUkKrVG $SJM $HIBB $ATKR $AES $IIIV $GPS $OOMA… https://t.co/Gv6PJfhehU,2,twitter
Cobalt Blue : Chairman's Address to Shareholders #CobaltBlue #Stock #MarketScreener https://t.co/GViLjGmUzH https://t.co/jb8sBXZ8YD,2,twitter
Cobham : Form 8.5 (EPT/NON-RI) #Cobham #Stock #MarketScreener https://t.co/OdUzXXcPZF https://t.co/cQYH9403XJ,2,twitter
Coca-Cola marrying one hit and one miss to create new flavor for Coke,2,twitter
Cofinimmo : BlackRock - Transparency notification #Cofinimmo #Stock #MarketScreener https://t.co/FB0q5gsYqs https://t.co/uPMHoDp7zw,2,twitter
Coima Res S p A : Acquisition of Microsoft's Headquarters in Milan Porta Nuova completed  #Stock #MarketScreener… https://t.co/L6AfpqzkWe,2,twitter
"Columbia Care, NewLake Capital Enter $35M Sale-Leaseback Agreement",2,twitter
Comtech Telecommunications Corp. Awarded $1.2 Million Contract for Military Ka-band TWTAs,2,twitter
Comtech Telecommunications Corp. Receives $1.3 Million Contract for Military Ku-band TWTA Systems,2,twitter
Consumer engagement drives Sydney gas network charges draft decision: AER #economy #MarketScreener… https://t.co/P4eS9yOemy,2,twitter
Bank Of Baroda To Exit Trinidad And Tobago,2,twitter
"Container Service Returning To Portland, Oregon",2,twitter
Continental Announces Investment of New Automotive Manufacturing Location in Texas,2,twitter
Continental pares back ahead of emissions crackdown,2,twitter
Continual Technological Advancements Land Innovator In FreightTech 25,2,twitter
Cool Planet to Explore Strategic Options With Carbon Negative Fuels Technology,2,twitter
CoolSys Opens New Southern California Training Center for Its Technicians,2,twitter
Corbus Pharma completes patient enrollment in mid-stage lenabasum study for CF,2,twitter
Cosmo Energy : FY2019 2Q Financial Results Explanatory Meeting -Q&A (PDF/297K)  #Stock #MarketScreener… https://t.co/61ShLibmmQ,2,twitter
"Costco is selling special avocados that stay ripe for twice as long, thanks to this Bill Gates-backed start-up. 🥑… https://t.co/pgAyWvKAm9",2,twitter
Coziron Resources : Multi-Commodity Potential at Shepherds Well Project #CozironResources #Stock #MarketScreener… https://t.co/cARGG7KToa,2,twitter
Credit Suisse Chairman Says He Has a Lot of Shareholder Support,2,twitter
Credit Suisse’s Top Investor Wants Chairman to Follow CEO Out,2,twitter
Credit Suisse's Giant Repair Job Is Only Just Beginning,2,twitter
Crowd Media : CEO's AGM Presentation #CrowdMedia #Stock #MarketScreener https://t.co/jLVjlZKLqQ https://t.co/1rg9EX36y6,2,twitter
Cybersecurity experts launch Crosspoint Capital Partners,2,twitter
CYL: Joint Venture with St Barbara on Drummartin project #StBarbara #Stock #MarketScreener https://t.co/XpAPQX0LAj https://t.co/GChQDreykw,2,twitter
Cynata Therapeutics : CYP Files Application to Commence Phase 2 CLI Clinical Trial #CynataTherapeutics #Stock… https://t.co/WcFhiKZF2S,2,twitter
Dallas’ Imaginuity Ranks 16th on 2019 Dallas 100 https://t.co/FxT5vSjvYX https://t.co/amRGOJDO5k,2,twitter
Damaged Tyson beef plant set to reopen,2,twitter
Danaos Corporation announces $55M equity offering,2,twitter
Danish Transport Giant Girds for ‘Chaotic’ U.K.-EU Negotiations,2,twitter
Data443 Announces New Trading Symbol  https://t.co/CcH9VQUzQq,2,twitter
David Rolfe Adds 2 Tech Stocks to Portfolio in 3rd Quarter,2,twitter
Delayed debut for all-electric Ferrari,2,twitter
Demonstrator contract for Franco-German fighter jet project expected by Jan,2,twitter
Dicerna inks deal with Novo Nordisk for liver-related cardio-metabolic diseases,2,twitter
Did Amazon finally have its iPhone moment? @JimCramer talks one-day shipping and what it meant for #StockoftheDay... https://t.co/zfeRpY7NNk,2,twitter
Dimerix : Holds Pre-IND Meeting on DMX-200 With FDA #Dimerix #Stock #MarketScreener https://t.co/O0AKK9FS38 https://t.co/vcut3h8fJJ,2,twitter
Direct Lenders Stay in Vogue as Fundraising Tops $23 Billion,2,twitter
Disney is giving us Baby Yoda toys for Christmas https://t.co/5sFXnLp63J,2,twitter
Disney Is Ready to Drop a Bomb on Netflix in This Huge Market,2,twitter
Disney sees $100M 'Frozen 2' debut; Rosenblatt boosts target,2,twitter
Disney Streaming Boss Kevin Mayer: App Architecture to Blame for Disney Plus Stumbles - Nasdaq,2,twitter
Disney+ to debut late March in France in exclusive deal with Canal+,2,twitter
DOMTAR CORPORATION COMMUNIQUE LES RÉSULTATS PRÉLIMINAIRES DE SON QUATRIÈME TRIMESTRE ET DE SON EXERCICE 2019,2,twitter
"Dragon Seats Enters Partnership to Provide Custom, Heated Benches for XFL’s DC Defenders",2,twitter
Dragonfly collaborates with Abbvie for autoimmune diseases and oncology,2,twitter
Duke Energy prices 25M equity offering,2,twitter
Dunkin' Teams with Beyond Meat Ambassador Snoop Dogg for Clothing Line,2,twitter
Duxton Broadacre Farms : Changes relating to buy-back - Appendix 3D #DuxtonBroadacreFarms #Stock #MarketScreener… https://t.co/6IoVwrIEHz,2,twitter
Dynatrace Announces Pricing of Follow-On Offering By Selling Stockholders https://t.co/RU85lpY5mQ https://t.co/JOOMOIKPeo,2,twitter
"EasyJet seeks to ""do the right thing"" offsetting emissions, critics say fly less",2,twitter
EBay eliminates sneaker selling fees for first time,2,twitter
ECA Marcellus Trust I Announces Receipt of Notice from NYSE Regarding Continued Listing Standards,2,twitter
Ecolab Named to CDP Water Security A List for Sustainable Water Management,2,twitter
Ekso launches upgraded cloud platform to support use of exoskeleton,2,twitter
Electric-Car Onset Leaves Lubricant Industry Facing Kodak’s Fate,2,twitter
Eli Lilly : Reyvow Migraine Treatment Available for Prescription Use #EliLillyand #Stock #MarketScreener… https://t.co/8l20k7DcPy,2,twitter
"Elon Musk says Tesla has 146,000 orders for its Cybertruck, less than 48 hours after the broken-glass reveal https://t.co/yzgK4mbBTB",2,twitter
elumeo : to close its site in Rome (pdf) #elumeo #Stock #MarketScreener https://t.co/3x3PYyHfKB https://t.co/ZUs0WizSz9,2,twitter
Embraer sells six jets at Dubai Airshow - Day 2,2,twitter
Emerson’s New Virtual Reality Simulation Improves Workforce Safety and Speeds Training,2,twitter
Emirates announces $16 billion order for 50 Airbus A350 planes,2,twitter
Emirates close to buying 30 Boeing 787 in fleet compromise deal -sources,2,twitter
Emirates Pares Back Wide-Body Airbus Order Amid Fleet Review,2,twitter
Encana shareholder to vote against move out of Canada,2,twitter
Encounter Resources : AGM Chair Address and Presentation #EncounterResources #Stock #MarketScreener… https://t.co/kptkwzjKfZ,2,twitter
Endologix Announces Preliminary Financial Results and Conference Call for Fourth Quarter and Full-Year 2019,2,twitter
Energy Pipeline Firm Takes $4 Billion Private Equity Buyout,2,twitter
E-Porsche auf Eispiste: Das Rennsport-Comeback des Porsche-Erben,2,twitter
EPR Properties sells Charter School portfolio for $454M; lowers FFO guidance for 2019,2,twitter
Equinor broadens scope of carbon targets to match rivals,2,twitter
Equinox Wins Silver Lake Funds to Help Take Aim at Peloton,2,twitter
Ericsson Pulls Out of Biggest Mobile Event Due to Virus,2,twitter
Ericsson Pulls Out of Biggest Mobile Industry Event Due to Virus,2,twitter
Ericsson withdraws from MWC on coronavirus worries,2,twitter
"Eskom, which accounts for two-fifths of South Africa’s greenhouse-gas emissions, leads the country’s biggest emitte… https://t.co/eC3HUwQDgf",2,twitter
"ESR Cayman : PARTIAL EXERCISE OF THE OVER-ALLOTMENT OPTION, STABILIZING ACTIONS AND END OF STABILIZATION PERIOD… https://t.co/za2DQn3iV7",2,twitter
"Estre Ambiental : to Hold its Annual General Meeting on December 20, 2019 #EstreAmbiental #Stock #MarketScreener… https://t.co/AFFuNakugw",2,twitter
Eudonet annonce un chiffre d’affaires récurrent en hausse de 32% pour l’année 2019,2,twitter
Europe Pushes on With Gigafactory Plan to Rival Tesla,2,twitter
Europe Pushes on With Gigafactory Plan to Rival Tesla and China,2,twitter
Exclusive: China's BAIC raising Daimler stake to unseat Geely as top shareholder - sources,2,twitter
Exclusive: China's mobile giants to take on Google's Play store - sources,2,twitter
"Exclusive: Fearing Huawei curbs, Deutsche Telekom tells Nokia to shape up",2,twitter
Executives at SoftBank are looking for a way to reduce the size of a $3 billion offer for WeWork stock as part of i… https://t.co/4kqz2W0yhz,2,twitter
Exelon : Initial Statement of Beneficial Ownership #Exelon #Stock #MarketScreener https://t.co/3h1IS0vjXb https://t.co/Oy6iFfT8bE,2,twitter
Expanded use of J&J's Darzalex OK'd in Europe,2,twitter
Ex-Stanhope Capital execs land $600m in launch of new firm Eighteen48 Partners,2,twitter
Extraordinary/ Special General Meeting::Voluntary #Shinvest #Stock #MarketScreener https://t.co/vuSekbMzhb https://t.co/dAHCFxPXHG,2,twitter
Exxon and Chevron Targeted by Climate-Activist Shareholder Group,2,twitter
"Facebook Bans All Content On Vaccine Awareness, Including Facts About Vaccine Ingredients https://t.co/uwwXUaxFCY",2,twitter
Facebook co-founder eyes direct listing for Asana https://t.co/d2k631l6Ac,2,twitter
Facebook Is Not Making A Key Public Relations Point,2,twitter
Facebook is resisting Attorney General William Barr's calls to delay rollout of encryption technology across its pl… https://t.co/k2SzZ2zsLi,2,twitter
Facebook rejects AG Barr's request to stop encryption plans for messaging apps https://t.co/Tkyy7abxUi,2,twitter
"Fake doctors, misleading claims drive OxyContin China sales",2,twitter
Fantasia : FURTHER INFORMATION IN RELATION TO THE CO-OPERATION AGREEMENT WITH SHENGYUAN  #Stock #MarketScreener… https://t.co/NkBhcbaRvs,2,twitter
Fat Prophets Pty : FPP Non-Renounceable Rights Issue #FatProphetsPty #Stock #MarketScreener https://t.co/JkAT9QHgBz https://t.co/dQoC6XqvKv,2,twitter
FDA extends action date for Blueprint's avapritinib,2,twitter
FDM : AFL-CIO Endorses USMCA After Successfully Negotiating Improvements #FDM #Stock #MarketScreener… https://t.co/Ja3PJ0uKZB,2,twitter
FDM : Beyer Statement On Announced USMCA Agreement #FDM #Stock #MarketScreener https://t.co/wCCSVghill https://t.co/ghfv2COBGO,2,twitter
FedEx pension plan will close to new hires as company bumps up 401(k) match,2,twitter
Fiat Chrysler is in the process of two crucial negotiations at the same time. It needs each set of talks to go well… https://t.co/6aU0faZuf3,2,twitter
Fiat looks to thread the needle with UAW deal,2,twitter
Fiera Milano : and allestimenti Benfenati sign a business partnership to maximise synergies #FieraMilano #Stock… https://t.co/qcUBTf8snL,2,twitter
Fletcher Building : Notice of on-market share buyback #FletcherBuilding #Stock #MarketScreener… https://t.co/Fvme3Y97pD,2,twitter
FMCSA Increases Random Drug Testing Rate To 50%,2,twitter
"For a time, Uber helicopter rides from Manhattan to JFK Airport were cheaper than its cars https://t.co/Q2f8n7dJQL",2,twitter
Forager Funds Management Pty : Indicative NAV COB 22/11/2019 #ForagerFundsManagementPty #Stock #MarketScreener… https://t.co/zNYWZlWYdu,2,twitter
Ford and McDonald's are turning coffee waste into car parts https://t.co/uIP4HPHyn9 https://t.co/qKnCKGMXrk,2,twitter
Ford confirmed its new electric SUV will be called the Mustang Mach-E ahead of a debut event in Los Angeles. More d… https://t.co/DDZ2cDhzRz,2,twitter
Ford is mortgaging its future on the value of its past,2,twitter
Ford Mustang Mach-E: The first all-electric Ford is here,2,twitter
Ford releases first electric car - a Mustang SUV,2,twitter
"Ford reveals new electric SUV, Mustang Mach-E",2,twitter
Ford to nearly halve its 2018 before interest and taxes loss in China https://t.co/SULE0vdZhE https://t.co/mZcVGtnFRN,2,twitter
"Form 8.3 - The Vanguard Group, Inc.: Just Eat plc #JEOL #Stock #MarketScreener https://t.co/8L1jtGW1Jo https://t.co/4MYhJInOKz",2,twitter
"Former Celadon Employees, Drivers Describe Chaos After Abrupt Bankruptcy Filing",2,twitter
Former PayPal CFO has bank account closed without warning,2,twitter
Fox Says Super Bowl Ads Sold Out at Record $5.6 Million Each,2,twitter
Fox Sports has sold out its inventory of Super Bowl ads https://t.co/wpGQ9cClj4,2,twitter
Foxconn delays return to Shenzhen facility,2,twitter
FPT Industrial signs MoU with Microvast,2,twitter
French Connection : Form 8.5 (EPT/RI) (pdf) #FrenchConnection #Stock #MarketScreener https://t.co/5nuRSLzSEC https://t.co/Gt8EWF8Omq,2,twitter
From the Beltway to Bondi — Our @Nasdaq employees around the world are committed to hours of service with… https://t.co/leYgfCIHxS,2,twitter
'Frozen 2' Sets Another Box Office Record For Disney This Year,2,twitter
Funko opens new store in Hollywood,2,twitter
Gaige Keep: A Former Marine Sergeant-Turned-Marketing Guru Sheds Light On Building A Personal Brand,2,twitter
Galileo Mining : Copper - Gold Drilling Underway at Norseman Prospects #GalileoMining #Stock #MarketScreener… https://t.co/QbtwRsIFEP,2,twitter
Galp Energia SGPS : Who Pays the Tax on Imports from China? #GalpEnergiaSGPS #Stock #MarketScreener… https://t.co/QnLyXcgLUr,2,twitter
Garmin : Response Team Rescues Imperiled Animals in the Backcountry #Garmin #Stock #MarketScreener… https://t.co/jjLkp0gVRG,2,twitter
Gartner Guides Light After Ending 2019 on a High Note,2,twitter
Gazprom proposes one-year gas transit deal with Ukraine,2,twitter
GE may not be crushed by Boeing's 737 Max production halt,2,twitter
General Motors to invest $1.5 billion in Missouri plant,2,twitter
Generate Capital raises $1bn of LP capital for infra investment,2,twitter
GHO Capital pulls in €975m to close Europe’s ‘largest healthcare fund’,2,twitter
Global Investments : Daily Share Buy Back Notice #GlobalInvestments #Stock #MarketScreener https://t.co/f9AFWThVVF https://t.co/sjBHtwCINn,2,twitter
Global Self Storage starts rights offering,2,twitter
Goldman expands company research as other retrench - Bloomberg,2,twitter
Goldman Sachs invests over $100M in ‘Launch with GS’,2,twitter
Goldman Sachs unveils internal campaign on use of gender identity pronouns #economy #MarketScreener… https://t.co/DlaISiZU1l,2,twitter
GoldON Resources : Grants Incentive Stock Options #GoldONResources #Stock #MarketScreener https://t.co/NSJSFEXYPN https://t.co/w9eP0xA6r1,2,twitter
"Goldrea Negotiating Land Package Deal in Dixie Lake, Ontario  https://t.co/rldbTOfhYL",2,twitter
Google Assistant launches personalized news playlists,2,twitter
Google employees demonstrated outside the company’s San Francisco office Friday to protest the internet giant’s rec… https://t.co/pgD27oIPWc,2,twitter
"Google has announced new limits on political advertising, but the decision raises broad questions about what types… https://t.co/ML0m6zOtF6",2,twitter
"Google launched its cloud gaming service Stadia this week, but is it any good? https://t.co/IElF2d1BUY",2,twitter
"Google Maps seeks business, transit reviews in new look as it turns 15",2,twitter
Google rolls out interpreter to mobile,2,twitter
Google wants Cloud dominance by 2023 - report,2,twitter
Google Workers Rising Up After Employees Are Fired,2,twitter
Grayscale Bitcoin Trust files registration statement with SEC,2,twitter
Great Wall Motor and BMW move forward with JV,2,twitter
"Greenlane Renewables Signs New $7.0 Million System Supply Contract with the Renewable Natural Gas Company, a Leader in Landfill Gas to RNG Projects",2,twitter
"Greenleaf Foods, SPC, and Purple Carrot Partner to Deliver New Plant-based Protein Options to Customers Nationwide",2,twitter
"Grifols : December 6, 2019 Grifols presents its latest Alzheimer's clinical trial data #Grifols #Stock… https://t.co/Dnt4oYb4SP",2,twitter
Grubhub founder: ‘I am not staying up at night dreaming about consolidation’,2,twitter
GS Acquisition : Vertiv Announcement Call Presentation #GS #Stock #MarketScreener https://t.co/AB1CLG5Hfa https://t.co/St0OvagWyy,2,twitter
GS Acquisition : Vertiv Investor Presentation #GS #Stock #MarketScreener https://t.co/IJRFVMfzWQ https://t.co/PyBD2UBrlD,2,twitter
GSX Techedu announces public offering by selling shareholders,2,twitter
Guggenheim Partners LLC : GGM November 2019 Section 19a-1 Letter #GuggenheimPartnersLLC #Stock #MarketScreener… https://t.co/k9wynCnbDb,2,twitter
H.I.G. Realty Partners Lends $33.1 million on Denver Metro Industrial/Flex Office Portfolio,2,twitter
"Halliburton layoffs driven by 'stark reality' of energy pricing, CFO says",2,twitter
Hallmark Pulls Gay-themed Ads,2,twitter
"Hallmark Pulls Kissing Brides, and Netflix, DeGeneres Push Back",2,twitter
Hallmark Pulls Wedding Ads Featuring Two Brides Kissing,2,twitter
Hancock Capital collects $380m for sixth mezzanine fund to follow debut co-invest vehicle close,2,twitter
Harbor Capital Advisors Launches Six New Harbor Funds https://t.co/hMB4nbWKhZ https://t.co/PffVsEZfXE,2,twitter
Has The Global Slowdown Affected Ford’s South America’s Volumes?,2,twitter
Hawaiian Airlines reports January traffic,2,twitter
Hawaiian Electric aims to be 100% renewable energy by 2045 Watch an energy focused #NYSESlice interview with… https://t.co/A4gAYCbTQo,2,twitter
Heard on the Street: Tiffany accepts a sparklier proposal https://t.co/CXZo603aGo,2,twitter
Here’s the Deal: A Sneak Peek at Amazon’s Biggest Cyber Monday Deals Weekend Ever,2,twitter
Here's How Disney+'s 28.6 Million Subscribers Compare to Netflix,2,twitter
Here's what @ElonMusk's '200K' tweet is likely hinting at when it comes to the Tesla $TSLA Cybertruck https://t.co/6Me6AP1CCJ,2,twitter
Here's what WeWork must do to stay alive https://t.co/FCwWmKD3zq via @bopinion,2,twitter
Hermes GPE raises $603.5m for PEC IV alongside $1bn BTPS mandate,2,twitter
Herro Says He's Committed to Credit Suisse But Rohner Should Quit,2,twitter
Hexagon Resources : Shareholders Approve Rare Earth Investment #HexagonResources #Stock #MarketScreener… https://t.co/u3JbQwdgFt,2,twitter
"Hexo Reported Unlicensed Cannabis, Schedules It For Destruction",2,twitter
HIG continues busy fundraising year by closing $3.1bn mid-market buyout vehicle,2,twitter
Highlight: 'When you look at what Amazon has built... it's this infrastructure and this user base... that allows them t... https://t.co/VuiDadXgcf,2,twitter
Highwoods Properties : SCHEDULE 13G #HighwoodsProperties #Stock #MarketScreener https://t.co/bdcgJzRYno https://t.co/o3ZStbEDGQ,2,twitter
HKScan Corporation: SHARE REPURCHASE 25.11.2019 #Stock #MarketScreener https://t.co/OGGSEI9W1K https://t.co/QE44vMzmLn,2,twitter
"Horizon Media Study Finds Instagram’s Move to Hide Likes is Somewhat of a Collective Shrug, but with a Glimmer of H… https://t.co/gxnZp3H5lh",2,twitter
How Comcast and Charter Have Used Cellphone Services to Sell Wifi,2,twitter
How Huawei became a U.S. government target https://t.co/K1hHx6Uw5b,2,twitter
"How Much Does Costco Spend On Selling, General And Administrative Expenses?",2,twitter
How T-Mobile CEO John Legere Changed the Industry,2,twitter
Hoxton Ventures ups goal for sophomore fundraise after powering towards initial target,2,twitter
"HP Is Playing Hard To Get, But Its Rejection Could Lead To Proxy Wars",2,twitter
HP Sends Letter to Xerox  https://t.co/ceqjDE3fK7,2,twitter
HSBC Bank USA rolls out real-time payments to business clients,2,twitter
HSBC cashes in some chips on Rockwell Automation,2,twitter
HSBC Plans Third Overhaul in a Decade With Investors Seething,2,twitter
Huawei gets 90-day extension for doing business with U.S. companies,2,twitter
Huawei gets reprieve to do business with US companies: Exclusive,2,twitter
Huawei granted 90-day extension to do business with U.S. companies,2,twitter
"Hundreds of Nike employees march to protest its treatment of women, reports https://t.co/iuqjWaEFen",2,twitter
Hyderabad Metro Rail Becomes The Second-Largest Operational Metro Network In The Country,2,twitter
i3 Energy : Price Monitoring Extension #i3Energy #Stock #MarketScreener https://t.co/LbE6Xm8iZX https://t.co/ST9Mdc8Bmi,2,twitter
IBM Has Its Head In The Clouds,2,twitter
"IBM: one free cloud (and a free ton of copper) with every purchase of cloud

what happens to AWS margins now?",2,twitter
"ICYMI: Actually, Teslas are among the *least* stolen vehicles. https://t.co/xm4JaVF88s",2,twitter
IDG Energy Investment : VOLUNTARY ANNOUNCEMENT INVESTMENT REGARDING MOBILITY SERVICES PLAT... #IDG #Stock… https://t.co/32MT3bB1OC,2,twitter
IGL: Strategic Acquisition of Salmat Marketing Solutions #Salmat #Stock #MarketScreener https://t.co/I2ddCrNdik https://t.co/bgGx6OKoTE,2,twitter
Ilkka-Yhtymä Oyj: Johdon liiketoimet #Stock #MarketScreener https://t.co/Je2UYbTKuP https://t.co/CLCJGNePOA,2,twitter
Impossible Dream? Uber Aims At Profitability In 2020,2,twitter
"In a High-Stakes Labor Showdown, McDonald’s Has Allies in the White House",2,twitter
"In this #CNBCClassic clip, Jeff Bezos explained his ambitious vision for Amazon in a 1999 interview: ""There’s no gu… https://t.co/mxAWKJvdVb",2,twitter
India Asks IndiGo to Gradually Ground Unmodified A320neo Planes,2,twitter
India’s aviation regulator asks an airline to ground one unmodified Airbus A320neo for every new addition to its fl… https://t.co/9N4YSMliaG,2,twitter
"Insiders Know Best? What Employee Ratings Reveal About Aurora Cannabis, Canopy Growth, and Cronos Group",2,twitter
Instagram is willing to pay for celebrities’ IGTV production costs — as long as they avoid politics or elections https://t.co/kqBu6ZwK1g,2,twitter
Instagram Stories Already Generates 10% of Facebook's Ad Revenue,2,twitter
Intel : and MediaTek Partner to Deliver 5G on the PC #Intel #Stock #MarketScreener https://t.co/HlvJPpOWGC https://t.co/XlXcj71XjG,2,twitter
Intel : Autonomous Driving / Mobileye #Intel #Stock #MarketScreener https://t.co/tWTAmiT4c2 https://t.co/kmHBJumvdc,2,twitter
Intel and MediaTek Partner on 5G Laptops for 2021,2,twitter
Intel director acquires $5M in shares,2,twitter
"Internet Society Foundation Announces $300,000 in Grants for Projects That Promote the Benefits of the Internet",2,twitter
Interpublic CEO on competing with tech companies,2,twitter
Intertek : launches Cyber Assured #Intertek #Stock #MarketScreener https://t.co/uDrw45pqXr https://t.co/ahw2QkSvPe,2,twitter
InVivo Therapeutics launches equity offering,2,twitter
IPG Team Selected as Global Marketing Agency for LATAM Airlines  https://t.co/keAVow1kX2,2,twitter
"iPhone Maker Foxconn Makes Masks For Chinese Employees, Forces Them To Return To Work",2,twitter
IPhone Maker Foxconn Warns Staff to Keep Away From Shenzhen Base,2,twitter
Iridium Communications Extends Its Internet of Things Coverage Globally,2,twitter
IRS investigators scrutinize Bitcoin ATMs and kiosks,2,twitter
Is Amazon $AMZN grocery in the trial-and-error stage? https://t.co/wdNqRCAV1s,2,twitter
Italy’s newest attempt to rescue failed airline Alitalia has one main objective: rope in German carrier Lufthansa https://t.co/JyuSAwUSLc,2,twitter
J&J launches innovative study for expanded use of Invokana,2,twitter
J&J retests baby powder days after asbestos finding,2,twitter
J.C. Penney redesigns its denim brand for size inclusivity,2,twitter
Jacobs wins cyber crime and training contract,2,twitter
James A. Balfanz Named CEO of City Year  https://t.co/grrygcvywi,2,twitter
Japan’s Friendship Ties Programs JENESYS 2019 ASEAN Inbound Program 23rd Batch,2,twitter
Jarvis Securities : Director's Interest #JarvisSecurities #Stock #MarketScreener https://t.co/JWKcET9MXw https://t.co/ma4z6I1Bxb,2,twitter
Jasper Therapeutics Launches with $35 Million Series A Financing to Develop and Commercialize Innovative Conditioni… https://t.co/QiiqQYWBXX,2,twitter
Jatenergy : Letters to Securityholders - Rights Issue #Jatenergy #Stock #MarketScreener https://t.co/MX24abcdO4 https://t.co/fIU7fwFauZ,2,twitter
Jeff Bezos & Blue Origin satellite launch protest sustained by GAO,2,twitter
JEOL : Form 8.3 - https://t.co/erBSsYuL00 #JEOL #Stock #MarketScreener https://t.co/Lt8CXiXJDy https://t.co/yVehgWa695,2,twitter
JEOL : Form 8.5 (EPT/RI)- Just Eat plc AMENDMENT #JEOL #Stock #MarketScreener https://t.co/EzlnPgve80 https://t.co/Ymcgw5V8l8,2,twitter
JetBlue Founder Says New ‘Breeze Air’ on Track to Fly This Year,2,twitter
Jones Lang LaSalle Incorporated : JLL closes $15.15M sale of Charlotte-area retail buildin...… https://t.co/qyJtU6T2lW,2,twitter
JPMorgan restructures ETF sales,2,twitter
Juiced Bikes Scorpion Is An E-Bike With A Motorcycle Spirit,2,twitter
Just Eat advises shareholders not to accept Prosus offer https://t.co/J9oWmkpJtW https://t.co/728Y7yTIci,2,twitter
Just Eat rejects raised offer from Prosus https://t.co/XHrs4GAofC https://t.co/v10dKf23AA,2,twitter
Just Eat urges shareholders to shun Prosus and stick with Takeaway deal,2,twitter
Karankawa Wind Farm Achieves Commercial Operation,2,twitter
Karelian Diamond Resources : Notice of meeting #KarelianDiamondResources #Stock #MarketScreener… https://t.co/kMhX3UU9b3,2,twitter
KBR wins $23.7M contract,2,twitter
"KFC is offering what's sure to be the hottest commodity of the season: a hunk of flammable, chicken-scented bliss k… https://t.co/kCXhrwbWAp",2,twitter
KLX Energy to implement cost cuts amid 'abrupt deterioration',2,twitter
Korian and Omedys Develop the First Neighborhood Teleconsultation Network in France,2,twitter
"Kroger wants to bring in shoppers by offering the freshest greens -- so fresh your kale, parsley or cilantro will b… https://t.co/EDeNh3Igdt",2,twitter
L BRANDS MEETING WITH BANKS TO CONSIDER ALTERNATIVES: THE DEAL... to the Victoria Secret show?,2,twitter
"L&T, IdeaForge Sign Pact For Unmanned Systems",2,twitter
L1 Long Short Fund : Net Tangible Asset Backing #L1LongShortFund #Stock #MarketScreener https://t.co/1NANQdyHCU https://t.co/4wvBuRi1pL,2,twitter
Landmark Partners pulls in $296m for sophomore infra fundraise,2,twitter
Larry Ellison Hits the High Seas With Endeavor in Sailing Deal,2,twitter
Latrobe Magnesium : Community Briefing for Latrobe Valley Magnesium Plant #LatrobeMagnesium #Stock #MarketScreener… https://t.co/Ve0JkYHFVY,2,twitter
"Layoffs Loom as Canadian Rail Strike Hits Chemicals, Farmers",2,twitter
LCI Industries lands Polyplastic,2,twitter
"Lee Enterprises plans quarterly call and webcast December 12, 2019  https://t.co/ruv27WLIPv",2,twitter
Legrand : Total Number of Shares and Voting Rights https://t.co/qrhAoTn3Z5 https://t.co/jZh8h52WOX,2,twitter
LHV : Loans of existing Danske Bank clients were transferred to LHV Pank #LHV #Stock #MarketScreener… https://t.co/bUPHzBuSMf,2,twitter
LIC Chairman MR Kumar Says There’s Hardly Any Stress To Impact Insurer’s Valuation,2,twitter
Lithium Americas to give up control of Argentina project,2,twitter
Lithium Consolidated : AGM Voting Clarification #LithiumConsolidated #Stock #MarketScreener https://t.co/p7a4RAogT6 https://t.co/qru0JbYXod,2,twitter
Lockheed awarded $3.3B to support satcom network,2,twitter
Lockheed's LM-100J scores FAA certification,2,twitter
Looking Through The Smoke To Altria’s Future,2,twitter
"Loss of Trust Led to Thiam's Exit, Credit Suisse Says",2,twitter
Low & Bonar : Form 8.5 (EPT/RI) - Low & Bonar PLC #LowBonar #Stock #MarketScreener https://t.co/ju6ZpIZD4Z https://t.co/mIgY63sHYY,2,twitter
Lowe's scheduled to report Q3 results before Wednesday's open,2,twitter
LSU Quarterback Joe Burrow Wins Heisman Trophy in Landslide Vote,2,twitter
"LSU Quarterback Joe Burrow Wins Heisman Trophy, AP Reports",2,twitter
Luckin Coffee buzzing and looking to the future,2,twitter
Luckin Coffee's Impressive Growth And Retail Model Could Dethrone Starbucks In China,2,twitter
Lyft pulls electric scooters from major cities,2,twitter
Macquarie : Ceasing to be a substantial holder for ELD #Macquarie #Stock #MarketScreener https://t.co/VBoCq46a73 https://t.co/L2eqF8hx9E,2,twitter
"Made in the new Shanghai Gigafactory, these Teslas have a starting price of 355,800 yuan ($50,623), making them abo… https://t.co/P9PkKIpvwA",2,twitter
Magmatic Resources : Appendix 3B #MagmaticResources #Stock #MarketScreener https://t.co/0yolhdScTL https://t.co/UUAn1nIln4,2,twitter
"Mahathir Shows No Sign of Handover of Power, Choice of Successor",2,twitter
Maire Tecnimont (BIT:MT) Use Of Debt Could Be Considered Risky,2,twitter
MAJOR TRANSACTION: SINGAPORE MRT TEL CONCESSION AGREEMENT #Stock #MarketScreener https://t.co/Zr8li1uwiL https://t.co/8lfAflCGp8,2,twitter
Malaysia's Mahathir clarifies comments on AirAsia,2,twitter
Marathon Patent stockholders approve share issuance for miner purchases,2,twitter
Marchex to Attend at Roth Corporate Access Event https://t.co/l9kObTTJFR,2,twitter
Markel Takes the Long-Term View After Another Impressive Year,2,twitter
Markforged Achieves ISO 27001 Certification,2,twitter
Marrone Bio Innovations : Control Invasive Mussel Biofouling to Improve Plant Availability...… https://t.co/W6mG1AUeRz,2,twitter
Mazda issues recall over Takata airbag inflators again,2,twitter
McDonald : Statement of Changes in Beneficial Ownership #McDonalds #Stock #MarketScreener https://t.co/wenQ4xK31f https://t.co/UhFOTIt5dx,2,twitter
McDonald’s is expected to launch a crispy chicken sandwich in the beginning of next year and Telsey Advisory Group… https://t.co/VEzN1thrUs,2,twitter
McDonald's Tells Investors to Expect More Cash Returns,2,twitter
McEwen Mining plans stock offering; size not disclosed,2,twitter
McEwen Mining prices public offering at $1.325/unit,2,twitter
MDU Resources outlines five-year $2.9B capex plan,2,twitter
"MEC Resources : Takeovers Panel makes no interim order, meeting to proceed #MECResources #Stock #MarketScreener… https://t.co/4xZZdesCFj",2,twitter
MedAdvisor : Lapsing of Hook Options & Appendix 3Y #MedAdvisor #Stock #MarketScreener https://t.co/wvYCXWn47T https://t.co/NxsdR97hBR,2,twitter
Mediaset Espana Comunicacion S A : announces an Extraordinary Shareholders Meeting to be h... #Stock… https://t.co/PIweWD4Gm6,2,twitter
Memebox Rebrands to MBX and Names New Executive Team,2,twitter
Merit Medical : Launches ReSolve Mini&trade; Locking Drainage Catheter #MeritMedical #Stock #MarketScreener… https://t.co/vwM769hibZ,2,twitter
Metal Bank : Managing Director's Presentation to Shareholders #MetalBank #Stock #MarketScreener… https://t.co/xgnjVQORWf,2,twitter
Metminco : 1st Hole at Chuscal Intersects Impressive 350m Gold Interval #Metminco #Stock #MarketScreener… https://t.co/aUSyAHMHHg,2,twitter
"MGA Entertainment knows that LOL Surprise toys are creating massive amounts of plastic waste, and now they're tryin… https://t.co/HbsmDO26VD",2,twitter
MGE Energy Issues December 2019 &apos;Interim Report&apos;,2,twitter
MHI Selected for Inclusion in All Four GPIF ESG Investment Indices for a Second Consecutive Year,2,twitter
MICROmega : Sebata - empowerment transaction #MICROmega #Stock #MarketScreener https://t.co/DTjCG1iCeU https://t.co/slUU3Dauaa,2,twitter
"Micron Analysts Expect Lukewarm Q1, But Project Coming Inflection In Memory Pricing",2,twitter
"Microsoft is pushing back the launch of its new Surface Earbuds, meaning it will miss the crucial 2019 holiday shop… https://t.co/BNKhQQE930",2,twitter
Microsoft just launched its new #HoloLens2 augmented reality headset. While it's not quite ready for store shelves… https://t.co/xNW4bldQUc,2,twitter
Microsoft updates terms on data privacy amid EU probe,2,twitter
"Microsoft, Baker Hughes announce artificial intelligence partnership for oil and gas industry… https://t.co/xAwr4V7LSJ",2,twitter
Minsheng Education : (i) CAPITAL INVESTMENT OF 51% EQUITY INTEREST IN WENDA ELECTRONICS WH... #MinshengEducation… https://t.co/SIMCeMuhNH,2,twitter
MLM: Nornico Royalty Agreements to be assigned to AUZ #AustralianMines #Stock #MarketScreener… https://t.co/F1TFTWRqaJ,2,twitter
Mobile TeleSystems Public Joint Stock : MTS Unveils Refreshed Strategy at Investor Day  #Stock #MarketScreener… https://t.co/gqkWCVJInX,2,twitter
Molson Coors takes stake in beverage incubator,2,twitter
MongoDB : Form 10-Q #MongoDB #Stock #MarketScreener https://t.co/tLsvOzwqVv https://t.co/s5QRA9xSQt,2,twitter
Monmouth Real Estate boosts credit facility to $300M,2,twitter
Moskovskiy Kreditnyi Bank : CREDIT BANK OF MOSCOW will hold a conference call on 9M 2019 r...… https://t.co/iQAMBTdSxj,2,twitter
Mustang Sally will no longer be driving the iconic muscle car in 2019. Ford will use the name 'Mustang' for their n… https://t.co/tQQFgeNtTY,2,twitter
"NanoViricides : Annual Meeting of Shareholders to be Held on Saturday, December 7th, 2019 ... #NanoViricides #Stock… https://t.co/Ba3EqsY9YG",2,twitter
National Presto Industries : Form 10-Q #NationalPrestoIndustries #Stock #MarketScreener https://t.co/BWSEG4iQzw https://t.co/f6MP9CDJmp,2,twitter
NBC says it has topped $1 billion in national ad sales for 2020 Summer Olympics https://t.co/LCjUNDPRW7,2,twitter
Neptune amends and restates processing agreement with Canopy,2,twitter
Neptune Wellness and Canopy Growth agree to amend terms of cannabis processing deal,2,twitter
Nestle India Accused Of Making Rs 90 Crore Undue Profit By Not Passing On GST Rate Cut Benefits,2,twitter
Nestle Passes on Dessert as Its CEO Skips Straight to Coffee,2,twitter
Netflix is moving its Latin American headquarters to Mexico City and staffing up in the office https://t.co/DQ38ohiJ5u,2,twitter
"Netflix is spending $420 million to produce more local content in India, CEO Reed Hastings says https://t.co/hLvByYprxG",2,twitter
New Hope reports Q1 activities report,2,twitter
New Jersey-Docked Royal Caribbean Ship Screened for Virus,2,twitter
New McDonald's CEO rallies the troops,2,twitter
New Sports : FURTHER DELAY IN DESPATCH OF CIRCULAR #NewSports #Stock #MarketScreener https://t.co/J4c98CCFUC https://t.co/ZHr7Tl82R8,2,twitter
New U.S. airline expected to launch late this year,2,twitter
Newron nabs RPD tag in U.S. for sarizotan for Rett syndrome,2,twitter
Newsom rejects PG&E bankruptcy plan,2,twitter
NexOptic Shareholders Support all Resolutions at its Annual and Extraordinary General Meeting  https://t.co/4R4lQYA45E,2,twitter
"NHB Tweaks Rs 30,000 Crore Liquidity Infusion Facility For Housing Finance Companies",2,twitter
Nike employees protest treatment of women as company reopens building named for disgraced coach… https://t.co/rPPiUgm4r3,2,twitter
Nike executive on the future of retail and what's next for her company,2,twitter
Nike gets into the medical footwear game,2,twitter
Nike to take $425 million charge to move brand business in South America to distributors,2,twitter
"Nike will no longer sell its items directly to Amazon, as it looks to revamp its retail strategy by selling just to… https://t.co/QjsmkcJrap",2,twitter
"NIKE, Inc. Announces Strategic Distributor Partnerships In Brazil, Argentina, Chile and Uruguay",2,twitter
Nike's Alphafly will also avoid Olympic ban,2,twitter
Nintendo Is Playing the Long Game in China,2,twitter
NIO’s $100 Million Fundraise Falls Short for Cash-Needy Carmaker,2,twitter
"No, Boeing Isn’t Ruining Trump's 3% Growth Target",2,twitter
Noble Corp. notes little action in latest fleet status report,2,twitter
"Nodal Exchange Successfully Completes Migration of U.S. Power Open Interest from Nasdaq Futures, Inc.",2,twitter
Nomura : ING working on digital assets custody technology - sources #Nomura #Stock #MarketScreener… https://t.co/aGUZ5zHbeu,2,twitter
Nomura Instinet loses confidence in Extended Stay America,2,twitter
"Nordea Bank CEO on Earnings, Reorganization, Negative Rates",2,twitter
Nordstrom : Hiring for the Holidays #Nordstrom #Stock #MarketScreener https://t.co/hdLTJb6ngi https://t.co/iUZFqs0PBM,2,twitter
Northrop Grumman : to Advance Integrated Air and Missile Defense Battle Command System #NorthropGrumman #Stock… https://t.co/Do9RynComN,2,twitter
Northzone pulls in $500m for oversubscribed Fund IX close,2,twitter
Nostrum Oil & Gas : Form 8.5 (EPT/RI) - Nostrum Oil & Gas PLC  #Stock #MarketScreener https://t.co/mCzAsQ07aq https://t.co/DRiYCxZr2J,2,twitter
"Not appropriate to compare energy stocks to tobacco, Chevron CEO says",2,twitter
"Notable Insider Buys In The Past Week: Enterprise Products Partners, PBF Energy, Sage Therapeutics",2,twitter
Nova Leap Health Corp. to Present at the ii6 Summit in Toronto  https://t.co/I7ra07OEKW,2,twitter
Novartis completes certification of initial sites in Ontario for Kymriah,2,twitter
Novo Nordisk : Disclosure of transaction data #NovoNordisk #Stock #MarketScreener https://t.co/oyT5Qb1elj https://t.co/knhuhL46gH,2,twitter
NOVONIX : BTS WINS DISCOVERY AWARD FOR INNOVATION #NOVONIX #Stock #MarketScreener https://t.co/5LFiyMFnpZ https://t.co/FK3utLMx9e,2,twitter
NPN: NASPERS LIMITED - Statement regarding Just Eat PLC circular #Naspers #Stock #MarketScreener… https://t.co/Vgjjai5iVd,2,twitter
NTSB wants Boeing to redesign 737s after deadly 2018 Southwest accident,2,twitter
"Nu Oil and Gas : Holdings in Company Nov 25, 2019 #NuOilandGas #Stock #MarketScreener https://t.co/GQy3Z5SU7e https://t.co/GX24VxqKsR",2,twitter
"Number of movies on Netflix: 2014: 6,494 2019: 3,849 Number of TV titles: 2014: 1,609 2019: 1,784 https://t.co/B0H11sJAfM",2,twitter
"Number of shares and voting rights of ADOCIA as of November 30, 2019 https://t.co/v2s9T4YGb0",2,twitter
Nuro Self-Driving Car Scores Federal Regulator Approval(Radio),2,twitter
NYSE-Listed $PINS is making it easier to shop from small businesses with their new feature: The Pinterest Shop,2,twitter
Oaktree Specialty Lending NAV treads water in Q4,2,twitter
Ocean Grown Abalone : Results of Meeting #OceanGrownAbalone #Stock #MarketScreener https://t.co/c1IHVfDZdH https://t.co/DjXh9ai2EK,2,twitter
Ocean impact investment fund reaches $92m second close,2,twitter
Ocean Wilsons : 3Q19 Conference Call Transcript #OceanWilsons #Stock #MarketScreener https://t.co/GdpPjjdttw https://t.co/3pHhy9I1pZ,2,twitter
Oi S A : Material Fact - Reply to B3 Official Letter (276 Kb) #OiSA #Stock #MarketScreener https://t.co/sDkgnjdksi https://t.co/sCnZpVfe0L,2,twitter
ON Semiconductor to Demonstrate Intelligent IoT Technologies Including Advanced Audio Processing at CES 2020,2,twitter
One American CEO's tortuous path to surviving Trump's trade wars (via @brianreports) https://t.co/YaBXi1K287,2,twitter
OneWater Marine Inc. Prices Initial Public Offering,2,twitter
OneWater Marine prices initial public offering,2,twitter
OPG Power Ventures : Result of AGM & Appointment of Non-Executive #OPG #Stock #MarketScreener… https://t.co/5qR8q62Xqd,2,twitter
Orchard's OTL-200 nabs accelerated review in Europe for rare nerve cell disorder,2,twitter
Orsted : 195 A/S Notification Of Manager's Transaction #Orsted #Stock #MarketScreener https://t.co/sl8DGYFU97 https://t.co/xjBdiUR4dC,2,twitter
"Our Person in the News is Sundar Pichai, the new CEO of Google's parent company Alphabet. This week, the tech execu… https://t.co/2Dx45Bkcgf",2,twitter
Our Take On The Brink's Company's (NYSE:BCO) CEO Salary,2,twitter
"Over 92,000 Employees Of BSNL, MTNL Opt For VRS Scheme",2,twitter
Oyster Point Pharma Announces Positive Top-Line Results From the Phase 1 “ZEN” Study of Its Lead Nicotinic Agonist… https://t.co/BxjTFgnZOP,2,twitter
Pacific Star Network : Chairman's and CEO's Address to Shareholders #PacificStarNetwork #Stock #MarketScreener… https://t.co/IIwVxTvbxL,2,twitter
PagSeguro Digital : Form 13-D #PagSeguroDigital #Stock #MarketScreener https://t.co/BKLxy0c1Fj https://t.co/LlsrePMNUL,2,twitter
Panasonic and KOSÉ Set to Commence Verification Test for Personalized Proposals Utilizing Snow Beauty Mirror… https://t.co/yfyjGLjZui,2,twitter
Patrick Industries outlines succession plan,2,twitter
Pembina's Kinder Morgan deal cleared by Canadian competition regulator,2,twitter
"PennyMac Mortgage Investment Trust (NYSE: PMT) celebrates PMT's 10th anniversary of listing. Stanford L. Kurland, E… https://t.co/zWLarL2v0m",2,twitter
PepsiCo's New Coffee Drink Offers Twice As Much Caffeine,2,twitter
Perfect Corp. Reveals ‘2020 Global Color Trend Report’,2,twitter
Performance Food Group Company to Participate in the 2020 CAGNY Conference,2,twitter
Personal Assets Trust : Issue of Equity #PersonalAssetsTrust #Stock #MarketScreener https://t.co/YVEU1Yn7qp https://t.co/T8cTQ8XMba,2,twitter
"Personal Data Protection Bill Fails To Deliver On The Promise Of Privacy, Experts Say",2,twitter
Petratherm : Lapse of Unlisted Options #Petratherm #Stock #MarketScreener https://t.co/1S5teIM1R6 https://t.co/Fve14sBM45,2,twitter
Pfizer- A Stealth Blockbuster in Heart Drugs,2,twitter
PG&E boss says it wasn’t fully ready for California outages,2,twitter
PG&E Faces a Sprint to Fix Restructuring After Governor’s Rebuke,2,twitter
PG&E Faces a Sprint to Fix Restructuring After Governor's Rebuke,2,twitter
PG&E Is Dubious of Fire Victim’s Claim for a 500-Pound Emerald,2,twitter
PG&E Plays Its $13.5 Billion Hole Card,2,twitter
"PG&E, fire victims waive deadline for governor's OK of reorganization plan",2,twitter
Pharmaron Beijing : An announcement has just been published by the issuer in the Chinese s... #PharmaronBeijing… https://t.co/En8DrmZYTm,2,twitter
Ping An Securities : WITHDRAWAL OF PROPOSED SHARE CONSOLIDATION AND PROPOSED CHANGE IN BOA... #PingAnSecurities… https://t.co/wcKsyFyqDV,2,twitter
Pinterest launches a small business shop ahead of the holidays https://t.co/KJn0FHYIAQ,2,twitter
Pioneer Resources : Inferred Resource Estimate for Cade Lithium Deposit #PioneerResources #Stock #MarketScreener… https://t.co/35C6UqN55x,2,twitter
"PMC Bank Depositors Held After Protest, CM Assures Help To All",2,twitter
"PNB Under-Reported Bad Loans By Rs 2,617 Crore In FY19",2,twitter
Popeyes says firing 7 employees for Wisconsin brawl was only first step,2,twitter
PORR : starts into 2020 with successful EUR 150 million hybrid issue #PORR #Stock #MarketScreener... https://t.co/ZaVCLMDGUg,2,twitter
Powerhouse Ventures : Chairman's Presentation to AGM #PowerhouseVentures #Stock #MarketScreener… https://t.co/A79D2GffH7,2,twitter
Powerlong Real Estate : PROPOSED SPIN-OFF AND SEPARATE LISTING OF POWERLONG COMMERCIAL MAN... #PowerlongRealEstate… https://t.co/iu7KuQFwEn,2,twitter
Prime Mining Comments on Recent Promotional Activity  https://t.co/ar4M0A11v5,2,twitter
Primoris scores $30M of industrial awards,2,twitter
"Private Equity Won Big on Lululemon, and It’s Not Done Yet",2,twitter
Pro Pac Packaging : 2019 Annual General Meeting Presentation #ProPacPackaging #Stock #MarketScreener… https://t.co/aoWpKrk3PR,2,twitter
Professional Holding prices initial public offering,2,twitter
Profile & Software A E : Announcement 9631/2019 (no English translation available)  #Stock #MarketScreener… https://t.co/paZCY9mp4a,2,twitter
Prosus N : Statement regarding Just Eat PLC (Just Eat) circular #ProsusNV #Stock #MarketScreener… https://t.co/CbQZdHJmTe,2,twitter
Prudential to Deepen Presence in China Market; Asia CEO Nicandrou,2,twitter
"Public Comment Period on a Proposed Publication of SOFR Averages and a SOFR Index Extended to January 10, 2020 → https://t.co/stAMV5WAIP",2,twitter
"Public Sector Banks Collect Rs 1,996 Crore As Minimum Balance Penalty In FY19",2,twitter
Publix Commits to $4 Billion in Food Donations to Alleviate Hunger,2,twitter
PutWrite Strategies Offer a Buffer Against Losses | NASDAQ https://t.co/WX1cg8svBO,2,twitter
"Qantas challenges Airbus, Boeing to offer better deal on ultra-long haul jets",2,twitter
Qantas Passengers Evacuated After Hydraulic Issue With Plane,2,twitter
Qualcomm forecasts 450 mln in global 5G phone sales in 2021,2,twitter
Qualcomm provides three-year targets,2,twitter
"Rak Bank CEO on Earnings, Margins, M&A",2,twitter
Rare Element Resources Successfully Completes Pilot Plant,2,twitter
Read the police report from the incident in which a Tesla Supercharger caught fire at a Wawa store in New Jersey ea… https://t.co/MK9NpSHC79,2,twitter
Real Gold Mining : UPDATE ON THE PROCEEDINGS REGARDING GUANGFA BANK ACCOUNTS #RealGoldMining #Stock #MarketScreener… https://t.co/aRmvOBbpUc,2,twitter
Record Year for the Iberchem Group With the Completion of Two Acquisitions in Flavors and 19% Growth in Revenues,2,twitter
"Record-Breaking ""Frozen 2"" Debut Propels Disney Past an Important Milestone",2,twitter
Red Hill Iron : Amended Appendix 3B #RedHillIron #Stock #MarketScreener https://t.co/RsiaN2QDD0 https://t.co/l74DHS967n,2,twitter
Reebok joins plant-based trend with vegan sneakers,2,twitter
REG Blending Partner Becomes Boston’s Official Heating Oil Provider,2,twitter
Reliance Global executes contract on 260-unit apartment property,2,twitter
Renascor Resources : Expiry of Unlisted Options #RenascorResources #Stock #MarketScreener https://t.co/zX9UuLOB1Z https://t.co/em7Rvh6Evk,2,twitter
Renault : New Espace Dimensions & Technical datas #Renault #Stock #MarketScreener https://t.co/SrLtTA4uCf https://t.co/NAYMtBoIVw,2,twitter
Renault : New Renault Espace - Press kit EN #Renault #Stock #MarketScreener https://t.co/LJGDhIY4Wq https://t.co/bqpAjq0NCk,2,twitter
Renishaw : Sir David McMurtry awarded James Watt Gold Medal #Renishaw #Stock #MarketScreener https://t.co/vz7lfPYFtt https://t.co/uI9jWfgViM,2,twitter
Replacing Pratt engines in IndiGo fleet by end of January a challenge - CEO,2,twitter
Report: 43% of investors interested in bitcoin are women https://t.co/RrvQys6ZVd by @readDanwrite https://t.co/q96etM9iQQ,2,twitter
Report: Emirates Pilots Unaware Engines Idle in 2016 Crash,2,twitter
Report: FreightCar America Closing Roanoke Plant,2,twitter
ResApp Health : 2019 Letter to Shareholders #ResAppHealth #Stock #MarketScreener https://t.co/N7U1dIMU1r https://t.co/W8BNTavukW,2,twitter
Researchers designed a thumb-sized patch — containing 50 million stem cells — that can be implanted onto a heart at… https://t.co/3SvlVbbpK3,2,twitter
Resonant prices underwritten equity offering,2,twitter
Response to SGX Queries #ChinaJishan #Stock #MarketScreener https://t.co/vIjUzZeHBo https://t.co/71R36VYZUe,2,twitter
Ress Life Investments A/S: Ress Life Investments A/S publishes performance and portfolio data for 2019 #Stock... https://t.co/xBufthvnya,2,twitter
Restaurant Brands International : Burger King says it never promised Impossible Whoppers w...â€¦ https://t.co/lglPK2jij4,2,twitter
Resumen: SFL publica los resultados de 2019,2,twitter
Retirement Portfolio With Many Sector And Global Funds. https://t.co/G0aDmuRZaR #stocks #finance #investing,2,twitter
Reunion Gold Announces Change in Fiscal Year-End  https://t.co/w6lAuHY5lY,2,twitter
Revealing The True Extent Of Exxon’s Natural Gas Blow Out,2,twitter
"RevoluGROUP Canada Inc. Correction RedCHAPINA DA For RevoluPAY®, Update RevoluVIP Car Rentals And Cruises  https://t.co/coBgIidf2f",2,twitter
Ridley : Managing Directors address to shareholders #Ridley #Stock #MarketScreener https://t.co/fjoLUsOYUK https://t.co/UXVKthM3qK,2,twitter
Rio Tinto’s Giant Mongolia Project Dealt Another Blow,2,twitter
RLH updates on asset sale,2,twitter
RoboSense erhält Zertifizierung nach IATF 16949,2,twitter
RoboSense Obtains IATF 16949 Certification,2,twitter
Roche Presents Spinal Muscular Atrophy Drug Data,2,twitter
Ronson Development : Report no 71 Purchase of own shares #RonsonDevelopment #Stock #MarketScreener… https://t.co/PLe8coXt0V,2,twitter
Royal Dutch Shell plc Transaction In Own Shares #RoyalDutchShell #Stock #MarketScreener https://t.co/DNVHVucNPD https://t.co/M7c24H5Rts,2,twitter
RPT-UPDATE 2-Alibaba to price shares at HK$176 in $12.9 bln Hong Kong listing - sources,2,twitter
RRD Partners with Microsoft Store to Boost In-Store Marketing Efforts,2,twitter
Ryanair Is a Polluting Airline. There's No Hiding That Fact,2,twitter
SAExploration gets Nasdaq non-compliance letter,2,twitter
Salarius Pharma files for equity offering,2,twitter
Salesforce Conference Interrupted by Immigration Protesters,2,twitter
Salesforce on watch as DreamForce event ramps up,2,twitter
Salesforce to use Amazon AI technology to improve call center services,2,twitter
"Salesforce, Amazon taking on RingCentral",2,twitter
"Samenvatting: Japanse NEDO en Panasonic behalen ‘s werelds hoogste conversie-efficiëntie van 16,09% voor grootste zonnecelmodule met Perovskite per gebied",2,twitter
San Jose Water Files Application for Investment in Advanced Metering Infrastructure https://t.co/epwLO7RJwJ,2,twitter
"Santana Minerals : Petrology Confirms Nickel, Cobalt and Copper Sulphides- Laos #SantanaMinerals #Stock… https://t.co/iFuAAs9x2O",2,twitter
Sappi : joins Cepi in the 4evergreen alliance to boost the contribution of fibre-based pac... #Sappi #Stock… https://t.co/k9qn8c1Ls2,2,twitter
SASA Polyester Sanayi A.Ş. Selects INVISTA PTA Technology,2,twitter
SASA聚酯选用英威达PTA技术,2,twitter
Schwab aims for more than survival with $26bn Ameritrade deal https://t.co/gjv4BA3ZiE,2,twitter
Schwab bulks up for fee war with $26bn TD Ameritrade deal https://t.co/LHKK0AMbRF,2,twitter
"Science, tech investor Kairos Ventures launches second fundraise of the year, could collect up to $250m",2,twitter
Sears' Eddie Lampert looks to regain full ownership of Sears Hometown and Outlet Stores,2,twitter
SeaSpine teams up with 7D Surgical to integrate product offerings,2,twitter
SEBI Issues Performance Benchmarking Guidelines For Alternative Investment Funds,2,twitter
Sensus Recognized for Innovation at Smart Utility Summit,2,twitter
SFL publiceert recordresultaten voor 2019,2,twitter
SGS : Helps Uruguay Customs Detect Major Drug Smuggling Operation #SGS #Stock #MarketScreener… https://t.co/d9Xs6eTJYD,2,twitter
Shelf Drilling : USDA's Recommendations for a Safe Thanksgiving #ShelfDrilling #Stock #MarketScreener… https://t.co/sLa64XAoNX,2,twitter
Shell pushes to power with plans for first big solar plant,2,twitter
Shell to continue search in renewables after losing Eneco tender https://t.co/QIPyFGvOWd https://t.co/H4xKLYjdvO,2,twitter
"Sherwin details $600M plan for new HQ, R&D center",2,twitter
Shree Minerals : Golden Chimney Exploration Update #ShreeMinerals #Stock #MarketScreener https://t.co/yzgeROuSyy https://t.co/6loiAtgU0u,2,twitter
Sienna Cancer Diagnostics : Key Terms of CEO/Managing Director Employment Contract #SiennaCancerDiagnostics #Stock… https://t.co/g0J3hXxRYg,2,twitter
"SIIC Environment : to Build 3,800 tonnes per day Waste Treatment Project in Shanghai, PRC #SIIC #Stock… https://t.co/sUL4Oigfu7",2,twitter
Sino Harbour : VOLUNTARY ANNOUNCEMENT-INCREASE IN SHAREHOLDINGS BY A SUBSTANTIAL SHAREHOLDER #SinoHarbour #Stock… https://t.co/96y1qXs4Fb,2,twitter
Skanska : Co-creating solutions to reduce the industry's carbon footprint #Skanska #Stock #MarketScreener… https://t.co/9nyStnrT3l,2,twitter
Skyworks : Statement of changes in beneficial ownership of securities #Skyworks #Stock #MarketScreener… https://t.co/LDfZBIMju4,2,twitter
Smart Cannabis Cultivators are Leveraging Natural Gas to Cut HVAC Costs up to 80%,2,twitter
Soapbox: A small business with some big partners,2,twitter
SocGen Pledges Higher Returns After Dropping Profit Target,2,twitter
SocGen Pledges Higher Returns After Signaling It May Miss Target,2,twitter
Societatea Energetica Electrica : Current report &ndash; BoD member renunciation &ndash; 1...… https://t.co/X5zMjjyNqM,2,twitter
"SoftBank combining Yahoo Japan, Line Corp",2,twitter
SoftBank launched a long-awaited $3 billion tender offer for WeWork stock https://t.co/gpotD3TlHu,2,twitter
SoftBank launches robotic vacuum in U.S.,2,twitter
Softbank leads $140 million funding round for Brazil start-up VTEX #economy #MarketScreener https://t.co/6SyhuFXK6o https://t.co/B8LV7okcVa,2,twitter
SoftBank Said to Go Ahead With WeWork Stock Tender Offer:Reuters https://t.co/ai9OYBibdD,2,twitter
SoftBank to Create Japan Internet Giant to Battle Global Rivals,2,twitter
SoftBank to go ahead with WeWork stock tender offer this week #economy #MarketScreener https://t.co/MQFbUV0mnl https://t.co/l4UmkBixZV,2,twitter
SoftBank unveils a $184 million initiative to accelerate AI research https://t.co/0tsvtEjk1R,2,twitter
SoftBank-backed Paytm raises $1 billion in fresh funding https://t.co/lYCXkrozmW https://t.co/988P07IWob,2,twitter
Software Acquisition prices $130M initial public offering,2,twitter
Sophos : Form 8.5 (EPT/RI)Sophos Group plc_Replacement #Sophos #Stock #MarketScreener https://t.co/hz8AM6PHyY https://t.co/PEDqE4XEWt,2,twitter
Sorrento Therapeutics : Simplified registration form #SorrentoTherapeutics #Stock #MarketScreener… https://t.co/lhFzM5cjVe,2,twitter
Sotherly Hotels Inc. Announces Relocation of Corporate Headquarters  https://t.co/xn5xjkNDq1,2,twitter
Sourcewater Launches DirtWork AlertTM Satellite Intelligence for Permian Basin Sitework,2,twitter
"South African Airways Cuts Foreign, Local Routes to Stay Afloat",2,twitter
Southern : Georgia Power Says Final Containment Ring Placed at Vogtle Unit Nuclear Project #Southern #Stock… https://t.co/r6JYUmOlcG,2,twitter
Spence Mullis Named Community Banker of the Year  https://t.co/SkrzZxjwMg,2,twitter
Spill contained at Shell's Puget Sound refinery,2,twitter
Spoiling Tesla’s Rally Could Come Down to Upcoming Catalysts,2,twitter
Spot on once again! #ES_F $SPY guidance matters when it comes to taking individual trades.. https://t.co/b7vjQOiHxO,2,twitter
"Spotify, the world’s most popular paid music streaming service, will suspend political advertisements in 2020. More… https://t.co/6RAq8rN8cx",2,twitter
Spotify-Backer Northzone Raises $500 Million for New Investments,2,twitter
Sprout Social goes public,2,twitter
Square's Getting Serious About E-Commerce,2,twitter
Standard Life Aberdeen : Form 8.3 - Cobham plc #StandardLifeAberdeen #Stock #MarketScreener https://t.co/ZfOZ5EbPiV https://t.co/2ldrO4Rjvw,2,twitter
Stein Mart looks for edge with jewelry,2,twitter
Stride Property : HY20 Interim Report and Results #StrideProperty #Stock #MarketScreener https://t.co/XLYNhr5bs9 https://t.co/zWeNrM8gAO,2,twitter
Strike On Tuesday Looms For Canadian National After Teamsters Sends Notice To Company,2,twitter
Sunni Waqf Board To Meet On Tuesday To Discuss  Ayodhya Review Plea Filing,2,twitter
SunPower launches 22M-share public offering,2,twitter
SunPower selected to build JFK Airport solar project,2,twitter
SunPower to offer 22 mln common shares to the public,2,twitter
Sutter Rock Capital Corp. Announces Expiration and Final Results of Modified Dutch Auction Tender Offer to Repurcha… https://t.co/E3GKssFpdX,2,twitter
Svante and Chevron Technology Ventures Launch Study for Carbon Capture Pilot Unit,2,twitter
Sweden says U.S. interest in Ericsson logical for 5G capability,2,twitter
TAAL Announces Appointment of Auditor https://t.co/1fH6gwlJRh,2,twitter
Tachyum CEO Dr. Radoslav Danilak Discusses ‘Bringing Slovakia to the Forefront of the Digital Age’ at CEO Forum,2,twitter
Taco Bell dives into the fried chicken wars with its Crispy Tortilla Chicken https://t.co/aKjYzVl9jv by @heidi_chung https://t.co/lv0Iv2cHQz,2,twitter
"Taco Bell wants you to take its tacos, stick them in a blender and serve them as bisque on Thanksgiving… https://t.co/htgMaQulDq",2,twitter
Taiwan Fund : Announces Share Repurchases under its Discount Management Policy from Novemb... #TaiwanFund #Stock… https://t.co/pP2MXVbsOk,2,twitter
Target steps up same-day delivery options,2,twitter
"Tata Steel plans to cut up to 3,000 European jobs",2,twitter
TD sees no rate hikes by G-10 central banks next year,2,twitter
Teledyne to Present at the Cowen Aerospace/Defense & Industrials Conference,2,twitter
Telenor says Huawei will still play role in 5G rollout,2,twitter
Telix Pharmaceuticals : Webcast of CEO presentation to Jefferies Conference #TelixPharmaceuticals #Stock… https://t.co/byNSIkQ6op,2,twitter
Tencent In Talks to Form Consortium for Universal Music Group Stake,2,twitter
Tensions are mounting between Credit Suisse Chairman Urs Rohner and CEO Tidjane Thiam ahead of a board meeting next... https://t.co/MgIdMvc4TQ,2,twitter
Terna S p A : and consumer associations work together to strengthen collaboration and dial... #TernaSpA #Stock... https://t.co/WlKey5gvh5,2,twitter
Tesco Asks Thai Tycoons for Next-Round Bids for Asia Unit,2,twitter
"Tesla Chief Executive Elon Musk unveils the company’s electric Cybertruck, venturing into the pickup truck market,… https://t.co/ZmEo7wtHTQ",2,twitter
Tesla Cybertruck: 5 important questions about the polarizing EV https://t.co/71KKuvkr2q,2,twitter
Tesla just unveiled its first electric pickup: The Cybertruck. The truck boasts 300 miles of range and will come wi… https://t.co/uuFv0hiumU,2,twitter
Tesla Remotely Removed Autopilot From A User's Car Without Telling Them: Report,2,twitter
Tesla Set to Bulk Up the World’s Largest Lithium-Ion Battery,2,twitter
Tesla unveiled a new electric pickup truck called Cybertruck yesterday. But the truck’s futuristic design polarized… https://t.co/e70Lm0m1dy,2,twitter
Tesla: How Much Is Hype and How Much Is Real?,2,twitter
Tesla's Autopilot could save millions of lives — but it will also kill some people first. More @BW… https://t.co/UuIyidmZ5O,2,twitter
Tesla's Cybertruck has arrived and it looks nothing like any pickup truck you've ever seen. But a demonstration of… https://t.co/QeXN1M7oSE,2,twitter
"Tesla's demo of its first electric pickup didn't go quite according to plan. The ""Tesla armor glass"" windows shatte… https://t.co/8Ysj4aMSfa",2,twitter
"Tesla's made-in-China cars will qualify for subsidies there, a potential boon for the company https://t.co/7jDzEbGCsP",2,twitter
Teva inks early-stage drug research deals,2,twitter
"Teva, drugmakers in talks With U.S. to end generics probes https://t.co/Gq01nHEEaP via @business https://t.co/M0ICENAbiX",2,twitter
TFF Pharmaceuticals : Corporate Presentation #TFFPharmaceuticals #Stock #MarketScreener https://t.co/NfQGrwKVpt https://t.co/J3JGDaVmjG,2,twitter
That Odd Kroger Partnership With Walgreens Just Got Weirder,2,twitter
The David Rubenstein Show: Bank of America CEO Brian Moynihan,2,twitter
"The Executive VP & Chief Commercial Officer of Corteva, Inc. (NYSE:CTVA), Timothy  Glenn, Just Bought 6.7% More Shares",2,twitter
"'The Irishman' drew a solid audience for Netflix with a budget of just over $150 million, despite people complainin… https://t.co/ahD62e7PwZ",2,twitter
The Medicines Company's inclisiran shows positive effect in HeFH study,2,twitter
The salary information released by Intel today isn’t flattering — and is information the company didn't have to sha… https://t.co/FogrP4UOV5,2,twitter
The Silver Lining in Ford's Struggling Chinese Market,2,twitter
The Splunk Data-to-Everything Platform Brings Speed and Scale to McLaren,2,twitter
The three major Democratic committees blasted Google for an ad policy that will allow politicians to run false ads… https://t.co/TMPBUdH9FB,2,twitter
These 4 Measures Indicate That Odfjell (OB:ODF) Is Using Debt Extensively,2,twitter
This company in Dubai is taking the oil used to cook McDonald's fries and chicken nuggets and turning it into biodi... https://t.co/IqyONQVAFx,2,twitter
This startup makes a meat alternative out of thin air https://t.co/BSTzaP5OdB by @bridgetteAwebb https://t.co/s9zI30ZJB5,2,twitter
Thomson Resources : AGM - Chairman's Address #ThomsonResources #Stock #MarketScreener https://t.co/iWZBpJ0Eza https://t.co/DojMz764jO,2,twitter
Tightrope Thiam: comeback CEO stung by a spying scandal,2,twitter
"Tilray Launches Canadian Cannabis 2.0 Products, Completes First Export Of Medical Cannabis Extract To Switzerland",2,twitter
Tinyclues accélère sa croissance en 2019,2,twitter
T-Mobile CEO: 'Was never having discussions' to run WeWork,2,twitter
Tough road seen for LaCroix,2,twitter
TPG-backed NewQuest hits $1bn final close for Asia Fund IV,2,twitter
Transnet Outlines Plans for Cheaper Coal to Eskom,2,twitter
Trayport to provide trading platform for Bulgaria's gas bourse,2,twitter
Trevena reports results from special population studies for oliceridine,2,twitter
"Troy Income & Growth Trust : U.S. Dairy Industry Commends Breakthrough on USMCA, Urges Swift Passage of Deal… https://t.co/78LUyoVp0S",2,twitter
TUI and Royal Caribbean Expand Cruise Partnership With $1.3 Billion Deal,2,twitter
Tupperware opens first-ever store in NYC's Soho neighborhood,2,twitter
Twitter : Statement of Changes in Beneficial Ownership #Twitter #Stock #MarketScreener https://t.co/SO1GpndMW4 https://t.co/Y1SH7aSxz9,2,twitter
Twitter CEO Jack Dorsey is funding a small team to chase his idealistic vision for social media https://t.co/TeectcBqHT,2,twitter
Twitter is now letting people hide unwanted replies to their tweets as part of a broader effort to make the platfor… https://t.co/rYtx0jem05,2,twitter
Two Amazon Locations in Germany Face Strikes Ahead of Christmas,2,twitter
Two of the leaders of the online brokerage industry are merging. Charles Schwab agreed to buy TD Ameritrade for $26… https://t.co/OFZtW5YR5n,2,twitter
Two-Year-Old Cloud-Security Startup Clumio Raises $135 Million,2,twitter
Tyson Foods : Nudges Dog Treats Turns Unwanted Holiday Gifts into Fido's Favorite Toy #TysonFoods #Stock… https://t.co/Qu0xG2MBff,2,twitter
U.K.’s Largest Pension Fund Plans to Halve Hedge-Fund Holdings,2,twitter
U.S.-based chip-tech group moving to Switzerland over trade curb fears #economy #MarketScreener… https://t.co/DJJTQB9Hhe,2,twitter
Uber helicopter rides to from Manhattan to JFK International Airport were briefly cheaper than by car https://t.co/DBtx9lfjWz,2,twitter
Uber Plans to Appeal London License Ban,2,twitter
Uber ready to join FANG after earnings - RBC,2,twitter
Uber submits appeal to regain London taxi license,2,twitter
Uber Technologies : Correction to story on Uber's reports of sexual assault #UberTechnologies #Stock… https://t.co/i4FjeC7F2x,2,twitter
Uber Technologies : Driving Change- Working Together to End Gender-Based Violence #UberTechnologies #Stock… https://t.co/lTGeVzV524,2,twitter
Uber Technologies : Safety Report Details Sexual Assaults in U.S. Over Two Years -- Update... #UberTechnologies… https://t.co/ysgIsoXwoK,2,twitter
United Shore gives away Cadillacs to 13 employees after record-breaking year,2,twitter
UnitedHealthcare to Open Member Medicare Services Centers in Select Walgreens Stores,2,twitter
"Unlike its competitors, @MakerDAO isn't backed by government-issued currencies, but by other cryptocurrencies.  https://t.co/3GCSvHl8ry",2,twitter
Unusual Ventures races to $400m final close for Fund II,2,twitter
UPDATE – AffaMed Therapeutics Receives NMPA Approval to Initiate Phase III Clinical Trial in China with Herceptin®… https://t.co/e6GqTwFBn0,2,twitter
UPDATE 1-Alibaba to close books early in $13.4 bln Hong Kong listing after strong demand -sources,2,twitter
UPDATE 1-Alibaba will raise up to $12.9 bln in Hong Kong listing -sources,2,twitter
UPDATE 1-Apple starts construction of new $1 billion campus in Texas,2,twitter
UPDATE 1-Emirates announces $16 bln order for 50 Airbus A350 planes,2,twitter
UPDATE 1-Emirates wants new Boeing jet put through 'hell on Earth' in testing,2,twitter
UPDATE 1-Flydubai chairman says could still buy Airbus A320s to replace MAX jets,2,twitter
"UPDATE 1-HollyFrontier to build biodiesel plant, buy back $1 bln in shares",2,twitter
"UPDATE 1-Russia's Sberbank, Mail.Ru to invest $1 billion in online food, taxi venture",2,twitter
UPDATE 1-Russia's Yandex to adjust corporate governance structure,2,twitter
UPDATE 1-Saudi airline flynas in talks to exercise Airbus A320neo options,2,twitter
UPDATE 1-Singapore's Pavilion cancels U.S. LNG cargo loading as market faces oversupply,2,twitter
UPDATE 2-Canada's labor union says no progress in talks with CN Rail; strike threatens grain exports,2,twitter
UPDATE 2-Major FirstGroup shareholders call for U.S. asset sale,2,twitter
"UPDATE 2-Qantas challenges Airbus, Boeing to offer better deal on ultra-long haul jets",2,twitter
Update on Investment for Accounting Purposes in Cascabel  https://t.co/m6nI1RGSUm,2,twitter
Vail Resorts (MTN) Dips More Than Broader Markets: What You Should Know - Nasdaq,2,twitter
Vanguard Dividend Appreciation ETF declares quarterly distribution of $0.5985,2,twitter
Vanguard Global ex-U.S. Real Estate ETF declares quarterly distribution of $3.6471,2,twitter
VC Deals: Alphabet Pushes Duolingo To $1.5B Valuation. Read more and get updates on any stock!… https://t.co/eBS2Ea6sdg,2,twitter
Verizon CEO Hans Vestberg Talks About Melding 5G and the Cloud,2,twitter
Verseon : Update on Tender Offer #Verseon #Stock #MarketScreener https://t.co/5vVX6gi1DV https://t.co/Y4SvsAVe5U,2,twitter
Vertex teams up with Molecular Templates in HSCT conditioning regimens,2,twitter
VF Corporation details coronavirus impact,2,twitter
VF Corporation Provides Update on Business Impact of Coronavirus in China,2,twitter
Viacom extends cable rights to 'The Office',2,twitter
ViacomCBS Plans New Streaming Video Service,2,twitter
Vipshop announces business cooperation with SF Holding,2,twitter
Vista Outdoor : Federal Ammunition is the Official Ammunition of ACUI Clay Targets Program #VistaOutdoor #Stock… https://t.co/pf9kLnLVt2,2,twitter
VitalHub Announces Contract to Support EY Engagement in the Kingdom of Saudi Arabia by Delivering Patient Appropria… https://t.co/TqKjiDLvqs,2,twitter
Vodafone Idea To Drop Brand ‘Idea’ From Postpaid Services,2,twitter
Vodafone moving key operations to Google Cloud,2,twitter
Vodafone to Hand Management of Ghana Unit to Africa Operation,2,twitter
"Vodafone, Bharti Airtel to Hike Prices in India",2,twitter
Volkswagen expects economies of scale with ID.3,2,twitter
Vote of confidence for 737 MAX as orders inked in Dubai,2,twitter
VW CEO says new ID.3 car 40% cheaper to build than electric Golf,2,twitter
Walmart hopes its new merchandising look will help convince shoppers that it offers high-quality fruit and vegetabl… https://t.co/6D86DtSLhW,2,twitter
"Watch the Tesla Cybertruck's supposedly unbreakable ""armor glass"" windows break after a metal ball was thrown at th… https://t.co/C21zXUJb7I",2,twitter
"WATCH: Softbank chief Masayoshi Son and Alibaba founder Jack Ma, two of Asia’s most prominent tech entrepreneurs, t… https://t.co/tpuoNFPYvf",2,twitter
Water Oasis : Date of Board Meeting #WaterOasis #Stock #MarketScreener https://t.co/ErDKa9DWuu https://t.co/4LxS7J1EH3,2,twitter
Weebit Nano : Leti test results show efficiency improvements #WeebitNano #Stock #MarketScreener… https://t.co/vcVPWljJat,2,twitter
Western Union selects AWS as preferred cloud,2,twitter
Westpac Banking : Announces Response Plan #WestpacBanking #Stock #MarketScreener https://t.co/2omy81w7tT https://t.co/Mr1tuXbkWY,2,twitter
WeWork chairman tells employees the plan is to have positive adjusted earnings by 2021 https://t.co/B4ZfxiJXI8,2,twitter
"WeWork names new executives, path to profitability by 2023: report https://t.co/nby7jpZ6xu https://t.co/17hr8mW3VA",2,twitter
WEWORK TO CHANGE LEASING MODEL IN MANY CITIES: FT https://t.co/qgvhNSx3Up,2,twitter
WH Smith : Circ re. Proposed Acquisition of Marshall Retail #WHSmith #Stock #MarketScreener https://t.co/YPn8LMmPVA https://t.co/u3YxzhGUZS,2,twitter
What Forms The Bulk Of Newmont-Goldcorp’s Expenses?,2,twitter
What Tesla taught Ford https://t.co/gYHzvB9QRc by @rickjnewman https://t.co/arQvfOYe2K,2,twitter
What To Expect From Tesla's 'Cybertruck' Event,2,twitter
What’s Next for the Proteostasis Cystic Fibrosis Pipeline,2,twitter
WhatsApp Closes In On Full Fledged UPI Payments Launch,2,twitter
Why HP Left the Door Open for Xerox,2,twitter
Williams Industrial Services Group Announces Key Dates for $7 Million Rights Offering,2,twitter
"Wimbledon Owner Bids for Bank of England Sports Club, Mail Says",2,twitter
Wincanton : Form 8.5 (EPT/RI) - Eddie Stobart Logistics plc #Wincanton #Stock #MarketScreener… https://t.co/MJRn0UfUfp,2,twitter
Wins Finance gets noncompliance letter from Nasdaq,2,twitter
Wipro Wins Multi-Year Strategic IT Deal From Marelli,2,twitter
With or without Huawei? German coalition delays decision on 5G rollout,2,twitter
"With or Without Walsh, British Air Parent Will Welcome Back Boeing’s Max",2,twitter
"With Tiffany, LVMH grows in jewelry. And Tiffany gets another chance to shine https://t.co/BBjaTsXNfC",2,twitter
Would TD Bank benefit from a Schwab-Ameritrade deal? https://t.co/4ouJlCnZof,2,twitter
Xoma readies rights offering,2,twitter
XPS Pensions : ' Radar wins 'Actuarial Software of the Year' #XPS #Stock #MarketScreener https://t.co/DJZ2BuljEr https://t.co/Hu4Yqncq4M,2,twitter
Yangtze Optical Fibre And Cable Joint Stock : ANNOUNCEMENT - PROPOSED RE-ELECTION OR ELECT... #Stock… https://t.co/frgX2SroUu,2,twitter
Yankee Candle Opens New State of the Art Research & Development Facility in Western Massachusetts… https://t.co/QZHrzvaEnw,2,twitter
"Yes Bank Shareholders Approve Raising Up To Rs 10,000 Crore Through QIP",2,twitter
Yestar Healthcare : Next Day Disclosure Returns #YestarHealthcare #Stock #MarketScreener https://t.co/k6srQHazpf https://t.co/oW9KRoFuxU,2,twitter
YouTube's Smaller and Growing Slower Than Instagram,2,twitter
Zelda Therapeutics : Investor Presentation - Non-deal Roadshow #ZeldaTherapeutics #Stock #MarketScreener… https://t.co/dSU27Y9kw8,2,twitter
Zijin Mining : State councilor meets ex-Japanese PM on bilateral ties #ZijinMining #Stock #MarketScreener… https://t.co/eH23SKoofr,2,twitter
$KMI $UNG $UGAZ - Kinder Morgan's Elba Island terminal set for first LNG export shipment https://t.co/vKLNKfIk5B,2,twitter
"$PE $PXD - Parsley willing to cut oil production 20% if deal reached, CEO says https://t.co/ovttr0X0d0",2,twitter
$XOM $HES $CEO - Guyana aims for agreement with Exxon on pricing before first oil export https://t.co/yVP8puMRtP,2,twitter
"BP plans deep cuts to its carbon emissions by 2050, setting one of the oil sector's most ambitious targets, as part… https://t.co/3AcE3mzTVW",2,twitter
Brasileiro S A Petrobras : Petrobras on oil production in April  #Stock #MarketScreener… https://t.co/5eyTJr9IM7,2,twitter
PUCO accepts results of Dominion Energy Ohio's natural gas supply auction #Stock #MarketScreener… https://t.co/91Trlb6bEf,2,twitter
CORE GOLD TEMPORARILY SUSPENDS OPERATIONS AT DYNASTY GOLDFIELD  https://t.co/CxYlVLnQ8r,2,twitter
$XOM - Exxon Beaumont cuts run rates until product demand improves https://t.co/hOE7FBC87Y,2,twitter
Bank of America said that it's seen fierce demand for emergency rescue loans with current applications already acco… https://t.co/pZYT36LSCO,2,twitter
Europcar nears rescue deal with lenders - source #economy #MarketScreener https://t.co/lyXOp5Y9EN https://t.co/xoHOEANJBt,2,twitter
Disney responds to data breach after thousands of Disney+ accounts hacked,0,twitter
"Disney+ accounts are getting hacked, sold for $3: RPT",0,twitter
Hackers Are Targeting Ring Cameras,0,twitter
"Hackers have gained access to thousands of Disney+ user accounts, selling them for between $3 and $11, according to… https://t.co/WjNynp7g4w",0,twitter
"Macy’s Hit With Malware Attack, Customer Data Stolen",0,twitter
Macy's discloses data hack,0,twitter
Finablr : Ransomware-hit Travelex says it has recovered its UK website #Finablr #Stock #MarketScreener... https://t.co/DjDq3E2hNe,1,twitter
"""Never, ever use a debit card,"" warns fraud expert and ex-con artist. (via @CNBCMakeIt) https://t.co/crcxJSsGNt",2,twitter
A database aggregating 1.2 billion users’ personal information was discovered unprotected on a server alleged to be… https://t.co/Ny5YsUwHNB,2,twitter
Iran Defuses Second Cyberattack in Less Than a Week: Minister,2,twitter
What the Disney+ ‘hack’ should teach you about your own security,2,twitter
Dollar & Bond Yields Slide After FOMC Folds https://t.co/ITPlHnCbXG,0,twitter
10Y yield just 15bps away from all time lows.,0,twitter
3Y Auction Tails On Muted Buyer Demand Despite Unlimited Fed QE  https://t.co/5jkVn4FpFL,0,twitter
"As Africa Drowns In Debt To China, IMF Sounds The Alarm https://t.co/WFfZkXhlLG",0,twitter
Illinois risk seeing its credit rating cut to junk https://t.co/ZXGEAkBeeM,0,twitter
"JPMorgan says bonds to slump, fueling a return to cyclicals https://t.co/r91WzjL9Da via @business https://t.co/GheX3DBwXA",0,twitter
Nigeria's government plans to raise as much as $6.9 billion from multilateral lenders to offset the impact of the C… https://t.co/ejfuD1G7WW,0,twitter
"Riskier investments, including junk bonds and nongovernment-backed mortgages, are being left behind as markets atte… https://t.co/8uiVDNWl5b",0,twitter
Societe Generale's Subadra Rajappa is concerned treasury yields could quickly snap back https://t.co/tGVmttl7GD… https://t.co/rrreeGl5tw,0,twitter
South Africa could fall deeper into junk territory after S&P cut the outlook on its assessment of the nation’s debt… https://t.co/ej4julbme6,0,twitter
South Africa could fall deeper into junk territory after S&P cut the outlook on its assessment of the nation’s debt… https://t.co/ESBc1kS0JG,0,twitter
Treasury yields hold rise after housing starts,0,twitter
Global stock rally spurs selloff of Treasurys ahead of benchmark debt auction https://t.co/DqNyYNisgU,0,twitter
Argentine bonds surge after investors call Buenos Aires' bluff https://t.co/8w8FnunayA https://t.co/xvKTwFvYiw,1,twitter
Buenos Aires Surrender Sends Argentine Bonds on a Wild Rally,1,twitter
Negative-Yield Bond Pool Declines As Hopes For Global Recovery Soar https://t.co/s7yCfXlAZf,1,twitter
Treasury yields inch higher after economic data,1,twitter
Treasury yields pare decline after January jobs report,1,twitter
$ARD - Ardagh Group prices $500M senior secured notes due 2025 https://t.co/bL4jvuQQsp,2,twitter
$BAM - Brookfield Asset Management announces proposed debt offering https://t.co/zG400YPdK3,2,twitter
$BONDX: Overnight Treasury Market Summary https://t.co/Klpw9jWgl7,2,twitter
$BONDX: Overnight Treasury Market Summary https://t.co/OLdJFxTwjs,2,twitter
$BONDX: Overnight Treasury Market Summary https://t.co/QiA03kX9Us,2,twitter
$BONDX: Treasury Market Summary https://t.co/A4uIHxh8sk,2,twitter
$BONDX: Treasury Market Summary https://t.co/cXRc7nHBZF,2,twitter
$BONDX: Treasury Market Summary https://t.co/pPV9AHYSBR,2,twitter
$BONDX: Treasury Market Summary https://t.co/XhYM9AuD63,2,twitter
$COLL: Collegium Pharmaceutical commences $125 mln offering of convertible senior notes due 2026 https://t.co/1kEdpsjlCd,2,twitter
$CPT - Camden Property Trust: 4% Yield With No Near-Term Debt Maturities. https://t.co/nRuXUZzsbE #finance #stocks #economy,2,twitter
$IVR - Invesco says counterparties have sold $3.5B in pledged securities https://t.co/ou1rX5vfeL,2,twitter
$MLCO - Melco Resorts Finance proposes senior notes offering https://t.co/IBZwYzx7QQ,2,twitter
$NCR - NCR Corporation to offer $400M senior notes due 2025 https://t.co/PN0F1E2Ijl,2,twitter
$NDAQ - Nasdaq prices 600M of 0.875% senior notes https://t.co/fPD79l4E99,2,twitter
$NWE: NorthWestern provides COVID-19 response update; announces entry into $100 million 364-day term loan https://t.co/LfNY7GPhwO,2,twitter
$PFSI - PennyMac's new servicing advance financing to enhance liquidity https://t.co/7cJDt97soB,2,twitter
$PFSI: PennyMac announces new servicing advance financing; Structure enhancement completed with Ginnie Mae to allow… https://t.co/BfQBE7n3AH,2,twitter
$R - Ryder enhances its liquidity position with $400M public bond offering https://t.co/Pr8ZM0umo6,2,twitter
$RILY - B. Riley prices upsized $115M offering of notes https://t.co/d3pnx2m1Xm,2,twitter
"$SPSK - Islamic Bond ETF Covers Unique ESG Market, For A Price. https://t.co/ykp5jaMkCj #investing #markets #trading",2,twitter
"$SRC - Spirit Realty gets new term loan, boosting liquidity to $700M https://t.co/T6pI5ef6xI",2,twitter
$TITN - Titan Machinery amends and restates credit agreement https://t.co/AzZMDQtlWY,2,twitter
$WORK: Slack announces $600.0 mln aggregate principal amount of convertible senior notes due 2025 in private offeri… https://t.co/Z4QL33A00t,2,twitter
10-year yield at 1.649%; 2-year yield at 1.443%; 30-year yield at 2.126%,2,twitter
10-year yield at 1.812%; 2-year yield at 1.606%; 30-year yield at 2.290%,2,twitter
A troubled Chinese state-own firm is giving bondholders a stark choice on $1.25 billion of dollar bonds https://t.co/Yv4ZMPCJ5Z,2,twitter
Adani Joins India’s Dollar Bond Frenzy With $1 Billion Sale,2,twitter
Airbnb to terminate $1 billion credit facility after private equity deal: sources https://t.co/Y6dOvo4FQq https://t.co/JCIi7Rekya,2,twitter
Allegheny Technologies proposes senior notes offering,2,twitter
Ardagh S A : Launch of $200 million Senior Secured Notes #ArdaghSA #Stock #MarketScreener https://t.co/EmLrd8ASvc https://t.co/XydAdI2oL5,2,twitter
"Argentina is trying to restructure debt with creditors, IMF https://t.co/RCsU9xOZee",2,twitter
AT&T : Boosts Liquidity With $5 Billion Term-Loan #ATT #Stock #MarketScreener https://t.co/gU6e8gRlU2 https://t.co/tqhMQDHWDq,2,twitter
AT&T supports Pai's public midband auction call; I -40%,2,twitter
AT&T takes on $5.5 billion loan to boost 'financial flexibility' https://t.co/WtOtgqfD0k https://t.co/Oh5ridf3ib,2,twitter
Aurora Cannabis says 94% of holders of its C$230 million in convertible debt opt for early conversion,2,twitter
Aurora sets early conversion price for convertible bonds at discount to Friday's https://t.co/e6jbpJ9FUm,2,twitter
Bank Indonesia : The Republic of Indonesia Issues USD4.3 Billion Notes through SEC-Registe... #BankIndonesia… https://t.co/P1FoVdlj2k,2,twitter
Biggest Australia bond rally since 2014 drives Japan funds away https://t.co/pLW1wUlwXp,2,twitter
Bond ETFs for Those Focused On Resurgence in Inflation,2,twitter
"Bond Investors Are Back, Even in Indonesia -- 2nd Update #taux #MarketScreener https://t.co/SU92cPOAcs https://t.co/5qO73S1lBu",2,twitter
Bond Investors Fume at Price Talk Some Call ‘Bait and Switch’,2,twitter
Bond market is focal point of trade war for RBC’s Schaffrik https://t.co/pQGooWUYKv https://t.co/Npcbn0U7n5,2,twitter
Brian Chappatta on Trade Doubts in the Bond Market (Podcast),2,twitter
Carlisle Companies Extends $1 Billion Credit Facility,2,twitter
Castor Maritime : Announces $11.0 Million Senior Secured Debt Financing #CastorMaritime #Stock #MarketScreener… https://t.co/PupuXX3092,2,twitter
"Charlie McElligott: ""The Bull Market In Bonds Is Back On"" https://t.co/FM82vt9cdR",2,twitter
China Readies U.S. Dollar Bond Sale #taux #MarketScreener https://t.co/MslZWeTVsV https://t.co/evVAdVGS3l,2,twitter
"China’s massive pile of soured debt is set to get even bigger, giving foreign investors more opportunities to try t… https://t.co/VN3uJaVj6G",2,twitter
China’s special-purpose bonds fall short of Beijing’s ambitions https://t.co/IXGXtZ70AX,2,twitter
Citigroup analysts are standing apart from the Wall Street pack by predicting that the municipal-bond rally may be… https://t.co/dhCPNKuct9,2,twitter
Citigroup Announces $1.5 Billion Redemption of 2.450% Notes due 2020 and $1 Billion Redemption of Floating Rate Not… https://t.co/LtGAkFbGv8,2,twitter
Commercial paper outstanding – a measure of short-term promissory notes issued primarily by corporations – decrease… https://t.co/oldk9Gvw7b,2,twitter
CommScope redeeming $100M in 5% notes,2,twitter
Compass Minerals to offer $500M senior notes due 2027,2,twitter
Corporate leverage all time high https://t.co/2nZy750rrG,2,twitter
Dozens of Chinese companies have defaulted on debt obligations even after Beijing launched one of the largest state-… https://t.co/UKyJtLOKLi,2,twitter
DPW reaches agreement with a family office to resolve debt previously in default,2,twitter
"Dreams For A Bond Selloff Are ""Shattering Like Cybertruck Windows"" https://t.co/SGbzBLJt28",2,twitter
Eskom Yields Fall as Restructure Chief Says Debt Plan Days Away,2,twitter
External Commercial Borrowings More Than Doubles At $50 Billion In Two Years,2,twitter
Foreign Bondholders Join Lebanese Debt Restructuring Chorus,2,twitter
Ghana is selling the longest-dated Eurobond ever issued by a sub-Saharan African government https://t.co/1QouiAlBs1,2,twitter
Ghana plans to use $1 billion of newly raised cash to restructure debts with power generators https://t.co/zPnfMcQaPi,2,twitter
"Goldman Sachs's ""baby bear market"" call on bonds is a little silly https://t.co/MOBeWxoNG9 via @bopinion",2,twitter
Goldman’s ‘Baby Bear Market’ Hides a Mundane Call on Bonds,2,twitter
Hercules Capital starts two-part $120M notes offering,2,twitter
iHeartMedia announces private offering of senior secured notes due 2028,2,twitter
India’s ECB-Like Move to Inject Cash Stokes Short-Term Bonds,2,twitter
Indonesia sells Asia's first 50-year dollar bond to fight pandemic https://t.co/HSBDioxRGc https://t.co/82tVKQHUxw,2,twitter
"Indonesia sold $4.3 billion of bonds, including one it won't pay off for 50 years https://t.co/YsELWjzMli",2,twitter
Indonesia’s Reserves Jump to Near Record on Bond Sales,2,twitter
Japan considers issuing 50-year bonds to support yields,2,twitter
Junk bond scare is rising: 'No one cares. People are buying everything',2,twitter
Keurig Dr Pepper : Refinances to Extend Maturities #KeurigDrPepper #Stock #MarketScreener https://t.co/9sQ4dBOwGF https://t.co/i5svmH7mW3,2,twitter
Landsbankinn hf.: Covered bond offering results #Stock #MarketScreener https://t.co/Ahht83fGld https://t.co/aQA3ArFyAk,2,twitter
London Stock Exchange : Notice Regarding Contemplated Redemption of Notes #LondonStockExchange #Stock… https://t.co/UPXKZvW5er,2,twitter
March 2020 Yield Curve Update. https://t.co/HUDUTYwscm #trading #stocks #finance,2,twitter
Mattel Brings Back Aborted Bond Deal and Doubles Offering Size,2,twitter
Mortgage investors seeks Congress help for guarantee in mortgage-finance companies’ debt https://t.co/tdPruwCIzP,2,twitter
"Mortgage Loan Rates Dipped Last Week, Refinancings Dropped",2,twitter
MSCI private notes offering rises to $500M,2,twitter
MSCI proposes $250M add-on notes offering,2,twitter
Nasdaq prices 600M of 0.875% senior notes,2,twitter
PAR Technology Corporation Announces Pricing of Upsized $105 Million Offering of Convertible Senior Notes,2,twitter
QEP Resources Completes Redemption of Its 6.8% Senior Notes Due 2020  https://t.co/IiLYzqpUDu,2,twitter
Roche to buy back up to $2B of debt,2,twitter
Sberbank of Russia : arranges issue of structured bonds worth RUB1 bn on commercial real e... #SberbankRossii… https://t.co/6hlc3fsrDF,2,twitter
Security Federal Corporation Completes Private Placement of $30 Million of Subordinated Notes  https://t.co/fKavM3pHEn,2,twitter
Senior Africans propose 'standstill' on eurobond debt payments https://t.co/ZjfS6zOBPg,2,twitter
Soaring bond yields drive states and cities to buy back their own debt https://t.co/pVbp1ZX88P,2,twitter
States struggling with highest credit card debt? Trump’s South https://t.co/K1HR5rj8i1 by @SibileTV https://t.co/jFPxfLNasy,2,twitter
"Tailing, Mediocre 10Y Auction Prices At Lowest Yield On Record  https://t.co/TwZz4GQV2K",2,twitter
Teva prices upsized $2.1B debt offering,2,twitter
The Green Organic Dutchman Declares $41.7 Million Senior Secured Credit Facility,2,twitter
The operator of Istanbul's giant new airport is in talks with Chinese and Gulf lenders to refinance $6.2 billion of… https://t.co/UPZptgjiCC,2,twitter
The U.S. Treasury Department sets the stage for 20-year bond reboot to start in May https://t.co/yoSkd0YvHs,2,twitter
Toyota Credit Selling Year's First U.S. Company Green Bond,2,twitter
"Treasury Inversion Is Not About the U.S., It Is About the Whole World",2,twitter
Treasury Sets Stage for 20-Year Bond Reboot to Start in May,2,twitter
Treasury yields retreat as solid bond sale underlines appetite for debt https://t.co/RW9YcAwyZc,2,twitter
Treasury yields see whipsaw trading after January jobs report,2,twitter
"Two key regulators are holding off on easing Wall Street debt limits, leaving billions of dollars locked up that co… https://t.co/5zt7KEvjNG",2,twitter
U.S. Bonds Are A Tactical Short. https://t.co/pK5Mo7Qxt0 #investing #markets #stocks,2,twitter
U.S. Junk Bond Rally Will Be More Muted in 2020 After 13.5% Year,2,twitter
"U.S. Treasury liquidity on the mend, but without Fed remains fragile #economy #MarketScreener… https://t.co/7ln9zZHPwN",2,twitter
UKDMO UK Regulatory Announcement: Issue of Debt https://t.co/NFYxKNlKdM https://t.co/KpBYsXN3wZ,2,twitter
UKDMO UK Regulatory Announcement: Issue of Debt https://t.co/TCEYgrFHqN https://t.co/cj2P2GwXSp,2,twitter
"Virtu reprices $1.925B term loan, enters floating-to-fixed rate swap",2,twitter
Virtu Reprices Senior Secured First Lien Term Loan Lower and Enters into a Floating to Fixed Interest Rate Swap  https://t.co/gCJ9P0avns,2,twitter
Walgreens Boots Alliance : Enters Into $500 Million Credit Agreement #WalgreensBootsAlliance #Stock #MarketScreener… https://t.co/Pl5VSdcudR,2,twitter
WeWork Bonds Stumble to New Lows After Review,2,twitter
Wynn Resorts Announces Private Offering of $350 million of Wynn Resorts Finance Senior Notes due 2025… https://t.co/APEzFQKa7L,2,twitter
"Wynn, NCR deals a sign of yet more risk returning to bond market #Stock #MarketScreener https://t.co/7xIzve6vmr https://t.co/uMqpFRmRBo",2,twitter
"No Dates Set for Argentine Debt Talks, IMF Spokesman Says",2,twitter
China willing to work bilaterally with low-income countries on debt challenges - Chinese official #economy… https://t.co/S6H9Owq1ZF,2,twitter
Fed's bond-buying injecting hope of reprieve to 'fragile' $18 trillion Treasurys market https://t.co/1ypl8QOiqN,2,twitter
"US households now hold more than $14 trillion of debt, a new record, the New York Federal Reserve said this week. https://t.co/X7aI3MNdSU",2,twitter
"$AHC - A. H. Belo halves dividend, cuts capital spending to below $1M https://t.co/Umq8VBgJaZ",0,twitter
$AIF - Apollo Tactical Income Fund cuts dividend by 9% https://t.co/BvblFTtyWK,0,twitter
$APA - Apache: Recently Slashed Dividend May Never Stage A Comeback. https://t.co/bVEPm79fIY #economy #markets #stocks,0,twitter
$CLR: Continental Resources announces suspension of quarterly dividend; global crude oil and product demand is... https://t.co/fRZIBBW5Mg,0,twitter
$DDF - Delaware Investments Dividend & Income Fund cuts dividend by 10% https://t.co/lIwkfTlVT9,0,twitter
$DEX - Delaware Enhanced Global Dividend & Income Fund cuts dividend by 7% https://t.co/HsCEtA92wa,0,twitter
"$M (+0.2% pre) Macy's may have just signaled a dividend cut - Brian Sozzi

https://t.co/tDGkehqg9i",0,twitter
$OVV - Ovintiv: Anticipating A Dividend Cut. https://t.co/iVzfRgmEEj #stocks #finance #trading,0,twitter
Boeing supplier Spirit cuts dividend to increase liquidity,0,twitter
Boeing supplier Spirit slashes dividend due to 737 MAX crisis,0,twitter
GFT Technologies : suspends forecast for the current financial year and reviews dividend p... #GFTTechnologies… https://t.co/xRG1yaFxxE,0,twitter
$AEL: American Equity Investment Life increases annual cash dividend to $0.30/share from $0.28/share https://t.co/xXAcIhgee4,1,twitter
Abbott Labs raises quarterly dividend by 12.5% to 36 cents a share,1,twitter
AT&T $T says 'it has a strong cash position' and will continue to pay a quarterly dividend.  https://t.co/VjFTjHqash,1,twitter
AT&T is raising its quarterly dividend to 52 cents a share,1,twitter
At*&T raises quarterly dividend by 2% to 52 cents a share,1,twitter
Dunkin' Brands lifts dividend and buyback as 2020 outlook shy of estimates,1,twitter
"First Bancorp increases dividend, boosts stock buyback program",1,twitter
HollyFrontier raises dividend by 6% to 35 cents a share,1,twitter
Merck to raise quarterly dividend by 11% to 61 cents a share,1,twitter
New York Times board raises quarterly dividend to 6 cents a share vs. 5 cents,1,twitter
"OneMain plans to boost dividend, pay special dividends",1,twitter
Six Flags raises quarterly dividend by a penny to 83 cents a share,1,twitter
$AEL - American Equity declares $0.30 dividend https://t.co/ggKzSYVcPy,2,twitter
$AMCR - Amcor goes ex-dividend tomorrow https://t.co/X5Ir1jVZE0,2,twitter
$AMEN - AMEN Properties declares $20.00 dividend https://t.co/awUxXcYNzc,2,twitter
$ARI - Apollo Commercial Real Estate Finance declares $0.46 dividend https://t.co/APMkuIU7bX,2,twitter
$ASH - Ashland declares $0.275 dividend https://t.co/bfIwGqZ6FU,2,twitter
$AWF - AllianceBernstein Global High Income Fund declares $0.0655 dividend https://t.co/AKkiA6LV9o,2,twitter
$AWK - American Water Works declares $0.50 dividend https://t.co/Y0bD5yT9lm,2,twitter
$BCC - Boise Cascade declares $0.10 dividend https://t.co/wmgKpPr0ip,2,twitter
$BCRH - Blue Capital Reinsurance declares $0.57 dividend https://t.co/UflnUD1h6l,2,twitter
$BEPTF $BCHEY - Beach Energy declares AUD 1.00 dividend https://t.co/MuB1agcYQ8,2,twitter
$BFIN - BankFinancial declares $0.10 dividend https://t.co/0cEqXfar7n,2,twitter
$BFIN - BankFinancial goes ex-dividend tomorrow https://t.co/pWNv3vUdcj,2,twitter
$BLKB - Blackbaud declares $0.12 dividend https://t.co/CVwHSLi2n0,2,twitter
$BOKF - BOK Financial goes ex-dividend tomorrow https://t.co/GwKBOAPDs5,2,twitter
$BRX - Brixmor Property declares $0.285 dividend https://t.co/VIkJsccs4w,2,twitter
$COENF $COENY - Contact Energy declares NZ$0.16 dividend https://t.co/GEVTIaeZ9u,2,twitter
$CSBB - CSB Bancorp declares $0.28 dividend https://t.co/AD5F1rjPr3,2,twitter
$DHF - BNY Mellon High Yield Strategies Fund declares $0.0215 dividend https://t.co/AH81aIYEqb,2,twitter
$DHR - Danaher Corporation declares $0.17 dividend https://t.co/GqRhZOcCbi,2,twitter
$DSWL - Deswell Industries goes ex-dividend tomorrow https://t.co/J9brt9z18J,2,twitter
$EAD - Wells Fargo Advantage Income Opportunities Fund declares $0.05902 dividend https://t.co/eBm2yz9vwA,2,twitter
$EFF - Eaton Vance Floating-Rate Income Plus Fund declares $0.0850 dividend https://t.co/62gm6crBAR,2,twitter
$EFT - Eaton Vance Floating Rate Income Trust declares $0.0840 dividend https://t.co/miXZBRkoIq,2,twitter
$ENX - Eaton Vance New York Municipal Bond Fund declares $0.039 dividend https://t.co/AqYx8FBZ7D,2,twitter
$EOD - Wells Fargo Advantage Global Dividend Opportunity Fund declares $0.14525 dividend https://t.co/e6SSlB3rhn,2,twitter
$EOT - Eaton Vance National Municipal Opportunities Trust declares $0.0717 dividend https://t.co/kUxYJKU9f1,2,twitter
$ERH - Wells Fargo Advantage Utilities&High Income Fund declares $0.07922 dividend https://t.co/hXxt6kFyAC,2,twitter
$ETX - Eaton Vance Municipal Income Term Trust declares $0.0709 dividend https://t.co/dRqMs6urTb,2,twitter
$EVV - Eaton Vance Limited Duration Income Fund declares $0.10 dividend https://t.co/csbS3hnef1,2,twitter
$EXP - Eagle Materials declares $0.10 dividend https://t.co/dDmFghmIrA,2,twitter
$FGB - First Trust Specialty Finance&Financial Opportunities Fund declares $0.135 dividend https://t.co/n2NZfcESuD,2,twitter
$FMN - Federated Premier Municipal Income Fund declares $0.05 dividend https://t.co/h3rT8c1GvI,2,twitter
$FRG - Franchise Group declares $0.25 dividend https://t.co/Z41i1F5gWK,2,twitter
$FRT - Federal REIT declares $1.05 dividend https://t.co/ZvqDW26Gql,2,twitter
$GGG - Graco declares $0.175 dividend https://t.co/CnVQGoLytT,2,twitter
$GOVB - Gouverneur Bancorp declares $0.17 dividend https://t.co/Zlr3d7SXnr,2,twitter
"$HP - Helmerich & Payne: Dividend Safety Improving, Although Concerns Remain. Read more: https://t.co/vQv7uA4Vnp… https://t.co/O2CjjBd9Di",2,twitter
$INT - World Fuel declares $0.10 dividend https://t.co/vVR9ZbfG2e,2,twitter
$IPPLF - Inter Pipeline declares CAD 0.1425 dividend https://t.co/58SRq3PCMV,2,twitter
$ITRN - Ituran Location declares $0.24 dividend https://t.co/2rH15WFA9G,2,twitter
$KRC - Kilroy Realty declares $0.485 dividend https://t.co/j41SnuFU9Y,2,twitter
$LMNX - Luminex declares $0.09 dividend https://t.co/GOeFg51Eu0,2,twitter
$MCCHF - McChip Resources declares C$0.02 dividend https://t.co/FtHfNGnyZj,2,twitter
$MFD - Macquarie/First Trust Global Infrastructure/Utilities Dividend & Income Fund declares $0.25 dividend https://t.co/JHZJcgjzBV,2,twitter
$MTSC - MTS Systems declares $0.30 dividend https://t.co/QRVl05IT61,2,twitter
$NESRF - Northern Star Resources declares AUD 0.075 dividend https://t.co/TD3Ui38CeD,2,twitter
$NFBK - Northfield Bancorp goes ex-dividend tomorrow https://t.co/70ays5HGbl,2,twitter
$NWIN - NorthWest Indiana Bancorp declares $0.31 dividend https://t.co/RYAVAjTIUY,2,twitter
$NWXPF - Newport Exploration Ltd. declares CAD 0.01 dividend https://t.co/Pxx7QAzDVr,2,twitter
$OHI - Omega Healthcare Investors' Risky Dividend Strategy. Read more and sign up for updates:… https://t.co/twcBF9yGlN,2,twitter
$OMF - OneMain Holdings declares $0.33 dividend https://t.co/oKi59e9lLe,2,twitter
$PCH - Potlatch declares $0.40 dividend https://t.co/5wdextZ4Ke,2,twitter
$PEP - PepsiCo declares $0.955 dividend https://t.co/EoWLvxBD1T,2,twitter
$PINE - Alpine Income Property Trust declares $0.058 dividend https://t.co/kgZ2yJIN39,2,twitter
$POL - PolyOne declares $0.2025 dividend https://t.co/GvENRbisJO,2,twitter
$PSCF - Invesco S&P SmallCap Financials ETF declares $0.47 dividend https://t.co/YverZnfDT0,2,twitter
$PSEC - Prospect Capital declares $0.06 dividend https://t.co/Jiz2vIKZdM,2,twitter
$PVH - Phillips-Van Heusen goes ex-dividend tomorrow https://t.co/URPn152p3W,2,twitter
$R - Assessing If Ryder System's Dividend Is Sustainable. https://t.co/IgYQNhMWuX #trading #stocks #economy,2,twitter
$RVRA - Riviera Resources declares $4.25 dividend https://t.co/oY2rLSWQlN,2,twitter
$SHBI - Shore Bancshares declares $0.12 dividend https://t.co/9xENtM3PmM,2,twitter
$SHO - Sunstone Hotel declares $0.57 dividend https://t.co/19sIQuQsJJ,2,twitter
$SIRZF - SIR Royalty Income Fund declares CAD 0.0875 dividend https://t.co/VGtn9hulFq,2,twitter
$SLB - Schlumberger goes ex-dividend tomorrow https://t.co/U8kx1yoehB,2,twitter
$SLCA - U.S. Silica Holdings declares $0.02 dividend https://t.co/wPSnID2UJ5,2,twitter
$SLF - Sun Life Financial goes ex-dividend tomorrow https://t.co/7IaFK66cQR,2,twitter
$SNDR - Schneider National declares $0.065 dividend https://t.co/EFYnWA1ydf,2,twitter
$SOR - Source Capital declares $0.25 dividend https://t.co/112pQyzJpo,2,twitter
$THQ - Tekla Healthcare Opportunities Fund declares $0.1125 dividend https://t.co/471CDaKOE2,2,twitter
$TXRH - Texas Roadhouse declares $0.30 dividend https://t.co/54tmS0jkFJ,2,twitter
$UGI - UGI declares $0.325 dividend https://t.co/plTGuAy6h1,2,twitter
$USLM - United States Lime & Minerals declares $5.35 dividend https://t.co/uUDXPnpKzC,2,twitter
$VAM - Vivaldi Opp Shs Opportunities Fund declares $0.11642 dividend https://t.co/zRKg8wg3AU,2,twitter
$WHG - Westwood increases stock buyback while slashing dividend https://t.co/TpTNpyeer3,2,twitter
$WRK - WestRock declares $0.465 dividend https://t.co/qyFdr7xFA1,2,twitter
Acorn Capital Investment Fund : Dividend Reinvestment Plan #AcornCapitalInvestmentFund #Stock #MarketScreener… https://t.co/FfOkazYlu2,2,twitter
ADTRAN declares $0.09 dividend,2,twitter
Advanced Drainage Systems Announces Quarterly Cash Dividend,2,twitter
Advanced Drainage Systems declares $0.09 dividend,2,twitter
Advanced Emissions Solutions declares $0.25 dividend,2,twitter
Amcor goes ex-dividend tomorrow,2,twitter
AMEN Properties declares $20.00 dividend,2,twitter
Apache declares $0.25 dividend,2,twitter
Arch Coal declares $0.50 dividend,2,twitter
Bancorp 34 declares $0.05 dividend,2,twitter
Barings Corporate Investors declares $0.30 dividend,2,twitter
Barings Participation Investors declares $0.27 dividend,2,twitter
Baxter declares $0.22 dividend,2,twitter
BGC Partners declares $0.14 dividend,2,twitter
BlackRock declares $3.30 dividend,2,twitter
Boise Cascade declares $0.10 dividend,2,twitter
BOK Financial goes ex-dividend tomorrow,2,twitter
Brigham Minerals goes ex-dividend tomorrow,2,twitter
Brixmor Property declares $0.285 dividend,2,twitter
Chemtrade Logistics Income Fund declares CAD 0.10 dividend,2,twitter
Chicken Soup for the Soul Entertainment Series A Cumu Perp Red Prfd Stk declares $0.2031 dividend,2,twitter
Cineplex declares CAD 0.15 dividend,2,twitter
"Clipper Realty Inc. (NYSE:CLPR) Is About To Go Ex-Dividend, And It Pays A 1.0% Yield",2,twitter
Clorox declares $1.06 dividend,2,twitter
CME declares $0.85 dividend,2,twitter
CMUV Bancorp declares $0.08 dividend,2,twitter
CNB Community Bancorp declares $0.46 dividend,2,twitter
Columbia Property Trust declares $0.21 dividend,2,twitter
Cominar Real Estate Investment Trust declares CAD 0.06 dividend,2,twitter
Community Healthcare declares $0.4175 dividend,2,twitter
Constellation Brands goes ex-dividend on Monday,2,twitter
Crombie Reit declares $0.07417 dividend,2,twitter
Cross Timbers Royalty Trust declares $0.0621 dividend,2,twitter
Deswell Industries goes ex-dividend tomorrow,2,twitter
Digital Realty Trust declares $1.08 dividend,2,twitter
"Digital Realty Trust, 5.850% Cum Red Pfd Series K declares $0.365625 dividend",2,twitter
"Digital Realty Trust, Inc. 5.250% PFD SER J declares $0.328125 dividend",2,twitter
"Digital Realty Trust, Inc. PFD SER G 5.875% declares $0.367188 dividend",2,twitter
Dividend 15 Split Corp IIA declares CAD 0.10 dividend,2,twitter
"Dividend Increases: November 18-22, 2019. Read more: https://t.co/xr8xAK9qRg #finance #stocks #stockmarket",2,twitter
Dunkin' Brands Group declares $0.4025 dividend,2,twitter
Eagle Growth and Income Opportunities declares $0.08 dividend,2,twitter
Eagle Materials Declares Quarterly Dividend,2,twitter
Ebix declares $0.075 dividend,2,twitter
Estee Lauder declares $0.48 dividend,2,twitter
Extended Stay America goes ex-dividend tomorrow,2,twitter
Federal REIT declares $1.05 dividend,2,twitter
Federated Premier Municipal Income Fund declares $0.05 dividend,2,twitter
Financial 15 Split declares CAD 0.1257 dividend,2,twitter
First Capital declares $0.24 dividend,2,twitter
First Choice declares $0.25 dividend,2,twitter
First Trust Specialty Finance&Financial Opportunities Fund declares $0.135 dividend,2,twitter
Franklin Limited Duration Income Trust declares $0.0839 dividend,2,twitter
"FRIEDMAN INDUSTRIES, INCORPORATED ANNOUNCES CASH DIVIDEND  https://t.co/aExIvn2taL",2,twitter
General Mills declares $0.49 dividend,2,twitter
Genuine Parts Company declares $0.7625 dividend,2,twitter
GlobalSCAPE declares $3.35 special dividend,2,twitter
Goldman Sachs MLP and Energy Renaissance Fund declares $0.16 dividend,2,twitter
GS MLP Income Opportunities Fund declares $0.21 dividend,2,twitter
Hammond Power Solutions declares CAD 0.07 dividend,2,twitter
Hanesbrands declares $0.15 dividend,2,twitter
Harvest Capital Credit declares $0.08 dividend,2,twitter
Hawaiian Electric goes ex-dividend tomorrow,2,twitter
InfraCap REIT Preferred ETF declares $0.12 dividend,2,twitter
IntercontinentalExchange declares $0.30 dividend,2,twitter
Interpublic Group of Companies declares $0.235 dividend,2,twitter
ItaÃƒÂº Unibanco S A : Payment of Dividends and Interest on Capital  #Stock #MarketScreener https://t.co/sfvlaXYEJV https://t.co/TSbbMl9D6M,2,twitter
Just 4 Days Before Silicon Motion Technology Corporation (NASDAQ:SIMO) Will Be Trading Ex-Dividend,2,twitter
Kaman declares $0.20 dividend,2,twitter
KKR Income Opportunities Fund declares $0.125 dividend,2,twitter
Knight-Swift Transportation declares $0.08 dividend,2,twitter
Kohl's declares $0.67 dividend,2,twitter
Louisiana-Pacific declares $0.145 dividend,2,twitter
M&T Bank declares $1.10 dividend,2,twitter
Mackinac Financial declares $0.14 dividend,2,twitter
Mannatech declares $0.125 dividend,2,twitter
Marine Petroleum Trust declares $0.0488 dividend,2,twitter
McChip Resources declares C$0.02 dividend,2,twitter
Merck declares $0.61 dividend,2,twitter
Mesa Royalty Trust declares $0.036724557 dividend,2,twitter
Meta Financial declares $0.05 dividend,2,twitter
Middlefield Banc declares $0.15 dividend,2,twitter
Morneau Shepell declares CAD 0.065 dividend,2,twitter
New York Times declares $0.06 dividend,2,twitter
Nielsen goes ex-dividend tomorrow,2,twitter
Norsk Hydro declares NOK1.25 dividend,2,twitter
Northern Star Resources declares AUD 0.075 dividend,2,twitter
Nuveen AMT-Free Quality Municipal Income Fund declares $0.0117 dividend,2,twitter
Nuveen Maryland Premium Income Municipal Fund declares $0.044 dividend,2,twitter
Nuveen Michigan Quality Income Municipal Fund declares $0.0445 dividend,2,twitter
Nuveen Minnesota Quality Municipal Income Fund declares $0.049 dividend,2,twitter
Nuveen Virginia Quality Municipal Income Fund declares $0.0445 dividend,2,twitter
Oaktree Specialty Lending declares $0.095 dividend,2,twitter
Oaktree Strategic Income declares $0.155 dividend,2,twitter
Old Dominion Freight Line declares $0.23 dividend,2,twitter
Page Industries Limited (NSE:PAGEIND) Stock Goes Ex-Dividend In Just 3 Days,2,twitter
Patterson-UTI Energy declares $0.04 dividend,2,twitter
Peoples Financial Services declares $0.36 dividend,2,twitter
PepsiCo declares $0.955 dividend,2,twitter
Permian Basin Royalty Trust declares $0.038987 dividend,2,twitter
PermRock Royalty Trust declares $0.0373 dividend,2,twitter
Phillips-Van Heusen goes ex-dividend tomorrow,2,twitter
PJT Partners declares $0.05 dividend,2,twitter
PolyOne declares $0.2025 dividend,2,twitter
Public Service declares $0.47 dividend,2,twitter
PulteGroup declares $0.12 dividend,2,twitter
Ralph Lauren Corporation Declares Quarterly Dividend,2,twitter
Richards Packaging Income Fund  declares CAD 0.11 dividend,2,twitter
Royal Gold declares $0.28 dividend,2,twitter
SmartCentres REIT declares CAD 0.1542 dividend,2,twitter
Source Capital declares $0.25 dividend,2,twitter
Spirit AeroSystems declares $0.01 dividend,2,twitter
Steris declares $0.37 dividend,2,twitter
Sun Life Financial goes ex-dividend tomorrow,2,twitter
Suncor Energy declares CAD 0.465 dividend,2,twitter
Superior Plus declares CAD 0.06 dividend,2,twitter
Superior Uniform declares $0.10 dividend,2,twitter
Telephone and Data Systems declares $0.165 dividend,2,twitter
The Estée Lauder Companies Inc. Declares Quarterly Dividend of $.48 Per Share,2,twitter
Timken declares $0.28 dividend,2,twitter
Total S.A. declares EUR 0.68 final dividend,2,twitter
U.S. Bancorp declares $0.42 dividend,2,twitter
U.S. Silica Holdings declares $0.02 dividend,2,twitter
United Bancorporation of Alabama declares $0.10 dividend,2,twitter
US Bancorp Deposit Shs Repr Non-Cum Perpetual Pfd Shs Series B declares $0.3219 dividend,2,twitter
Victory Bancorp declares $0.025 dividend,2,twitter
Virtus InfraCap U.S. Preferred Stock ETF declares $0.19 dividend,2,twitter
Walker & Dunlop goes ex-dividend tomorrow,2,twitter
Waste Management declares $0.5125 dividend,2,twitter
Worthington declares $0.24 dividend,2,twitter
Xenia Hotels declares $0.275 dividend,2,twitter
Xilinx goes ex-dividend on Monday,2,twitter
Xylem declares $0.26 dividend,2,twitter
"$ACM - AECOM: Given Disappointing Earnings And No M&A News, ACM Is A Trading Sell. https://t.co/0QlOr3sV7h #stockmarket #markets #stocks",0,twitter
$SBUX - Starbucks Likely Range Bound After Inconclusive Q4 2019 Earnings. Sign up for updates on Seeking Alpha!… https://t.co/I9CAnlrces,0,twitter
3M Stock Is a Toxic Stock After Earnings,0,twitter
Conn's did not CONNect on earnings today as comps were weak https://t.co/z6yrORwrby $CONN,0,twitter
Exxon and Chevron posted the weakest results in years because of disappointing results in almost all of their busin... https://t.co/GVVcZxePU3,0,twitter
Medigene AG Just Missed Earnings With A Surprise Loss - Here Are Analysts Latest Forecasts,0,twitter
"Mohawk Industries, Inc.'s (NYSE:MHK) Earnings Dropped -19%, Did Its Industry Show Weakness Too?",0,twitter
Not So Happy Holidays for Kohl’s After Earnings,0,twitter
"Österreichische Post AG's (VIE:POST) Earnings Dropped -16%, How Did It Fare Against The Industry?",0,twitter
Twitter users explain why Kohl's stock just got obliterated after reporting earnings,0,twitter
Twitter users explain why Kohl's stock just got obliterated after reporting earnings https://t.co/RnxmSz4Au1 by… https://t.co/F7B1rYCmPf,0,twitter
Vitasoy International Holdings Limited Earnings Missed Analyst Estimates: Here's What Analysts Are Forecasting Now,0,twitter
$LULU - Market Expects Good Earnings For Lululemon. Keep reading: https://t.co/vG3YYZshzX #economy #stockmarket #investing,1,twitter
"$XPO - XPO Logistics tops Q4 earnings view, hires Wyshner as new CFO https://t.co/W9cZlaz0KV",1,twitter
AbbVie Reports Estimate-Beating Fourth-Quarter Earnings Results,1,twitter
Allergan Reports Fourth-Quarter 2019 Results That Plow Past Expectations,1,twitter
Amazon hits $1 trillion on blowout earnings beat what the pros are watching now $AMZN (via @TradingNation) https://t.co/RCmE2HVjcC,1,twitter
Amazon's market value tops $1 trillion following the company's strong earnings report  https://t.co/AhgLGqh4nl,1,twitter
Amkor Technology (AMKR) Surpasses Q4 Earnings and Revenue Estimates,1,twitter
Bristol-Myers earnings rise due to Celgene deal,1,twitter
Coca-Cola's Earnings: Outperforming Its Peers,1,twitter
CrowdStrike reported better-than-expected fiscal Q3 2020 results yesterday. “We think of ourselves as beyond just a… https://t.co/MyPorIzYlG,1,twitter
DaVita HealthCare (DVA) Tops Q4 Earnings Estimates,1,twitter
DocuSign signs off on another solid earnings result https://t.co/YYekdVZrug $DOCU,1,twitter
Opera Limited Just Beat Earnings Expectations: Here's What Analysts Think Will Happen Next,1,twitter
Prospect Capital (PSEC) Meets Q2 Earnings Estimates,1,twitter
"Restaurant Brands Int'l tops Q4 estimates, but company not ""clucking"" on all   
cylinders (QSR) https://t.co/wcig05Vmy3 $QSR",1,twitter
Results: Digi International Inc. Beat Earnings Expectations And Analysts Now Have New Forecasts,1,twitter
Results: Synaptics Incorporated Exceeded Expectations And The Consensus Has Updated Its Estimates,1,twitter
Taubman Centers (TCO) Tops Q4 FFO and Revenue Estimates,1,twitter
Vista Outdoor Beats Estimates on Improving Firearms Market,1,twitter
Why Target Earnings Are Phenomenal,1,twitter
Canada Goose Reports Results for Third Quarter Fiscal 2020,2,twitter
$A - Agilent Q4 2019 Earnings Preview https://t.co/vq1J1JWZHB,2,twitter
$AKAM - Akamai Q4 2019 Earnings Preview https://t.co/coM9VnoTwQ,2,twitter
$AMCR - Amcor 1H 2020 Earnings Preview https://t.co/nMWDLzQhJn,2,twitter
$AMEN - AMEN Properties reports Q3 results https://t.co/Slq9e0WkSc,2,twitter
$ARKR - Ark Restaurants reports Q1 results https://t.co/pA5RttZp4Y,2,twitter
$ASHTF - Ashtead Group PLC's (ASHTF) CEO Brendan Horgan on Q2 2020 Results - Earnings Call Transcript. Subscribe to… https://t.co/DzsUSW8rg9,2,twitter
"$BKE - The Buckle, Inc. (BKE) CEO Dennis Nelson on Q3 2019 Results - Earnings Call Transcript. Get more updates her… https://t.co/SpnZXsD2Cd",2,twitter
"$BL - BlackLine, Inc. 2019 Q3 - Results - Earnings Call Presentation. Follow this and any other stock on Seeking Al… https://t.co/IGN80h0kEh",2,twitter
$BPIRY - Piraeus Bank S.A. (BPIRY) CEO Christos Megalou on Q3 2019 Results - Earnings Call Transcript. Read more:… https://t.co/mYOxjqK3fQ,2,twitter
$BPIRY $BPIRD $BPIRF - Piraeus Bank S.A. 2019 Q3 - Results - Earnings Call Presentation. Subscribe to Seeking Alpha… https://t.co/TYqmauxn2S,2,twitter
"$BRBR - BellRing Brands, Inc. (BRBR) CEO Darcy Davenport on Q4 2019 Results - Earnings Call Transcript. Read more a… https://t.co/DvmncSF3OI",2,twitter
$BRBW - Brunswick Bancorp reports Q4 results https://t.co/wk4uemgiMd,2,twitter
$BWAY - Brainsway Ltd. (BWAY) CEO David Zacut on Q3 2019 Results - Earnings Call Transcript. Continue reading:… https://t.co/LfgDeAMECr,2,twitter
$BXMT - Blackstone Mortgage Trust Q4 Earnings Preview https://t.co/2QnMnGYB1E,2,twitter
$CCRC - China Customer Relations Centers reports 1H results https://t.co/lglj76kyR3,2,twitter
$CE - Celanese Corp (CE) CEO Lori Ryerkerk on Q4 2019 Results - Earnings Call Transcript. https://t.co/StWqqqPHTu... https://t.co/qJD3HkIzEo,2,twitter
"$CHTR - Charter Communications, Inc. 2019 Q4 - Results - Earnings Call Presentation. https://t.co/bhq3LLp2Io #markets #finance #trading",2,twitter
$CNA - CNA Financial Corporation 2019 Q4 - Results - Earnings Call Presentation. https://t.co/gnsEBLNqOp #trading #economy #finance,2,twitter
$COENF $COENY - Contact Energy reports 1H results https://t.co/DGrCQG5vNJ,2,twitter
"$CONN - Conn's, Inc. 2020 Q3 - Results - Earnings Call Presentation. Read more and sign up for updates:… https://t.co/oX40naqXia",2,twitter
$CRTO - Criteo S.A. Q4 2019 Earnings Preview https://t.co/1vo5pEBBfs,2,twitter
$CULP - More on Culp's Q2 results https://t.co/EdIwCJK32w,2,twitter
$CVX - Chevron Corporation 2019 Q4 - Results - Earnings Call Presentation. https://t.co/KnX6FK9iql #trading #stockmarket #finance,2,twitter
"$DCMYY $NTDMF - NTT Docomo, Inc. (DCMYY) on Q3 2019 Results - Earnings Call Transcript. https://t.co/VC2Llx6MgG… https://t.co/wmv2tC4u3Z",2,twitter
$DCP - DCP Midstream Q4 Earnings Preview https://t.co/rI5XC0IjgG,2,twitter
$DNZOF $DNZOY - Denso reports Q3 results https://t.co/ppxyqJSIY8,2,twitter
$DO - Diamond Offshore Drilling Inc. (DO) CEO Marc Edwards on Q4 2019 Results - Earnings Call Transcript.… https://t.co/vEAKAtyady,2,twitter
$DO - Diamond Offshore: Q4 2019 Earnings And Fleet Status Report Analysis. https://t.co/x1f9ZcqA1v #business #stocks #investing,2,twitter
"$DOMO - Domo, Inc. (DOMO) CEO Josh James on Q3 2020 Results - Earnings Call Transcript. Continue reading:… https://t.co/tsF1E3NOu3",2,twitter
"$DXLG - Destination XL Group, Inc. (DXLG) CEO Harvey Kanter on Q3 2019 Results - Earnings Call Transcript. Read mor… https://t.co/mKWMebKyjD",2,twitter
$ELTP - Elite Pharmaceuticals reports Q3 results https://t.co/fGSlNu45PD,2,twitter
$ENZ - Enzo Biochem reports Q1 results https://t.co/2e8RJ6BXks,2,twitter
$EXAS - EXACT Sciences Q4 2019 Earnings Preview https://t.co/BKvBLbTWbJ,2,twitter
$EXC - Exelon Q4 2019 Earnings Preview https://t.co/adlCkrsyIa,2,twitter
$FFIC - Flushing Financial Corporation (FFIC) CEO John Buran on Q4 2019 Results - Earnings Call Transcript.... https://t.co/G93Ec3q0wA,2,twitter
"$FL - Foot Locker, Inc. (FL) CEO Richard Johnson on Q3 2019 Results - Earnings Call Transcript. Continue reading:… https://t.co/q4CT5B2xb9",2,twitter
$FLMP - Flame Seal Products&nbsp; reports Q3 results https://t.co/nqZyMmr1Lb,2,twitter
$FRAN - Francesca's Holdings Corporation (FRAN) Q3 2019 Results - Earnings Call Transcript. Get more updates here:… https://t.co/zaK0iQ10G8,2,twitter
"$GEC - Great Elm Capital Group, Inc. (GEC) CEO Peter Reed on Q2 2020 Results - Earnings Call Transcript.… https://t.co/n0DXFRwUcF",2,twitter
$GEOS - Geospace Technologies Corporation (GEOS) CEO Rick Wheeler on Q4 2019 Results - Earnings Call Transcript. Co… https://t.co/P3gGg2tEUX,2,twitter
$GPS - Assessing If Gap's Earnings Beat Can Launch Shares Higher. Get more info on Seeking Alpha:… https://t.co/gWXJlDmGXU,2,twitter
$GT - Goodyear Tire & Rubber Q4 2019 Earnings Preview https://t.co/435GSK0ybQ,2,twitter
$HLT - Hilton Worldwide Q4 2019 Earnings Preview https://t.co/g90OWIqPrV,2,twitter
$HPE - Hewlett Packard Enterprise Q4 2019 Earnings Preview https://t.co/edNcM1ZoyL,2,twitter
"$HTH - Hilltop Holdings, Inc. (HTH) CEO Jeremy Ford on Q4 2019 Results - Earnings Call Transcript.... https://t.co/xXYAYCsXLg",2,twitter
$IDT - IDT Corporation 2019 Q3 - Results - Earnings Call Presentation. Subscribe to Seeking Alpha for more:… https://t.co/t6s9f2vATU,2,twitter
"$IESC - IES Holdings, Inc. 2019 Q4 - Results - Earnings Call Presentation. Follow this and any other stock on Seeki… https://t.co/vgFgOd2BRC",2,twitter
$IGC - India Globalization Capital reports Q3 results https://t.co/leY81Yo8Im,2,twitter
$INGR - Ingredion Q4 2019 Earnings Preview https://t.co/5CN4AkUiUD,2,twitter
$ISVLF - IMPACT Silver reports Q3 results https://t.co/u9op6JwbRB,2,twitter
$ITUB - Itau Unibanco reports Q4 results https://t.co/Vhzub2JZFq,2,twitter
$ITW - Illinois Tool Works Inc. 2019 Q4 - Results - Earnings Call Presentation. https://t.co/qjlLB9578y #business #stockmarket #trading,2,twitter
$IVC - Invacare Corporation 2019 Q4 - Results - Earnings Call Presentation. https://t.co/Am1vTFsiTa #business #trading #finance,2,twitter
$JCI - Johnson Controls International plc 2019 Q4 - Results - Earnings Call Presentation. https://t.co/9JpjY6ZVyT... https://t.co/EFozmcxpOa,2,twitter
$JEC - Jacobs Engineering Group Inc. 2019 Q4 - Results - Earnings Call Presentation. Sign up for updates on Seeking… https://t.co/76wx5N18v7,2,twitter
$JEC - Jacobs Engineering Q4 2019 Earnings Preview https://t.co/ktdTe05cWt,2,twitter
$JLL - Jones Lang Lasalle Q4 2019 Earnings Preview https://t.co/IcOiAG4vWH,2,twitter
$JOUT - Johnson Outdoors Inc. (JOUT) CEO Helen Johnson-Leipold on Q1 2020 Results - Earnings Call Transcript.... https://t.co/P2zTCJsYcf,2,twitter
$JOUT - Johnson Outdoors Inc. (JOUT) CEO Helen Johnson-Leipold on Q4 2019 Results - Earnings Call Transcript. Follo… https://t.co/zO645AeLXI,2,twitter
$JUVF - Juniata Valley Financial reports Q4 results https://t.co/wYTgI1ccE1,2,twitter
$JWCAF - James E Wagner Cultivation reports Q4 results https://t.co/0RuNNJ9dur,2,twitter
$KFFB - Kentucky First Federal Bancorp reports Q1 results https://t.co/FX6RPrQvcT,2,twitter
$KLBAY - Klabin S.A. (KLBAY) CEO Cristiano Teixeira on Q4 2019 Results - Earnings Call Transcript.… https://t.co/MaVUWFrm1b,2,twitter
$KTPPF - Katipult Technology reports Q3 results https://t.co/BldrfJaJy0,2,twitter
"$LITB - LightInTheBox Holding Co., Ltd. (LITB) CEO Jian He on Q3 2019 Results - Earnings Call Transcript. Sign up f… https://t.co/og3mYDA7y2",2,twitter
$LIVE - Live Ventures reports FY results https://t.co/CnAl08FDA5,2,twitter
$LOGN - Logansport Financial reports FY results https://t.co/QRr1rIOzp4,2,twitter
"$LQDT - Liquidity Services, Inc. (LQDT) CEO Bill Angrick on Q4 2019 Results - Earnings Call Transcript. Read more a… https://t.co/eNAf5o0hp4",2,twitter
$LRTEF - Lanesborough Real Estate Investment Trust reports Q3 results https://t.co/PARrZN4Ovh,2,twitter
$LSCC - Lattice Semiconductor Q4 Earnings Preview https://t.co/JlIlzccfFu,2,twitter
$LYFT - Lyft Q4 2019 Earnings Preview https://t.co/L5wp8VZjnZ,2,twitter
$MAN - ManpowerGroup Inc. 2019 Q4 - Results - Earnings Call Presentation. https://t.co/pu3a98qlcw #stocks #finance #investing,2,twitter
$MAS - Masco Q4 2019 Earnings Preview https://t.co/udUM6KiMYT,2,twitter
$MATW - Matthews International Corporation (MATW) CEO Joseph Bartolacci on Q1 2020 Results - Earnings Call Transcri... https://t.co/qgAPkOK63r,2,twitter
$MDLNF - Centaurus Energy reports Q3 results https://t.co/ZjalIENFaq,2,twitter
$MGDDF - Compagnie GÃƒÂ©nÃƒÂ©rale des Ãƒâ€°tablissements Michelin reports FY results https://t.co/2Ri09vpiOc,2,twitter
$MJARF - MJardin Group reports Q3 results https://t.co/1owwKWbUTE,2,twitter
$MMYT - MakeMyTrip Q3 2020 Earnings Preview https://t.co/20fDRwWdKl,2,twitter
"$MPAA - Motorcar Parts of America, Inc. (MPAA) CEO Selwyn Joffe on Q3 2020 Results - Earnings Call Transcript.… https://t.co/U4Ws1FPtFt",2,twitter
$MRLN - Marlin Business Services Corp. (MRLN) CEO Jeff Hilzinger on Q4 2019 Results - Earnings Call Transcript.... https://t.co/FKhxTotwyn,2,twitter
$NESRF $NHRNY - Northern Star Resources reports 1H results https://t.co/lXlaALdzXs,2,twitter
$NM - Navios Maritime Holdings Inc. 2019 Q3 - Results - Earnings Call Presentation. Continue reading:… https://t.co/kxOtkBSmFw,2,twitter
$NM - Navios Maritime reports Q3 results https://t.co/SvlqrTs9Wq,2,twitter
$NTNX - Nutanix Q1 2020 Earnings Preview https://t.co/vJFHtoIEH1,2,twitter
$NUGS - Cannabis Strategic Ventures reports Q2 results https://t.co/3oqlSEjs3m,2,twitter
$NVO $NONOF - Novo Nordisk A/S 2019 Q4 - Results - Earnings Call Presentation. https://t.co/zKmyziH4Xg #finance #investing #business,2,twitter
"$NYCB - New York Community Bancorp, Inc. 2019 Q4 - Results - Earnings Call Presentation. https://t.co/wXqi8TCrS7 #business #markets #finance",2,twitter
"$OKTA - Okta, Inc. (OKTA) CEO Todd McKinnon on Q3 2020 Results - Earnings Call Transcript. Read more:… https://t.co/SkcCRSQTGI",2,twitter
"$OKTA - Okta, Inc. 2020 Q3 - Results - Earnings Call Presentation. Subscribe to Seeking Alpha for more:… https://t.co/JShKmdSTJ5",2,twitter
$ONDK - OnDeck Capital Q4 2019 Earnings Preview https://t.co/hIN45Q7wRI,2,twitter
$OPXS - Optex Systems Holdings reports Q1 results https://t.co/Ns6y09FqSD,2,twitter
$OTTW - Ottawa Savings Bancorp reports Q4 results https://t.co/3Zg4633Iff,2,twitter
"$PD - PagerDuty, Inc. (PD) CEO Jennifer Tejada on Q3 2020 Results - Earnings Call Transcript. Get more updates here… https://t.co/XzWKTWTrRk",2,twitter
$PEAK - Healthpeak Properties Q4 Earnings Preview https://t.co/T6Srtu0I0j,2,twitter
"$PHR - Phreesia, Inc. (PHR) CEO Chaim Indig on Q3 2020 Results - Earnings Call Transcript. Get more updates here:… https://t.co/uqRww6R1sF",2,twitter
$PIPR - Piper Sandler Companies (PIPR) CEO Chad Abraham on Q4 2019 Results - Earnings Call Transcript.... https://t.co/NWjzIorGVT,2,twitter
$PNNT - PennantPark Investment's (PNNT) CEO Art Penn on Q4 2019 Results - Earnings Call Transcript. Get more info o… https://t.co/CBeG6lJRGw,2,twitter
$PREKF - Prairiesky Royalty reports Q4 results https://t.co/Bs0O5QMHo9,2,twitter
$PRI - Primerica Q4 2019 Earnings Preview https://t.co/DOLPm6gGki,2,twitter
$PROSY $PROSF - Prosus N.V. 2020 Q2 - Results - Earnings Call Presentation. Keep reading: https://t.co/vbvV19xsPV… https://t.co/Bb2gAWDkUc,2,twitter
$PTOZF - Plato Gold reports Q3 results https://t.co/3YUY5dXUOk,2,twitter
$PVG - Pretium Resources Q4 2019 Earnings Preview https://t.co/OVxJegx0zA,2,twitter
$RMR - The RMR Group Inc. (RMR) CEO Adam Portnoy on Q4 2019 Results - Earnings Call Transcript. Continue reading:… https://t.co/b3afpuHMD7,2,twitter
$SEE - Sealed Air Q4 2019 Earnings Preview https://t.co/YTyryqPuwW,2,twitter
$SJM - The J. M. Smucker Company 2019 Q2 - Results - Earnings Call Presentation. Get more info on Seeking Alpha:… https://t.co/T6Qjirn2N4,2,twitter
$SOL - ReneSola Ltd 2019 Q3 - Results - Earnings Call Presentation. Keep reading: https://t.co/UyX9TmRvsQ #markets #finance #economy,2,twitter
$SQNS - Sequans Communications S.A. (SQNS) CEO Georges Karam on Q4 2019 Results - Earnings Call Transcript.…Â https://t.co/Gowb7wv4QM,2,twitter
$ST - Sensata Technologies Q4 2019 Earnings Preview https://t.co/TA4X2PNtgq,2,twitter
$STMP - https://t.co/wOfhBECRjc Inc. 2019 Q3 - Results - Earnings Call Presentation. Get more updates here:… https://t.co/goFXNQ6vEb,2,twitter
$SUMRX: Earnings Out Next Week https://t.co/XuQiwG02aI,2,twitter
$SUMRX: Earnings Out This Afternoon/Tomorrow Morning https://t.co/B2W4dNxP3t,2,twitter
"$TBBK - Bancorp, Inc. (TBBK) CEO Damian Kozlowski on Q4 2019 Results - Earnings Call Transcript.... https://t.co/ORnVCSrAvN",2,twitter
$TFIFF - TFI International reports Q4 results https://t.co/N3CdlrHVzk,2,twitter
$TGH - Textainer Group Holdings Q4 2019 Earnings Preview https://t.co/QLltw7YV5t,2,twitter
$TGNA - TEGNA Q4 2019 Earnings Preview https://t.co/bT6mu0WSeg,2,twitter
$TOMZ - TOMI Environmental Solutions reports Q3 results https://t.co/QIkYqnVgBd,2,twitter
$TRAUF - Transurban Group reports 1H results https://t.co/H5ULsdHRGr,2,twitter
$USFD - US Foods Q4 2019 Earnings Preview https://t.co/bBrEejXdYb,2,twitter
$VNOM - Viper Energy Q4 2019 Earnings Preview https://t.co/eLKwaPXolo,2,twitter
$VREX - Varex Imaging Q1 2020 Earnings Preview https://t.co/AWMo0muWZd,2,twitter
"$VRNS - Varonis Systems, Inc. 2019 Q4 - Results - Earnings Call Presentation. https://t.co/nyoAzUyvoP #finance #stockmarket #economy",2,twitter
$WU - Western Union Q4 2019 Earnings Preview https://t.co/peFQmNJdnG,2,twitter
$ZUMZ - Zumiez Inc. (ZUMZ) CEO Rick Brooks on Q3 2019 Results - Earnings Call Transcript. Follow this and any other… https://t.co/SJCTkjffBY,2,twitter
4 Things to Look For When General Mills Reports Earnings,2,twitter
A Preview Of Philip Morris Intl's Q4 Earnings,2,twitter
AbbVie Wows Again With Q4 Results,2,twitter
ADM Tronics Unlimited reports Q2 results,2,twitter
Advantego reports Q3 results,2,twitter
"AG Mortgage Investment Trust, Inc. Schedules Fourth Quarter 2019 Earnings Release and Conference Call",2,twitter
AGCO Reports Fourth Quarter Results,2,twitter
Akbank T.A.S. reports Q4 results,2,twitter
Aker Solutions ASA reports Q4 results,2,twitter
Albany International Reports Fourth-Quarter 2019 Results,2,twitter
Alnylam Pharmaceuticals Reports Fourth Quarter and Full Year 2019 Financial Results and Highlights Recent Period Activity,2,twitter
Alpha Bank reports Q3 results,2,twitter
Alpine 4 Technologies reports Q3 results,2,twitter
Ambarella's Q3 Earnings Preview,2,twitter
American Resources reports Q3 results,2,twitter
"American Water Announces 10 Year Capital Spending Plan, Sets Long Term Growth Targets and Announces 2020 Earnings G… https://t.co/4g2Cerj27y",2,twitter
Amkor Technology Reports Financial Results for the Fourth Quarter and Full Year 2019,2,twitter
APi Group Corporation reports Q3 results,2,twitter
Ark Restaurants : Announces Financial Results for the First Quarter of 2020play_arrow #ArkRestaurants #Stock… https://t.co/LwVSGfNQ47,2,twitter
Ark Restaurants Announces Financial Results for the First Quarter of 2020,2,twitter
Arrow Electronics Reports Fourth-Quarter and Year-End 2019 Results,2,twitter
Atico Mining reports Q3 results,2,twitter
AU Optronics reports Q4 results,2,twitter
AutoNation Q4 2019 Earnings Preview,2,twitter
Azrieli Group ADR reports Q3 results,2,twitter
Babcock International Group reports 1H results,2,twitter
Banca Monte dei Paschi di Siena S.p.A. reports FY results,2,twitter
Beach Energy reports 1H results,2,twitter
BergenBio reports Q3 results,2,twitter
BioSyent reports Q3 results,2,twitter
Bioteq Environmental Technologies reports Q3 results,2,twitter
Bonal International reports Q2 results,2,twitter
Brighthouse Financial Announces Fourth Quarter and Full Year 2019 Results,2,twitter
"BrightView Reports First Quarter Fiscal 2020 Results, Reaffirms Full Year Fiscal 2020 Guidance",2,twitter
Bristol-Myers Squibb Reports Fourth Quarter and Full Year Financial Results for 2019,2,twitter
Can Lowe’s Recapture Lost Ground from Home Depot with Earnings?,2,twitter
Canaccord Genuity reports Q3 results,2,twitter
Cancer Genetics reports Q3 results,2,twitter
Cannabis Sativa reports Q3 results,2,twitter
Cardiff Lexington Corporation reports Q3 results,2,twitter
Cedar Realty Trust Inc (CDR) Q4 2019 Earnings Call Transcript,2,twitter
Cellect Biotechnology reports Q3 results,2,twitter
Celyad reports Q3 results,2,twitter
"Central European Media Enterprises Ltd. Reports Results for the Full Year and Fourth Quarter Ended December 31, 2019",2,twitter
Central European Media reports Q4 results,2,twitter
Ciner Resources LP : to Release 4th Quarter and Year... #CinerResourcesLP #Stock #MarketScreener… https://t.co/TAxaiXilQn,2,twitter
CNA Financial Corp (CNA) Q4 2019 Earnings Call Transcript,2,twitter
CNFinance reports Q3 results,2,twitter
Coloplast ASB reports Q1 results,2,twitter
Columbia Sportswear Company Reports Fourth Quarter and Record Full Year 2019 Financial Results; Provides 2020 Financial Outlook,2,twitter
"Commonwealth Bank of Australia : Capital, Margins in Focus -- Earnings Preview #CommonwealthBankofAustralia #Stock… https://t.co/L8gy222ZI6",2,twitter
Compass Minerals Reports Fourth-Quarter and Full-Year Results,2,twitter
Contact Energy reports 1H results,2,twitter
Cordy Oilfield Services reports Q3 results,2,twitter
Core Molding reports Q3 results,2,twitter
CoreSite Reports Fourth Quarter 2019 Financial Results,2,twitter
Credicorp reports Q4 results,2,twitter
Cubic Energy reports Q3 results,2,twitter
Dassault Systemes reports Q4 results,2,twitter
Deluxe Reports Fourth Quarter 2019 Results and Record Full Year Revenue,2,twitter
Did IDEX Corporation's (NYSE:IEX) Recent Earnings Growth Beat The Trend?,2,twitter
DNB ASA reports Q4 results,2,twitter
Do FDC's (NSE:FDC) Earnings Warrant Your Attention?,2,twitter
Domtar Corporation Reports Preliminary Fourth Quarter and Fiscal Year 2019 Financial Results,2,twitter
Donaldson to Webcast Second Quarter 2020 Earnings Conference Call,2,twitter
Eagle Point Income Company reports Q3 results,2,twitter
Earnings Preview: What To Expect From Home Depot On Tuesday,2,twitter
Earnings Preview: What To Expect From Macy’s On Thursday,2,twitter
"Earnings Scheduled For December 12, 2019",2,twitter
Edited Transcript of 2882.TW earnings conference call or presentation 18-Nov-19 9:00am GMT,2,twitter
Edited Transcript of 8766.T earnings conference call or presentation 19-Nov-19 7:00am GMT,2,twitter
Edited Transcript of ABEO earnings conference call or presentation 13-Nov-19 3:00pm GMT,2,twitter
Edited Transcript of ADN.TO earnings conference call or presentation 31-Oct-19 5:00pm GMT,2,twitter
Edited Transcript of AKBA earnings conference call or presentation 12-Nov-19 2:00pm GMT,2,twitter
Edited Transcript of ALIM earnings conference call or presentation 30-Oct-19 1:00pm GMT,2,twitter
Edited Transcript of ALPHA.AT earnings conference call or presentation 19-Nov-19 4:30pm GMT,2,twitter
Edited Transcript of AMK.N earnings conference call or presentation 5-Nov-19 10:00pm GMT,2,twitter
Edited Transcript of APT.AX earnings conference call or presentation 28-Aug-19 12:30am GMT,2,twitter
Edited Transcript of ARWR earnings conference call or presentation 5-Feb-20 9:30pm GMT,2,twitter
Edited Transcript of ASH.N earnings conference call or presentation 19-Nov-19 2:00pm GMT,2,twitter
Edited Transcript of ASND earnings conference call or presentation 18-Nov-19 9:30pm GMT,2,twitter
Edited Transcript of ASPN earnings conference call or presentation 31-Oct-19 9:00pm GMT,2,twitter
Edited Transcript of ATKR earnings conference call or presentation 22-Nov-19 1:00pm GMT,2,twitter
Edited Transcript of BDX earnings conference call or presentation 6-Feb-20 1:00pm GMT,2,twitter
Edited Transcript of BMY earnings conference call or presentation 31-Oct-19 12:30pm GMT,2,twitter
Edited Transcript of BREW earnings conference call or presentation 13-Nov-19 4:30pm GMT,2,twitter
Edited Transcript of CB earnings conference call or presentation 5-Feb-20 1:30pm GMT,2,twitter
Edited Transcript of CNO earnings conference call or presentation 6-Nov-19 4:00pm GMT,2,twitter
Edited Transcript of CPA earnings conference call or presentation 14-Nov-19 4:00pm GMT,2,twitter
Edited Transcript of CSL earnings conference call or presentation 6-Feb-20 10:00pm GMT,2,twitter
Edited Transcript of CTK.N earnings conference call or presentation 18-Nov-19 1:00pm GMT,2,twitter
Edited Transcript of CTSH earnings conference call or presentation 5-Feb-20 10:00pm GMT,2,twitter
Edited Transcript of DCM.TO earnings conference call or presentation 18-Nov-19 4:00pm GMT,2,twitter
Edited Transcript of DSSI.N earnings conference call or presentation 13-Nov-19 1:00pm GMT,2,twitter
Edited Transcript of EKTA B.ST earnings conference call or presentation 15-Nov-19 10:00am GMT,2,twitter
Edited Transcript of EROS earnings conference call or presentation 15-Nov-19 1:30pm GMT,2,twitter
Edited Transcript of ESE earnings conference call or presentation 19-Nov-19 10:00pm GMT,2,twitter
Edited Transcript of ESI.TO earnings conference call or presentation 12-Nov-19 9:00pm GMT,2,twitter
Edited Transcript of ESTE earnings conference call or presentation 7-Nov-19 5:00pm GMT,2,twitter
Edited Transcript of FCR.TO earnings conference call or presentation 6-Nov-19 7:00pm GMT,2,twitter
Edited Transcript of FHER3.SA earnings conference call or presentation 13-Nov-19 3:00pm GMT,2,twitter
Edited Transcript of FTT.TO earnings conference call or presentation 5-Nov-19 4:00pm GMT,2,twitter
Edited Transcript of GFF earnings conference call or presentation 13-Nov-19 9:30pm GMT,2,twitter
Edited Transcript of GGAL.BA earnings conference call or presentation 12-Nov-19 4:00pm GMT,2,twitter
Edited Transcript of GLOG earnings conference call or presentation 6-Feb-20 1:30pm GMT,2,twitter
Edited Transcript of GLUU earnings conference call or presentation 5-Feb-20 10:00pm GMT,2,twitter
Edited Transcript of GSK.L earnings conference call or presentation 5-Feb-20 2:00pm GMT,2,twitter
Edited Transcript of GTS earnings conference call or presentation 7-Nov-19 1:30pm GMT,2,twitter
Edited Transcript of GTX.N earnings conference call or presentation 8-Nov-19 1:30pm GMT,2,twitter
Edited Transcript of HI earnings conference call or presentation 14-Nov-19 1:00pm GMT,2,twitter
Edited Transcript of ICON earnings conference call or presentation 12-Nov-19 10:00pm GMT,2,twitter
Edited Transcript of IWSY earnings conference call or presentation 12-Nov-19 9:30pm GMT,2,twitter
Edited Transcript of JKS earnings conference call or presentation 19-Nov-19 12:30pm GMT,2,twitter
Edited Transcript of KWR earnings conference call or presentation 13-Nov-19 1:30pm GMT,2,twitter
Edited Transcript of LEE earnings conference call or presentation 12-Dec-19 3:00pm GMT,2,twitter
Edited Transcript of LEVE3.SA earnings conference call or presentation 18-Nov-19 3:00pm GMT,2,twitter
Edited Transcript of LINC earnings conference call or presentation 14-Nov-19 3:00pm GMT,2,twitter
Edited Transcript of LXP earnings conference call or presentation 6-Nov-19 1:30pm GMT,2,twitter
Edited Transcript of MAC earnings conference call or presentation 6-Feb-20 6:00pm GMT,2,twitter
Edited Transcript of MANU earnings conference call or presentation 18-Nov-19 1:00pm GMT,2,twitter
Edited Transcript of MFA earnings conference call or presentation 6-Nov-19 3:00pm GMT,2,twitter
Edited Transcript of MGP earnings conference call or presentation 5-Nov-19 5:30pm GMT,2,twitter
Edited Transcript of MMS earnings conference call or presentation 19-Nov-19 2:00pm GMT,2,twitter
Edited Transcript of MSG earnings conference call or presentation 8-Nov-19 3:00pm GMT,2,twitter
Edited Transcript of NANO.OL earnings conference call or presentation 19-Nov-19 7:30am GMT,2,twitter
Edited Transcript of NCM.AX earnings conference call or presentation 16-Aug-19 12:00am GMT,2,twitter
Edited Transcript of NE earnings conference call or presentation 31-Oct-19 1:00pm GMT,2,twitter
Edited Transcript of NEW.N earnings conference call or presentation 18-Nov-19 1:00pm GMT,2,twitter
Edited Transcript of NG.L earnings conference call or presentation 14-Nov-19 9:15am GMT,2,twitter
Edited Transcript of NGVC earnings conference call or presentation 14-Nov-19 9:30pm GMT,2,twitter
Edited Transcript of NHI earnings conference call or presentation 7-Nov-19 5:00pm GMT,2,twitter
Edited Transcript of NSPR earnings conference call or presentation 12-Nov-19 1:30pm GMT,2,twitter
Edited Transcript of NTR.TO earnings conference call or presentation 5-Nov-19 3:00pm GMT,2,twitter
Edited Transcript of NVMI earnings conference call or presentation 7-Nov-19 2:00pm GMT,2,twitter
Edited Transcript of NVU.UN.TO earnings conference call or presentation 8-Nov-19 7:00pm GMT,2,twitter
Edited Transcript of OHL.MC earnings conference call or presentation 14-Nov-19 5:00pm GMT,2,twitter
Edited Transcript of OTEL earnings conference call or presentation 6-Nov-19 4:30pm GMT,2,twitter
Edited Transcript of PIRS earnings conference call or presentation 11-Nov-19 1:00pm GMT,2,twitter
Edited Transcript of PLZ.UN.TO earnings conference call or presentation 7-Nov-19 7:00pm GMT,2,twitter
Edited Transcript of PPC earnings conference call or presentation 31-Oct-19 1:00pm GMT,2,twitter
Edited Transcript of PRI earnings conference call or presentation 7-Nov-19 3:00pm GMT,2,twitter
Edited Transcript of PROS.N earnings conference call or presentation 7-Nov-19 3:00pm GMT,2,twitter
Edited Transcript of PTN earnings conference call or presentation 13-Nov-19 4:00pm GMT,2,twitter
Edited Transcript of RLGT earnings conference call or presentation 12-Nov-19 9:30pm GMT,2,twitter
Edited Transcript of RRR earnings conference call or presentation 4-Feb-20 9:30pm GMT,2,twitter
Edited Transcript of SBPH earnings conference call or presentation 11-Nov-19 9:30pm GMT,2,twitter
Edited Transcript of SGLB earnings conference call or presentation 14-Nov-19 9:30pm GMT,2,twitter
Edited Transcript of SLF.TO earnings conference call or presentation 7-Nov-19 3:00pm GMT,2,twitter
Edited Transcript of TDG earnings conference call or presentation 19-Nov-19 4:00pm GMT,2,twitter
Edited Transcript of TIPT earnings conference call or presentation 7-Nov-19 2:00pm GMT,2,twitter
Edited Transcript of TWOU earnings conference call or presentation 6-Feb-20 9:30pm GMT,2,twitter
Edited Transcript of VK.PA earnings conference call or presentation 14-Nov-19 5:30pm GMT,2,twitter
Edited Transcript of VLA.PA earnings conference call or presentation 31-Oct-19 1:00pm GMT,2,twitter
Edited Transcript of VNET earnings conference call or presentation 19-Nov-19 1:00am GMT,2,twitter
Edited Transcript of YGYI earnings conference call or presentation 18-Nov-19 9:15pm GMT,2,twitter
Edited Transcript of YRD earnings conference call or presentation 15-Nov-19 12:00am GMT,2,twitter
Edited Transcript of ZNGA earnings conference call or presentation 5-Feb-20 9:30pm GMT,2,twitter
Edited Transcript of ZTO.N earnings conference call or presentation 19-Nov-19 1:00am GMT,2,twitter
eDreams ODIGEO S.A. reports Q2 results,2,twitter
Elite Pharmaceuticals reports Q3 results,2,twitter
Ellington Residential Mortgage REIT Reports Fourth Quarter 2019 Results,2,twitter
Eltek reports Q3 results,2,twitter
"EMCOR Group, Inc. Fourth Quarter Conference Call to Be Broadcast Over the Internet",2,twitter
Encision reports Q3 results,2,twitter
Endonovo Therapeutics reports Q3 results,2,twitter
Energy & Environmental Services reports Q3 results,2,twitter
"Entercom Communications to Report 2019 Fourth Quarter Financial Results, Host Conference Call on February 25",2,twitter
Everest Re Group Reports Full Year and Fourth Quarter 2019 Results,2,twitter
Exxe Group reports Q2 results,2,twitter
FalconStor Software reports Q3 results,2,twitter
First Savings Financial reports Q1 results,2,twitter
"FLIR Systems to Release Fourth Quarter and Full Year 2019 Financial Results on Thursday, February 27, 2020",2,twitter
Fortum Oyj reports Q4 results,2,twitter
Friendly Hills Bank reports FY results,2,twitter
Gilat Satellite reports Q3 results,2,twitter
Gorman-Rupp Reports Fourth Quarter and Full-Year 2019 Financial Results,2,twitter
GrafTech Reports Unaudited Full Year and Fourth Quarter 2019 Results,2,twitter
Grom Social Enterprises reports Q3 results,2,twitter
Grupo Aval Acciones y Valores S.A. reports Q3 results,2,twitter
GTX reports Q3 results,2,twitter
Havilah Resources : Quarterly Activities & Cashflow Reports - Ending 31/10/19 #HavilahResources #Stock… https://t.co/LaPh5EuvzI,2,twitter
Healthpeak Properties Q4 Earnings Preview,2,twitter
HEICO Q4 2019 Earnings Preview,2,twitter
Here's What to Like About Lannett's Q2 Earnings Results,2,twitter
Hexagon AB (publ) (STO:HEXA B): Should The Recent Earnings Drop Worry You?,2,twitter
Hilton Worldwide Q4 2019 Earnings Preview,2,twitter
Idorsia reports Q4 results,2,twitter
"IGC Reports Financial Results for the Quarter Ended December 31, 2019",2,twitter
IMPACT Silver reports Q3 results,2,twitter
India Globalization Capital reports Q3 results,2,twitter
ING Groep reports Q4 results,2,twitter
"Ingles Markets, Incorporated Reports Sales and Net Income for First Quarter Fiscal 2020",2,twitter
Innerscope Hearing Technologies reports Q3 results,2,twitter
Innovest Global reports Q3 results,2,twitter
International Isotopes reports Q3 results,2,twitter
Internet Gold reports Q3 results,2,twitter
Itau Unibanco reports Q4 results,2,twitter
Item 9 Labs reports Q4 results,2,twitter
J2 Global Reports Fourth Quarter and Year End 2019 Results and Provides 2020 Outlook,2,twitter
Japan Tobacco reports FY results,2,twitter
"Jumia to Announce Fourth Quarter and Full Year 2019 Results on February 25, 2020",2,twitter
Just Energy Group Inc (JE) Q3 2020 Earnings Call Transcript,2,twitter
Kala Pharmaceuticals to Report Fourth Quarter and Full Year 2019 Financial Results and Host Conference Call,2,twitter
Kentucky First Federal Bancorp Releases Earnings  https://t.co/PnRPHfyNwU,2,twitter
Kinnevik Investment ABB reports Q4 results,2,twitter
Klabin reports Q4 results,2,twitter
KonaTel reports Q3 results,2,twitter
Konecranes reports Q4 results,2,twitter
KT Corporation reports Q4 results,2,twitter
Lattice Semiconductor Q4 Earnings Preview,2,twitter
"Lawson Products, Inc. to Report Fourth Quarter 2019 Financial Results",2,twitter
Lee reports Q4 results,2,twitter
Live Ventures reports FY results,2,twitter
LiveWorld reports Q3 results,2,twitter
"Logansport Financial Corp. Reports Earnings for the Three and Twelve Months Ended December 31, 2019  https://t.co/x3JcYjmxkS",2,twitter
Magal Security reports Q3 results,2,twitter
MakeMyTrip Q3 2020 Earnings Preview,2,twitter
Manchester United Plc Announces Second Quarter Fiscal 2020 Earnings Report Date,2,twitter
"Marcus & Millichap, Inc. to Report Fourth Quarter 2019 Financial Results on Thursday, February 20, 2020",2,twitter
Martin Marietta Materials Q4 2019 Earnings Preview,2,twitter
MAXIMUS Reports Fiscal Year 2020 First Quarter Results,2,twitter
MediaTek reports Q4 results,2,twitter
Molina Healthcare Reports Fourth Quarter and Year-End 2019 Financial Results,2,twitter
More on Worthington Q2 earnings,2,twitter
mPhase Technologies reports Q1 results,2,twitter
"MSC Industrial Direct Co., Inc. (NYSE:MSM): Should The Recent Earnings Drop Worry You?",2,twitter
Nathan's Famous reports Q3 results,2,twitter
Navios Maritime Acquisition reports Q4 results,2,twitter
Navios Maritime reports Q3 results,2,twitter
Neste Oyj reports Q4 results,2,twitter
NeuroVive Pharmaceutical AB reports Q3 results,2,twitter
New Jersey Resources Reports First Quarter Fiscal 2020 Results,2,twitter
New Residential Investment Corp. Announces Fourth Quarter and Full Year 2019 Results,2,twitter
Newgioco reports Q3 results,2,twitter
Nexus REIT reports Q3 results,2,twitter
NGL Energy Partners LP Announces Record Third Quarter Fiscal 2020 Financial Results,2,twitter
NICE Provides Dial-in Details for Its Fourth Quarter and Full Year 2019 Results Teleconference,2,twitter
Nicholas Financial reports Q3 results,2,twitter
Nike earnings preview: what investors should watch,2,twitter
Nippon Telegraph and Telephone Corporation reports Q3 results,2,twitter
NMC Health Plc (LON:NMC): Has Recent Earnings Growth Beaten Long-Term Trend?,2,twitter
Nordea Bank AB ADR reports Q4 results,2,twitter
Nordic Semiconductor ASA reports Q4 results,2,twitter
Northern Star Resources reports 1H results,2,twitter
Old Dominion Freight Line Reports Fourth Quarter 2019 Earnings Per Diluted Share Of $1.80,2,twitter
Omnicom Q4 2019 Earnings Preview,2,twitter
OMV Aktiengesellschaft reports Q4 results,2,twitter
"OneMain Holdings, Inc. Reports Fourth Quarter 2019 Results",2,twitter
OSRAM Licht AG reports Q1 results,2,twitter
Ottawa Savings Bancorp reports Q4 results,2,twitter
Outotec Oyj reports Q4 results,2,twitter
"Owens & Minor will Report Fourth Quarter & Full Year 2019 Financial Results on Wednesday, March 4, 2020",2,twitter
Panoro Energy ASA reports Q3 results,2,twitter
PetroTal reports Q3 results,2,twitter
Phathom Pharmaceuticals Reports Third Quarter 2019 Financial Results and Provides Corporate Update,2,twitter
Philip Morris International Inc. Reports 2019 Fourth-Quarter & Full-Year Results,2,twitter
PJT Partners Inc. Reports Full Year and Fourth Quarter 2019 Results,2,twitter
"Premium Earnings 2-10-20: Mercadolibre and Under Armour, on the blog and here https://t.co/XccXiIk8le",2,twitter
Pretium Resources Q4 2019 Earnings Preview,2,twitter
Protolabs Reports Financial Results for the Fourth Quarter and Full Year 2019,2,twitter
Public Joint Stock Company Gazprom Neft reports Q3 results,2,twitter
PURE Bioscience Reports Fiscal 2020 Q1 Financial Results,2,twitter
Puxin reports Q3 results,2,twitter
Q1 Earnings Outlook For Tyson Foods,2,twitter
Q1 Earnings Preview For Palo Alto Networks,2,twitter
Q3 Earnings Outlook For TJX Companies,2,twitter
RedHawk reports Q1 results,2,twitter
Reminder: Altice USA to Hold Conference Call to Discuss Q4 and Full Year 2019 Results,2,twitter
RingCentral : Q4 2019 Earnings Presentation #RingCentral #Stock #MarketScreener https://t.co/GA95YZmZ6f https://t.co/ZQ1KQ4GaIz,2,twitter
RingCentral Announces Fourth Quarter 2019 Results,2,twitter
RRD to Announce Fourth Quarter Results on February 25th and Host a Conference Call on February 26th,2,twitter
Saab AB reports Q4 results,2,twitter
Sampo Oyj reports Q4 results,2,twitter
Securitas AB reports Q4 results,2,twitter
Security National reports Q3 results,2,twitter
Singing Machine reports Q2 results,2,twitter
Sirius XM Holdings Inc. Just Released Its Annual Earnings: Here's What Analysts Think,2,twitter
SK Telecom reports FY results,2,twitter
Skanska AB reports Q4 results,2,twitter
Sonoco Products Company (NYSE:SON): Has Recent Earnings Growth Beaten Long-Term Trend?,2,twitter
Sonova Holding AG reports 1H results,2,twitter
Spectacular Solar reports Q3 results,2,twitter
Strauss reports Q3 results,2,twitter
Superior Gold reports Q3 results,2,twitter
Swisscom AG reports Q4 results,2,twitter
SWK Holdings reports Q3 results,2,twitter
Taronis Technologies reports Q3 results,2,twitter
Teekay Offshore Partners L.P. (TOO) Q4 2019 Earnings Call Transcript,2,twitter
Tennant Company to Webcast Fourth Quarter Conference Call,2,twitter
TerrAscend reports Q3 results,2,twitter
Terumo reports 9M results,2,twitter
The Good Business Portfolio: 2019 3rd Quarter Earnings And Performance Review. Read more: https://t.co/9WKWX8bl6Y… https://t.co/AZRuZIp4as,2,twitter
The New York Times Company Reports 2019 Fourth-Quarter and Full-Year Results and Announces Dividend Increase,2,twitter
Titanium reports Q3 results,2,twitter
TOMI Environmental Solutions reports Q3 results,2,twitter
Top Earnings Mon 11/25 Aft: $A $AMBA $ARWR $BECN $CAL $HPE $MNR $MTSC $NAT $NTNX $PANW $PVH $SR,2,twitter
Top Earnings Tu 11/26 Pre: $ADI $AMWD $ANF $BBY $BITA $BNS $BURL $CBRL $CHS $CTRN $DCIX $DKS $DLTR $DY $ESLT $EV… https://t.co/EJqBKFvyrT,2,twitter
Tornado Global Hydrovacs reports Q3 results,2,twitter
Total: Fourth Quarter and Full-year 2019 Results,2,twitter
ToughBuilt Industries reports Q3 results,2,twitter
Transat reports Q4 results,2,twitter
Transurban Group reports 1H results,2,twitter
U.S. Xpress Enterprises Reports Fourth Quarter 2019 Results,2,twitter
Ubiquiti Inc. Reports Second Quarter Fiscal 2020 Financial Results,2,twitter
Umicore reports FY results,2,twitter
UniCredito Spa reports Q4 results,2,twitter
United Insurance Holdings Corp. Schedules 2019 Fourth Quarter and Year End Financial Results and Conference Call,2,twitter
United Utilities Group reports 1H results,2,twitter
Universal Security Instruments reports Q2 results,2,twitter
Upcoming #earnings reports https://t.co/iuOOhFSK6t $JEC $A $AMBA $BECN $CAL $GBDC $HPE $MTSC $NTNX $PANW $PVH $SR… https://t.co/6QBMgOkBiv,2,twitter
Urovant Sciences to Report 2019 Third Fiscal Quarter Financial Results,2,twitter
Vallourec S.A. Just Released Its Third-Quarter Earnings: Here's What Analysts Think,2,twitter
Vans parent VF Corp. to update FY20 outlook on Q4 conference call,2,twitter
Vecima Networks reports Q2 results,2,twitter
Vecima Reports Q2 Fiscal 2020 Results,2,twitter
Viper Energy Q4 2019 Earnings Preview,2,twitter
Vir Biotechnology reports Q3 results,2,twitter
Wereldhave N.V. reports Q4 results,2,twitter
Weston George reports Q3 results,2,twitter
What to expect in FedEx 2Q 2020 results,2,twitter
Xylem Reports Fourth Quarter and Full-year 2019 Earnings,2,twitter
Yara International reports Q4 results,2,twitter
$UNG $UGAZ $DGAZ - Natural gas sinks 5% to near four-year lows https://t.co/U80UHz81yR,0,twitter
"$USO $XLE $OIL - Oil slides amid output uncertainty, forecast for big Cushing stockpile gain https://t.co/1EV0cQBSx6",0,twitter
A global glut of LNG might force U.S. export plants to go idle https://t.co/X6YbpYenvU,0,twitter
API data show a 6 million-barrel weekly rise in U.S. crude supply: sources,0,twitter
"API data show a roughly 6 million-barrel weekly rise in U.S. crude stocks, sources say",0,twitter
Berry Petroleum's stock plunges to 2-year low after California prohibits using steam to extract oil,0,twitter
Commodity Chaos Deepens as China LNG Buyer Invokes Force Majeure,0,twitter
Coronavirus Hits Oil's Weakest Credits Hardest,0,twitter
Crude Holds Below $50 as OPEC Dithers Over Virus Response,0,twitter
"Dec. WTI oil at $55.12/bbl in electronic trade, down from $55.21 Nymex settlement",0,twitter
"Dec. WTI oil down $1.84, or 3.2%, to settle at $55.21/bbl",0,twitter
"EIA forecasts U.S. shale oil output to climb by 49,000 barrels a day in December",0,twitter
Energy Down As Oil Rally Stalls -- Energy Roundup #economy #MarketScreener https://t.co/voxopjD76f https://t.co/Gy8cJl9dT4,0,twitter
Energy Down With Energy Futures -- Energy Roundup #NYMEX #Stock #MarketScreener https://t.co/AlnK94i4ml https://t.co/NTsVYzzi6e,0,twitter
"Energy names lag on lower commodity prices for oil, gas",0,twitter
Goldman's Currie Sees Worst Oil Demand Shock in a Decade,0,twitter
"Industrial goods, oil, gas get slammed as China coronavirus slashes demand",0,twitter
Investors line up against Mizuho support for coal https://t.co/17Y4zoF1op https://t.co/7KmeGZ6oNl,0,twitter
"March WTI oil continues its decline, down 49 cents, or 1%, at $50.46/bbl",0,twitter
Mine Delays in China Are Buttressing Beleaguered Coal Bulls,0,twitter
"Nat gas prices plunge on milder weather, ample supplies",0,twitter
Natural gas futures tumble 5% and are poised to close at a nearly 4-year low,0,twitter
Natural Gas Price Fundamental Daily Forecast – Early Weakness as Forecasts Indicate Return to Seasonal Temperatures,0,twitter
Natural Gas Price Prediction – Prices Tumble on Warm Weather Forecast,0,twitter
Natural gas production in the U.S. is expected to drop by the fastest pace ever next year https://t.co/2n0o5cGvOf,0,twitter
Oil Bankruptcies Are Reaching Worrying Levels,0,twitter
Oil Begins To Move Lower – Will Our Predictions Come True?,0,twitter
Oil Dips as China Concern On Impeachment Adds Another Twist To Trade Deal,0,twitter
Oil ends at its lowest level in more than a year as U.S. prices sink below $50 https://t.co/RcsR6VD6eg,0,twitter
Oil futures finish lower after posting 2 consecutive weekly gains,0,twitter
Oil majors cut 2020 spending by 22% after prices slump #CNOOC #Stock #MarketScreener https://t.co/clKmFZv2hP https://t.co/JHMTUiqx0U,0,twitter
Oil prices fall but hold near three-month high on trade deal agreement,0,twitter
"Oil prices fell Monday, paring some of their recent rebound after a virtual summit for producers to discuss supply… https://t.co/2RHm8CWP5G",0,twitter
Oil resumes decline as investors monitor back-and-forth trade talks https://t.co/r4osnZxz0s,0,twitter
Oil slides as Russia reportedly may not seek deeper cuts at OPEC meeting,0,twitter
Oil slips as concerns over U.S.-China trade talks drag on,0,twitter
Oil slips but holds near 2-month high as looming OPEC meeting expected to yield deeper cuts https://t.co/aYzVtRXGu2,0,twitter
Oil trades at 3-month low https://t.co/6F8tuUZLyb,0,twitter
Oil tumbles as U.S. gasoline supplies rise by most since January https://t.co/t07uydxG2K via @business https://t.co/FpfskYKqZM,0,twitter
"Oil, copper remain well below peaks hit in mid-April, a sign investors remain skeptical about demand without an ove… https://t.co/eo4QwjdSqy",0,twitter
"OPEC and Russia have postponed a meeting to discuss #oil output cuts until April 9, sparking a price drop in overni… https://t.co/Akkcwcdv1d",0,twitter
OPEC+ deal is much weaker than it looks,0,twitter
Rising Short Interest Has Primed The Pumps For A Reversal In Energy ETFs. https://t.co/a1vhrYjPvB #business #investing #markets,0,twitter
Shale gas producers have a lot of problems. Count hog manure and chicken guts among them. https://t.co/tAbbumYJj5,0,twitter
Shale's Debt-Fueled Drilling Boom Is Coming To An End https://t.co/aCnoTpFlvt,0,twitter
Stock Market Update: Energy sector down nearly 3% this week,0,twitter
Stock Market Update: WTI crude falls 3% amid concerns about oversupply,0,twitter
Stock Market Update: WTI crude falls back below $50 per barrel,0,twitter
Stock Market Update: WTI crude gives back 1% amid nervous-sounding trade headline,0,twitter
Stocks Are Going Nowhere as Hope for a China Trade Deal Wavers - Barron's,0,twitter
The coronavirus is hitting renewable energy supply chains and could hurt global energy transition https://t.co/p7MP5rTZwA,0,twitter
The global oil market is drowning in excess crude as demand plummets. Insights via @CMEGroup https://t.co/JklSJKFfRS,0,twitter
Trade Alert - Crude Oil Downside. Read more: https://t.co/oq1RDoKKvI #investing #stockmarket #trading,0,twitter
U.S. oil futures mark lowest finish so far this month,0,twitter
"US oil prices tumbled 9% to $23.63 a barrel, reflecting nervousness ahead of this week's pivotal OPEC meeting https://t.co/WDUQEdhHtK",0,twitter
Why These Top Oil Stocks All Tumbled More Than 10% in January,0,twitter
Gas prices could soon drop to 99 cents a gallon in parts of the Midwest https://t.co/6WHMnyNGn6,0,twitter
"Oil is down, gold is up. Rates are flashing warnings. But someone forgot to tell stocks https://t.co/7ymiUQWP3f",0,twitter
$1 gasoline is back -- and it's a terrible sign for the economy https://t.co/4WRKl5WZ4N,0,twitter
$1 gasoline is back -- and it's a terrible sign for the economy https://t.co/5vCkppVHOV,0,twitter
$ENB $CVE $IMO - Top Canadian oil producers foresee further cuts https://t.co/HuHcdWnFGd,0,twitter
$TLT $TBT $USO - Interest rates and oil carve out new lows as stocks slip https://t.co/8qemzQl6Ze,0,twitter
$UNG $CHK $RRC - Natural gas hits the skids on warm winter weather outlook https://t.co/WZRJoML1jT,0,twitter
$USO $OIL $UCO - Crude inventories build sharply https://t.co/Ze5rjTzPYv,0,twitter
$USO $OIL $UCO - Crude inventory unexpectedly rise https://t.co/IbTo1Js76I,0,twitter
"$USO $OIL $UWT - U.S. crude supply rose 6M barrels last week, API says https://t.co/0Qf1RRQIfp",0,twitter
$USO US Energy Information Administration.. projects US cuts of 2million BPD of crude oil,0,twitter
"$XB1:COM $UGA $PSX - U.S. gasoline futures in freefall, close at all-time lows https://t.co/TAPZU4L0L6",0,twitter
$XLE $USO $BNO - Energy extends YTD loss to 15% as oil prices plunge https://t.co/m4VzJmxNUh,0,twitter
Abrupt Reversal Of Shale Oil's Fortunes Points To A Radical Reset Of Oil Prices. https://t.co/d0VIc2DVca #finance #markets #trading,0,twitter
"Almost 40% of oil and natural gas producers face insolvency within the year if the oil rout persists, a new Federal… https://t.co/8LK2acX5mE",0,twitter
Canadian oil shipments are getting snarled once again https://t.co/guijP0gyAR,0,twitter
Commodities including crude oil and copper fell on concerns that the coronavirus would pare Chinese demand for raw… https://t.co/YiE5FCEdPo,0,twitter
Concern about the spread of the coronavirus has energy stocks falling along with the broader market. @TonyTheStreet… https://t.co/qMg13i1f9F,0,twitter
"Cramer sees oil stocks in the 'death knell phase,' says they are the new tobacco https://t.co/6hY7CYl6ob",0,twitter
Energy Down Sharply As Depressed Oil Prices Seen Squeezing Shale Producers -- Energy Roundup #economy… https://t.co/X2vlmii7rL,0,twitter
Exxon Baton Rouge refinery fire threatens oil demand https://t.co/BwrixR2J8d,0,twitter
Falling Oil Prices An Economic Warning Sign | Zero Hedge https://t.co/M57og3233p,0,twitter
"For the global oil market, the coronavirus epidemic couldn't have hit a worse place https://t.co/qorAXCKzcT",0,twitter
Gasoline futures tumbled 17% to touch 50 cents a gallon for the first time since 2001 https://t.co/VesDJKIBVZ,0,twitter
"'Hurricane-force headwinds' pull oil lower, but the losses aren't built to last https://t.co/MijP5GEzWU",0,twitter
Jet fuel demand takes a hit as coronavirus leads to travel restrictions https://t.co/F56Q9FWr8E,0,twitter
JUST RELEASED: Oil Price Dynamics Report Oil prices fell over the past three weeks owing to decreased demand and… https://t.co/mU3jLoEi1M,0,twitter
JUST RELEASED: Oil Price Dynamics Report Oil prices fell over the past week owing to increased supply.… https://t.co/jmRAgMxruU,0,twitter
"Lower oil prices typically boost global growth, but the recent decline to an 18-year low will likely provide less s… https://t.co/flxCWZiS0Z",0,twitter
Midstream Prices Crash: Maybe We Have Seen This Before. https://t.co/mEWYuQVc20 #business #finance #markets,0,twitter
Natural Gas Continues To Dig A Deeper Bottom. https://t.co/QaKv8khDJG #stocks #investing #trading,0,twitter
"Oil - If Demand Drops, Exports Drop. https://t.co/avCGaJKAGP #markets #stockmarket #investing",0,twitter
"Oil Algos Confused After Huge Crude Build, Record Production, & OPEC Demand Cut | #FreeZeroHedge https://t.co/xuuXUgkjju",0,twitter
Oil drops after U.S. inventory data https://t.co/IDCJ372Mjb https://t.co/hSyzKTVifN,0,twitter
"Oil falls more than 4%, sliding into bear market territory as coronavirus sparks demand fears https://t.co/E3lDUFByFi",0,twitter
"Oil Slips After OPEC, EIA Reports Forecast Robust Supply #WTI #Stock #MarketScreener https://t.co/7JxMiwy1B2 https://t.co/NdB4wBml82",0,twitter
"Oil Slips After OPEC, EIA Reports Forecast Robust Supply #WTI #Stock #MarketScreener https://t.co/nGNnPy5ook https://t.co/QMqwCWn5Tm",0,twitter
OPEC slashed forecasts for global oil demand as the coronavirus hits fuel use in China https://t.co/j0mzuBmQbk,0,twitter
Sales of Latin American oil cargoes to China have ground to a halt this week https://t.co/fTXzryY9Wf,0,twitter
Some expect natural gas prices to fall to levels not seen in three years https://t.co/2zAY6thZiD,0,twitter
"Stranded tankers, full storage tanks: coronavirus leads to crude glut in China #economy #MarketScreener… https://t.co/2VuXEsk7vM",0,twitter
"The coronavirus is a 'black swan' for oil and energy markets, says Ned Davis Research https://t.co/pm0Dv01lGW",0,twitter
"The crash in energy prices has hit Norway, Europe's biggest oil producer, forcing it to prop up its currency for th… https://t.co/QGwT3uy5yp",0,twitter
The Danger Of Deeper OPEC+ Cuts https://t.co/5LPnGN9n4j,0,twitter
"The deepening crisis at debt-ridden Eskom shut down South Africa's key mining industry for 24 hours, hitting gold a… https://t.co/DXHzj6LIkd",0,twitter
The resistance levels to watch as oil falls from its highest close in almost 12 weeks https://t.co/bJbf9pxUvs https://t.co/tkFMkH7AOS,0,twitter
Tullow Oil: diminishing reserves https://t.co/k73wE7kYpL,0,twitter
Two Canadian rail terminal owners are unable to take oil deliveries amid the rail strike https://t.co/2o7PekCcKI,0,twitter
U.S. gasoline futures tumbled to their lowest level since 1999-with some pump prices already below $1-as coronaviru… https://t.co/Tt9W1qMrJj,0,twitter
U.S. LNG producers fear more price drops as they await China buys under Phase 1 deal https://t.co/JFI0VN2QD3 https://t.co/dallBPbDVS,0,twitter
U.S. Oil Inventories Rise More Than Expected #WTI #Stock #MarketScreener https://t.co/lMkNlbjinO https://t.co/wBBq3HdLZO,0,twitter
U.S. shale gas investors brace for write-downs amid price plunge https://t.co/r1cBgB4u2P https://t.co/SRyl3mtQ6Y,0,twitter
"US Gasoline Crashes To 50c - Lowest Since 2001 - Amid ""Unprecedented"" Demand Collapse  https://t.co/RW5FZIV94i",0,twitter
"WTI crude oil slides 1.5% after surprise build in U.S. inventories
https://t.co/k4nUbMnFw1 https://t.co/7QHRf46m26",0,twitter
WTI Slips From 12-Week Highs After Surprise Crude Inventory Build https://t.co/IQFM0x0KXt,0,twitter
$USO $UNG $UGAZ - U.S. rig count falls for seventh straight week https://t.co/LZLLzMVVPX,1,twitter
$USO $UNG $UGAZ - U.S. rig count trimmed by 2 in Baker Hughes survey https://t.co/JE6InmMQqL,1,twitter
$USO $XLE $OIL - OPEC+ confirms deeper oil production cut; crude oil jumps https://t.co/UCQIZjimV9,1,twitter
$UXA:COM $CCJ $URG - Uranium likely to benefit as top miner cuts output https://t.co/knMI5S5aVC,1,twitter
Brent crude climbs after OPEC and its allies confirmed the new production pact https://t.co/hnnEhZkHRy,1,twitter
Declining Rig Counts Point To Higher Energy Prices And A Headwind For The U.S. Economy,1,twitter
"Energy stocks might be due for a rebound, but a set of conundrums make the sector's potential a tricky question https://t.co/3QZ7LUB3sj",1,twitter
Energy tops sector leaderboard on trade optimism,1,twitter
Energy Up As Exxon Cuts CapEx Spending -- Energy Roundup #economy #MarketScreener https://t.co/pZc2wlKsXZ https://t.co/TX2jWQyK1m,1,twitter
Energy Up On Hopes For Thursday OPEC + Deal -- Energy Roundup #economy #MarketScreener https://t.co/nr6XPt6Dgf https://t.co/nONuhHQC85,1,twitter
"For All the Talk of Coal's Demise, It Still Powers the World",1,twitter
Investors hope Thursday's OPEC+ meeting will signal an end to the Saudi-Russian oil-price war https://t.co/2dXum2tlfY,1,twitter
"Jan. natural gas traded at $2.289/mln Btus, up 4.7 cents, or 2.1%",1,twitter
"Jan. WTI oil up $1.25, or 2.1%, to $60.43/bbl",1,twitter
JUST RELEASED: Oil Price Dynamics Report Oil prices rose over the past week owing to decreased supply.… https://t.co/7jbfqZG2tJ,1,twitter
Liquefied Natural Gas : Magnolia LNG EPC Contract Extended #LiquefiedNaturalGas #Stock #MarketScreener… https://t.co/c5RMB3I1lK,1,twitter
Natural Gas Price Forecast – Natural Gas Markets Finding Support Again,1,twitter
"Natural Gas: Production Hits All-Time High, But Prices Supported By Bullish Weather. Continue reading:… https://t.co/cXoctDD13P",1,twitter
Oil boosted by renewed hopes for global production cut https://t.co/4tAO1U31nz,1,twitter
Oil gains on fresh hopes for U.S.-China trade talks,1,twitter
"Oil Hits 3-Month High, Catching up on U.S.-China News",1,twitter
"Oil holds above $63 on U.S.-China trade talks optimism - SI

https://t.co/gZPHfoCcSq",1,twitter
Oil Jumps After OPEC Agrees To 500Kbpd Production Cut https://t.co/tP6Uw4Fc46,1,twitter
Oil Markets Poised To Rise With U.S.-China Trade Deal,1,twitter
"Oil nears three-month high as trade hopes, UK election boost sentiment",1,twitter
Oil prices steady after two-day drop as growth concerns weigh,1,twitter
Oil resumes gain as investors monitor back-and-forth trade talks https://t.co/r4osnZxz0s,1,twitter
Oil rises 1% on Trump's optimism for a deal with China,1,twitter
Oil rises a second day in 'relief rally' over China coronavirus,1,twitter
Oil rises on likely OPEC+ output cuts amid coronavirus outbreak,1,twitter
"Oil Spikes After Russia Says Ready For ""Substantial Output Cut"", But Warns 10MMb/d Cut Not Enough  https://t.co/tcIG2Zilx8",1,twitter
Oil trades at 3-month high https://t.co/6F8tuUZLyb,1,twitter
Oil's Biggest Bullish Boost Since 2016 Scores on Trade Armistice,1,twitter
OPEC Delivers Bigger Cut With ABS Surprising The Market. Get more info on Seeking Alpha: https://t.co/wi5cTW6c7D… https://t.co/m97WCjZsoA,1,twitter
Qatar plans to boost LNG production to 126 million T by 2027,1,twitter
Rising Crude Inventories Fail To Halt Oil Rally,1,twitter
Russia backs OPEC+ oil output cuts,1,twitter
Saudi Arabia surprised the oil market by pledging to implement significant additional production cuts beyond what w… https://t.co/sRj7yzfCam,1,twitter
"Saudi, Russia win over oil producers to deeper cuts https://t.co/yg3AXpQ4Oj https://t.co/LiiA9I8Lcp",1,twitter
Semis Vs. Energy - A New High. https://t.co/04IZ5D953O #stocks #finance #trading,1,twitter
Stock Market Update: WTI crude rises on trade deal,1,twitter
U.S. crude flows to Europe set to rise as virus hits Asia demand,1,twitter
U.S. weekly active oil-rig count edges up by 1 to 676: Baker Hughes,1,twitter
WTI crude oil up just 1.2% and still below 60.,1,twitter
WTI oil futures touch fresh intraday highs on Nymex,1,twitter
$COMDX: Natural gas inventory showed a draw of 115 bcf vs a 137 bcf draw last week https://t.co/MujjhgPyDZ,1,twitter
$COMDX: Natural gas inventory showed a draw of 201 bcf vs a 92 bcf draw last week https://t.co/CGfYWf1Unq,1,twitter
$USO $UNG $UGAZ - U.S. rig count falls for fifth straight week https://t.co/UwX3Qg6gGZ,1,twitter
A lot of flows over past week been positioning for Energy groups to rally Q1 2020,1,twitter
Brent +4%,1,twitter
"CapEcon: If Iran Closes The Strait Of Hormuz, Crude Would Jump To $150 https://t.co/wOZBIi3e85",1,twitter
China's Need To Import LNG Is Slowing Down. https://t.co/lnpKUyNtQr #stocks #stockmarket #trading,1,twitter
Crude heads for weekly advance as coronavirus worries recede https://t.co/ajuzuzXNQt,1,twitter
Crude rose for a second day after the U.S. signalled it was open to the possibility of an alliance with Saudi Arabia https://t.co/H7eECXZNxJ,1,twitter
Energy Up After OPEC+ Deal Confirmed -- Energy Roundup #economy #MarketScreener https://t.co/mzguCYDUPd https://t.co/HyyDGplTcQ,1,twitter
Energy Up Ahead Of Exxon Earnings -- Energy Roundup #economy #MarketScreener https://t.co/jVOrgnxqff https://t.co/kdZ4Hep8kI,1,twitter
Energy Up as Commodities Recoup Some Losses -- Energy Roundup #economy #MarketScreener https://t.co/xVXTRdf57N https://t.co/QiHQUaI2IU,1,twitter
Europe's LNG imports expected to soar to 100 mln tonnes in 2020 #economy #MarketScreener https://t.co/qHpLYbUTlB https://t.co/MlQzA7HTc3,1,twitter
Glencore almost doubles its LNG trade in 2019 on surge in Asian volumes https://t.co/1ignRPuvQe https://t.co/JtvI58joND,1,twitter
Investment in Canada's oil-sands is on track to grow for the first time since prices crashed in 2014 https://t.co/Ws3dGV4VgC,1,twitter
"Natural Gas $UNG with a bounce today seeing 28,000 March $14 calls active early today",1,twitter
Natural Gas Storage: Expecting A Relatively Bullish Draw. https://t.co/MHGs7yNnWd #markets #stocks #stockmarket,1,twitter
Natural Gas: Long Set Up Ahead But Timing Is Important. Read more: https://t.co/eruGN42l53 #stockmarket #stocks #markets,1,twitter
"Oil and gold rise after a U.S. airstrike in Baghdad killed a top Iranian commander
-Asian stocks including Hong Ko… https://t.co/G5FSqO7cRr",1,twitter
Oil lower but trims early loss as report on China trade talks sparks fresh hope https://t.co/t6v2CMBAze,1,twitter
"Oil prices, which had skyrocketed nearly 4%, appear to have stabilized around 3% higher.
https://t.co/QDUbA31bl0",1,twitter
"Oil skyrockets, U.S. stock futures sink after Iranian general killed in Iraq airstrike https://t.co/UMiKkaQ42x",1,twitter
Oil stocks continue to show improvement. https://t.co/lufaW1tdGD,1,twitter
The amount of oil needed to run the global economy will decline sharply in the first quarter of this year as the co… https://t.co/6d6BFT0Hwb,1,twitter
The First Oil Company Bailout Of 2020 Is Happening In Canada: Select Shares Soar. https://t.co/eW0P8HmTK2 #trading #investing #stockmarket,1,twitter
The high in WTI in September following the drone strikes on Saudi oil facilities was 63.40.  Crude oil right now is at 63.38.,1,twitter
"Time for more OPEC cuts
Crude +822K, Exp. -3MM
Gasoline +5.405MM
Distillate +4.118MM
Cushing -3.393MM
Production -100Kbpd",1,twitter
"Algeria to cut oil output by 12,000 bpd under new OPEC deal #economy #MarketScreener https://t.co/cpeDaozf3J https://t.co/IYoYnnKDyH",1,twitter
"ICYMI: Oil spiked after the U.S. airstrike killed a top Iranian commander in Baghdad.

The strike escalates an alre… https://t.co/biC7W3GoKK",1,twitter
"Natural Gas Demand Is Rising, But Production Has Reached A Major Long-Term Peak. Keep reading:… https://t.co/gXfKjJLCqJ",1,twitter
"OPEC, Russia and other oil producing nations have agreed to deeper production cuts in an attempt to support crude p… https://t.co/yY5TKhHz8Z",1,twitter
OPEC's New Year's Gift To Oil Bulls. Follow this and any other stock on Seeking Alpha! https://t.co/D0ihnpJvHE #business #finance #markets,1,twitter
"Qatar, the world's biggest supplier of liquefied natural gas, plans to boost output capacity by almost two thirds https://t.co/D8XYpUKFl6",1,twitter
$COMDX: Energy Settlement Prices https://t.co/y70kOScE0a,2,twitter
$ET $RDS.A $RDS.B - Shell-led Lake Charles LNG gets five more years to reach in-service date https://t.co/fDhoQLZpaa,2,twitter
A Five-Decade Rivalry Is Playing Out at OPEC+,2,twitter
Baker Hughes Announces January 2020 Rig Counts,2,twitter
Canadian crude reportedly stable so far at start of CN Rail strike,2,twitter
China LNG Force Majeure Rejected as Virus Chaos Sparks Dispute,2,twitter
Coconut Oil Market Procurement Intelligence Report | Increase in Supplier OPEX to Impact Procurement Spend,2,twitter
Commodity Chaos Deepens as China Buyers Invoke Force Majeure,2,twitter
Crude Oil Price Update – Direction Controlled by $51.84 Pivot,2,twitter
Eni CEO Sees Oil Market Stabilizing on U.S.-China deal,2,twitter
Forget OPEC: China Now Moves The Oil Markets,2,twitter
Global oil majors seeking combined $27B in asset sales - report,2,twitter
Goldman Sachs Curbs New Lending on Coal and Arctic Oil,2,twitter
Here are the biggest risks to OPEC+ efforts to balance oil https://t.co/qWAYGsiVuU,2,twitter
IAEA International Atomic Energy Agency : Fostering the Safe and Secure Transport of Spent... #IAEA #economy… https://t.co/dBAPsbsguv,2,twitter
Iran Demands $6 Billion Oil Payment From South Korea: Chosun,2,twitter
IRAQ DIDN'T AGREE TO MORE OIL CUTS DUE TO SAUDI PRESSURE: MIN,2,twitter
Iraq’s Largest Oil Fields Threatened By Anti-Government Protests,2,twitter
"Keystone leak affected 10x more land than thought, regulator says",2,twitter
New California fracking permits blocked pending scientific review,2,twitter
News Highlights : Top Energy News of the Day #WTI #Stock #MarketScreener https://t.co/pBZAoYUo9V https://t.co/lAhsqxtW17,2,twitter
News Highlights : Top Energy News of the Day #WTI #Stock #MarketScreener https://t.co/sNjfeioj1l https://t.co/KiovB27Z9y,2,twitter
Oil Majors Go On $27 Billion Selling Spree,2,twitter
Oil Price Fundamental Weekly Forecast – We’ll Find Out This Week if Traders Liked the Trade Deal,2,twitter
Oil Stocks: What I Got Right (and Wrong) About the Oil Market in 2019,2,twitter
OPEC+ Deal Isn't Worth the Paper It's Written On,2,twitter
OPEC+ technical meeting drags on,2,twitter
OPEC's share of Indian oil imports in October hits lowest since 2011,2,twitter
"Saudi Arabia, Russia and other large oil producers are racing to negotiate a deal to stem the historic price crash… https://t.co/0ZG8MXUBla",2,twitter
Saudi energy minister defends US shale producers: 'They are creating jobs' https://t.co/IkKMglIMOd,2,twitter
The Best And Worst Oil Predictions Of 2019,2,twitter
The Expected and Thrilling Resolution of Oil’s Consolidation,2,twitter
The Five Biggest Enemies Of Oil & Gas,2,twitter
Trump Proposes Selling 15 Million Barrels From U.S. Oil Reserve,2,twitter
Trump proposes selling 15 million barrels of oil from the U.S. emergency stockpile as part of his fiscal 2021 budge… https://t.co/Gdwr6I8j4p,2,twitter
Trump's budget proposes sale from emergency oil reserve,2,twitter
U.S. Revokes WTO Subsidy Preferences for Some Developing Nations,2,twitter
U.S. total weekly active drilling-rig count unchanged at 790: Baker Hughes,2,twitter
Will Crude Oil Ever Bottom?,2,twitter
"ZYEN Chairman, David Greenberg, discusses OPEC’s Power in the Oil Market; the Potential of Renewable Energy Project… https://t.co/4pJUTfUFF6",2,twitter
$COMDX: EIA petroleum data for the week ended December 6 https://t.co/7I8u7u0QY6,2,twitter
$COMDX: EIA petroleum data for the week ended February 7 https://t.co/NPIYrcJmRw,2,twitter
$COMDX: Energy Settlement Prices https://t.co/3HPMPROeFl,2,twitter
$COMDX: Energy Settlement Prices https://t.co/b1WF1DlVYU,2,twitter
$COMDX: Energy Settlement Prices https://t.co/DJdjBeoW0k,2,twitter
$COMDX: Energy Settlement Prices https://t.co/g2HjabrPJq,2,twitter
$COMDX: Energy Settlement Prices https://t.co/JHLtzLJyB0,2,twitter
$COMDX: Energy Settlement Prices https://t.co/S8EisJPrxd,2,twitter
$COMDX: Energy Settlement Prices https://t.co/sgnRZEzIyD,2,twitter
$COMDX: Energy Settlement Prices https://t.co/YglUJVpYXC,2,twitter
$COMDX: Energy Settlement Prices https://t.co/zOECqw1jdT,2,twitter
"$COMDX: Summary of Weekly Petroleum Data for the week ending December 6, 2019 https://t.co/mktl2PrAQJ",2,twitter
"$COMDX: Summary of Weekly Petroleum Data for week ending February 7, 2020 https://t.co/EEt6iN3jZm",2,twitter
$TRP - Work starts in Montana on Keystone XL pipeline https://t.co/24mBVL0pmI,2,twitter
$XLE: Sector Briefing: Energy https://t.co/FKDifSy17R,2,twitter
$XLE: Sector Briefing: Energy https://t.co/rN4haqh9N9,2,twitter
$XLE: Sector Briefing: Energy https://t.co/TRUxGKAme7,2,twitter
$XLE: Sector Briefing: Energy https://t.co/zSdKA1URwP,2,twitter
A controversial $1 billion shale gas pipeline won the backing of the nation's top energy regulator https://t.co/W0PVkZwvID,2,twitter
Alberta agrees to sale of crude by rail contracts: premier #CanadianPacificRailway #Stock #MarketScreener… https://t.co/tl3UGAmr7j,2,twitter
Brazil's energy minister to attend G20 oil meeting after Saudi invite https://t.co/5Rru9T7vjQ https://t.co/JBKjC3nBy0,2,twitter
Canada's oil-sands industry may have already built its last big mine https://t.co/Uota9vYdtP,2,twitter
"Chevron/shale gas: Atlas, shrugged off https://t.co/ZPKDKhBZpf",2,twitter
Crown Prince Mohammed bin Salman is reportedly unhappy with progress on the country's move away from oil https://t.co/MQN6G8XlSt,2,twitter
"Crude oil futures rise, but support seen weak #crudeoil #matprem #MarketScreener https://t.co/eQjD8yUBJ6 https://t.co/c2vI3soF9F",2,twitter
"Despite OPEC+ deal collapse, Saudi oil exports yet to rise-sources https://t.co/cDreUaBtVo https://t.co/t7lYA6uwxq",2,twitter
EEX European Energy Exchange : will introduce action limits on gas spot trading #EEX #economy #MarketScreener… https://t.co/wZ45KViSj1,2,twitter
EIA Natural Gas Report is due in 5 minutes and the Petroleum Report is due 30 minutes after that.,2,twitter
EIA Petroleum Status Report due in 5 minutes.,2,twitter
EIA Petroleum Status Report is due in 5 minutes.,2,twitter
Everything That's Wrong About The IEA Oil Market Report. https://t.co/oLWb6SuC3C #stockmarket #stocks #trading,2,twitter
February 2020: Natural Gas Supply-Demand Balance Overview And Forecast. https://t.co/HuoAlaxFwY #investing #stockmarket #stocks,2,twitter
G-7 finance chiefs urge oil-producing nations to support international efforts to stabilize world markets rocked by… https://t.co/u3kRmEz3qn,2,twitter
"How coronavirus, climate change and OPEC will continue to move crude oil prices https://t.co/diuQxqdKma by… https://t.co/kWzOCcm8Tq",2,twitter
Is oil in the middle of a perfect storm? @MaleehaMBCC looks at the Aramco IPO:  https://t.co/A6yKUT2nCY,2,twitter
Kremlin says efforts to persuade Mexico to join oil cuts deal persist - TASS https://t.co/y1cgLM7HAe https://t.co/mijGuCKi8S,2,twitter
Libyan economic experts will study the distribution of crucial oil revenue as efforts continue to solve the war-rav… https://t.co/S9lmpnDTqJ,2,twitter
Market Snapshot: Canadian crude oil is mainly exported to two regions in the United States #Stock #MarketScreener… https://t.co/OpUcd7ByDT,2,twitter
Market Snapshot: Retail pump sales of gasoline and diesel make up most of the transportation sector's energy demand… https://t.co/xc0SeRKAo2,2,twitter
Materials And Energy Dashboard - Update. https://t.co/4OPnkss3VH #finance #stocks #business,2,twitter
Mexican president's nationalist oil vision fuels standoff with Saudis https://t.co/ps9r1I9rb1 https://t.co/ZSeWOI4XkO,2,twitter
Mexico's giant oil find may not be a cure-all for ailing Pemex https://t.co/6bgoCuWZR8,2,twitter
"Most North Sea oil output 'in the money', but decom bill looms - Woodmac https://t.co/UwjPYh1W2z https://t.co/iEre6K0kRt",2,twitter
Natural Gas Prices To Trade Sideways With Near-Term Weather Being Variable; Upside Potential Still On Table Longer… https://t.co/uM9WXN9x2M,2,twitter
News Highlights : Top Energy News of the Day #WTI #Stock #MarketScreener https://t.co/0ff9xwCFGh https://t.co/rnCS5KtuEb,2,twitter
News Highlights : Top Energy News of the Day #WTI #Stock #MarketScreener https://t.co/1Hzd21RMHe https://t.co/JqdSCCWGK5,2,twitter
News Highlights : Top Energy News of the Day #WTI #Stock #MarketScreener https://t.co/4isucOkCiC https://t.co/fNEMVJcvmj,2,twitter
News Highlights : Top Energy News of the Day #WTI #Stock #MarketScreener https://t.co/8WcedoogPY https://t.co/ncyGCUUhdF,2,twitter
News Highlights : Top Energy News of the Day #WTI #Stock #MarketScreener https://t.co/BZ27X3vQTW https://t.co/dh5r7KXanX,2,twitter
News Highlights : Top Energy News of the Day #WTI #Stock #MarketScreener https://t.co/GKfx9xf2h7 https://t.co/TbJG4KZHBR,2,twitter
News Highlights : Top Energy News of the Day #WTI #Stock #MarketScreener https://t.co/GSt6QLz0Tt https://t.co/p5vsEVYzgA,2,twitter
News Highlights : Top Energy News of the Day #WTI #Stock #MarketScreener https://t.co/nACw4sVj8H https://t.co/KMZxDj39tO,2,twitter
News Highlights : Top Energy News of the Day #WTI #Stock #MarketScreener https://t.co/RiLauQuR28 https://t.co/5KV7DAp5ws,2,twitter
News Highlights : Top Energy News of the Day #WTI #Stock #MarketScreener https://t.co/wnMMQqCUWA https://t.co/1EQg2bOIey,2,twitter
News Highlights : Top Energy News of the Day #WTI #Stock #MarketScreener https://t.co/XltkskkpZw https://t.co/g8VHPlAr19,2,twitter
"Nigeria's petroleum bill to be passed by mid-2020, says oil minister #economy #MarketScreener… https://t.co/iTMZMP6wLO",2,twitter
Norway considers attending OPEC+ meeting on April 9 - oil ministry #AkerBP #Stock #MarketScreener… https://t.co/KAvIemdXpl,2,twitter
Occidental Petroleum opposes possible Texas oil curtailments: letter https://t.co/5b3a5olxc9 https://t.co/NicxEpII0q,2,twitter
Oil Price Might Go Negative - Bullish For WTI. https://t.co/AxMlbazg55 #stockmarket #stocks #business,2,twitter
Oil producers still in talks over extending output cut -Algeria minister #economy #MarketScreener… https://t.co/ZXoA41oqbw,2,twitter
Oil Search : 2019 Full Year Results Presentation #OilSearch #Stock #MarketScreener https://t.co/friR5SIC8P https://t.co/vi3yDT5Syf,2,twitter
Oil workers from the United States are leaving Iraq after Iranian military leader Qasem Soleimani was killed in a U… https://t.co/lsPogIDvGJ,2,twitter
One man is the surprise holdout to a global oil production deal https://t.co/U5Q50RqEsb,2,twitter
OPEC Cannot And Will Not Cut Production In March. https://t.co/0nj0my35zT #investing #markets #stockmarket,2,twitter
OPEC+ Output Cuts May be Contingent on G-20 Cooperation - DJ $USO @Street_Insider,2,twitter
OPEC+ will adjust its output target and redistribute production cuts between its members under pressure from Saudi… https://t.co/iUHhLCivja,2,twitter
OPEC+ won't meet until oil output numbers agreed - Iran oil minister #economy #MarketScreener… https://t.co/ddZ7Ceg1UQ,2,twitter
Record oil production cut hangs in the balance as G20 meeting concludes with no specifics https://t.co/MVPehLJcWr,2,twitter
Russia's key oil producers voiced support for extending OPEC+ output cuts into the second quarter https://t.co/SnCimY5rl9,2,twitter
Saudi Arabia and others in OPEC are working to convince oil producers there will be little space left to store thei… https://t.co/bJytfI2ytW,2,twitter
Saudi Arabia Does Not Have Much Incentive To End The Oil Price War. https://t.co/kmiHsMhvwA #trading #markets #finance,2,twitter
Saudi Arabia is ramping up crude oil production in a bid to win a price war. Insights via @CMEGroup https://t.co/2PQijkKFcd,2,twitter
"Saudi crown prince, Russia's Putin discuss efforts to stabilize oil markets: SPA #economy #MarketScreener… https://t.co/STL0sP53zL",2,twitter
"Saudi, others resist Mexican plan to make small oil output cuts - sources #economy #MarketScreener… https://t.co/VfOSxccQM3",2,twitter
Spot prices for crude oil are little changed in the week ending Nov. 15: Brent ticks up to $62.56 per barrel and WT… https://t.co/MuTSydoo7o,2,twitter
Take Five: Crude awakening #Samp;P500 #economy #MarketScreener https://t.co/Z26GdusPzF https://t.co/xJKlcaWn7P,2,twitter
The burning and releasing of vast amounts of natural gas into the atmosphere in America's top shale basin is much b… https://t.co/1GTK2pVATM,2,twitter
The Oil Industry's Radioactive Secret https://t.co/1EYo7avPcd,2,twitter
The U.S. steps up pressure on Saudi Arabia to seal a historic deal to cut global oil production https://t.co/oFYDzcoSlF,2,twitter
The world's largest oil producers are hammering out the terms of an unprecedented deal to mitigate the devastating… https://t.co/EvGJKB2l9a,2,twitter
Timing And Sizing The Oil Glut. https://t.co/9GS7eeSGks #markets #stockmarket #economy,2,twitter
To Tackle Petroleum-Related Issues: Crisis Committee Established #Stock #MarketScreener https://t.co/ZpbCBTdjSj https://t.co/scmUn91HIK,2,twitter
Trump agrees to help Mexico meet global oil cut target https://t.co/fAg7HN043V https://t.co/R2svVh7Kyd,2,twitter
"Trump said that OPEC had not pressed him to ask U.S. oil producers to reduce their output to support global prices,… https://t.co/TVj7KuIxOL",2,twitter
Turkey's recent maritime pact with Libya adds a snarl to eastern Mediterranean plans for gas exports https://t.co/uAxhGwAqIo,2,twitter
"With the shackles of OPEC's output limits thrown off and a price war under way, the group's biggest oil producers a… https://t.co/9UIxhworZ3",2,twitter
"World Coal Association : CCS regains momentum, but more ambition is needed #WorldCoalAssociation #economy… https://t.co/H1mhT5NaSu",2,twitter
"Yemen Oil and Gas Market, Size, Share, Outlook and Growth Opportunities, 2016-2019 & 2020-2026 -… https://t.co/sj5UE2gMCh",2,twitter
"ZYEN Chairman, David Greenberg, discusses OPEC's Power in the Oil Market; the Potential of Renewable Energy Project… https://t.co/4pJUTfUFF6",2,twitter
#Oil #markets react in a hefty way to short-term news. The #coronavirus panic has made many already inexpensive… https://t.co/YSqUQAY02J,2,twitter
$ARTL - Artelo Biosciences EPS misses by $0.13 https://t.co/tfIv9fui86,0,twitter
$BLPH - Bellerophon Therapeutics EPS misses by $0.33 https://t.co/foAfyMnyra,0,twitter
$CE - Celanese Q4 profits almost halved https://t.co/YtgFEn6qWT,0,twitter
"$CMP - Compass Minerals EPS misses by $0.12, misses on revenue https://t.co/dU4csQyvQt",0,twitter
"$DRI: Darden Restaurants provides COVID-19 update, reports quarter-to-date Q4 comps of -39.1% https://t.co/swpeTULQ6d",0,twitter
"$GBX: Greenbrier beats by $0.20, misses on revs; suspending FY20 guidance https://t.co/KhXutNgMZW",0,twitter
"$GME - GameStop EPS misses by $0.66, misses on revenue https://t.co/snwkt6x8gP",0,twitter
"$GNSS - LRAD EPS misses by $0.01, misses on revenue https://t.co/BaBKP6RhdA",0,twitter
"$GPP - Green Plains Partners EPS misses by $0.01, misses on revenue https://t.co/MTt2czUWkk",0,twitter
$GTX: Garrett Motion withdraws FY 20 guidance https://t.co/FcJ3is9qU4,0,twitter
"$ITRN - Ituran Location EPS misses by $0.08, misses on revenue https://t.co/4ed282tRz5",0,twitter
"$IVC: Invacare misses by $0.15, misses on revs https://t.co/28AK0IzMFs",0,twitter
$JE - Just Energy reports lower than expected Q3 Base EBITDA and free cash flow; revises 2020 guidance https://t.co/JT06Kd3sDQ,0,twitter
$MATW - Matthews International Corp: Weak Growth And High Debt To Weigh On Sentiment. https://t.co/Cks6a2qvFE #markets #finance #trading,0,twitter
"$NAT - Nordic American Tankers EPS misses by $0.04, misses on revenue https://t.co/zgy3g3ADLV",0,twitter
$NSSC - NAPCO reports preliminary Q3 revenue slightly below estimates https://t.co/WI5LhsZPN8,0,twitter
$NSSC: Napco Security Systems sees Q3 revs below consensus https://t.co/UllrqyQtlU,0,twitter
$NXPI - NXP's preliminary Q1 revenue misses estimates https://t.co/4fBC6WHkkY,0,twitter
"$PCYG - Park City Group EPS misses by $0.01, misses on revenue https://t.co/TEeqc9vO62",0,twitter
$PHAT - Phathom Pharmaceuticals EPS of -$9.30 https://t.co/evgyMKDbZn,0,twitter
$PYX - Pyxus International misses on revenue https://t.co/Yno1XP8GHE,0,twitter
$RCII: Rent-A-Center provides update - March revenues were off by about 5% versus last year https://t.co/Yh2mZAMlK6,0,twitter
"$SEAC - SeaChange EPS misses by $0.05, misses on revenue https://t.co/J4uKTQ7uUy",0,twitter
"$SSL - Sasol warns of 20% profit drop, secures new debt agreements https://t.co/Qw6VMHkhCo",0,twitter
$WTER - Alkaline Water misses on revenue https://t.co/FKdcGbqdNN,0,twitter
21Vianet Group misses on revenue,0,twitter
"AGCO EPS misses by $0.61, misses on revenue",0,twitter
"Aker Solutions swings to surprise Q4 net loss, expects drop in 2020 revenue",0,twitter
ArcelorMittal misses on revenue,0,twitter
"Ashland EPS misses by $0.19, misses on revenue",0,twitter
Avantor misses on revenue,0,twitter
"BCE EPS misses by $0.01, misses on revenue",0,twitter
"Beyond Air EPS misses by $0.09, misses on revenue",0,twitter
"BioHiTech Global EPS misses by $0.11, misses on revenue",0,twitter
BJ's Wholesale cuts same-store sales outlook to up 1.3%-1.5% from up 1.5%-2.5%,0,twitter
BJ's Wholesale narrows 2019 EPS outlook to $1.42-$1.50 from $1.44-$1.48,0,twitter
Brixmor 2020 FFO guidance comes in on the light side,0,twitter
"Canada Goose sees hit to 2020 profit, sales from coronavirus",0,twitter
"Caterpillar reported lower sales across all three primary segments in the last quarter, adding to the industrial gl... https://t.co/XYlODrAvSu",0,twitter
Cboe's Q4 results slide on lower market volatility,0,twitter
"Civista Bancshares EPS misses by $0.01, misses on revenue",0,twitter
"CNH Industrial EPS misses by $0.01, misses on revenue",0,twitter
Costco quarterly revenue misses estimates on weak e-commerce growth,0,twitter
Dassault Systemes Profit Outlook Lags After Virus Warning,0,twitter
DLH Holdings reports weak margins for Q4,0,twitter
"Earnings Miss: Neurocrine Biosciences, Inc. Missed EPS By 52% And Analysts Are Revising Their Forecasts",0,twitter
"Earnings Miss: Village Farms International, Inc. Missed EPS And Analysts Are Revising Their Forecasts",0,twitter
Equinor misses on revenue,0,twitter
Equinor swings to surprise loss; impairments total $1.4B,0,twitter
"Estee Lauder Cuts Profit Outlook Again, Citing Coronavirus",0,twitter
Estee Lauder Q2 EPS $1.52 vs. $1.55 a year go,0,twitter
Exponent reports weak margins for Q4,0,twitter
FLEX LNG misses on revenue,0,twitter
"ForeScout Technologies EPS misses by $0.03, misses on revenue",0,twitter
"Frequency Therapeutics EPS misses by $0.05, misses on revenue",0,twitter
"GameStop $GME reports earnings: 
Net sales: $1.38 billion; decrease of 25.7% 
Diluted loss per share of $1.02",0,twitter
GameStop plunges more than 17% after missing on EPS and revenue expectations and reporting comp sales down 23.2% vs… https://t.co/SpeK3NOuTF,0,twitter
"Gorman-Rupp EPS misses by $0.06, misses on revenue",0,twitter
Grubhub’s Growth Decelerates for the Fifth Straight Quarter,0,twitter
Hanesbrands Q4 sales down 1% to $1.75 bln; FactSet consensus $1.75 bln,0,twitter
Henkel : Withdraws 2020 View; 1Q Sales Were Hit by Virus  #Stock #MarketScreener https://t.co/aJ32Gf9E1R https://t.co/drsVsuphd1,0,twitter
Home Depot 3Q sales miss expectations,0,twitter
Home Depot cuts sales goal as online push not delivering as expected,0,twitter
Home Depot’s Lower Sales Growth Forecast Highlights The Lack Of Growth In U.S. Corporate Earnings,0,twitter
ICE profit drops 27% on weak growth in transaction and clearing unit,0,twitter
"iMedia Brands EPS misses by $0.03, misses on revenue",0,twitter
"Kellogg Q4 North America sales fell 7%, Europe sales up 3% and Latin America sales down 2%",0,twitter
Kellogg Q4 reported sales $3.22 vs. $3.32 bln a year ago,0,twitter
Kohl’s Plunges Most in Almost Three Years on Profit Forecast,0,twitter
Kohl's now sees full-year adj. EPS $4.75 to $4.95 vs. prior $5.15 to $5.45,0,twitter
Kohl's Q3 adj. EPS 74 cents; FactSet consensus 86 cents,0,twitter
"Liquidity Services EPS misses by $0.03, misses on revenue",0,twitter
"Lovesac EPS misses by $0.04, misses on revenue",0,twitter
"LRAD EPS misses by $0.01, misses on revenue",0,twitter
Macy's lowers fiscal 2019 sales and earnings guidance,0,twitter
"Macy's lowers full-year sales guidance, now sees same-store sales down 1.5% to down 1%",0,twitter
Macy's now sees full-year sales down 2.5% to down 2.0% vs. prior about flat,0,twitter
Macy's Q3 EPS 1 cent vs. 20 cents,0,twitter
Macy's Q3 sales $5.173 bln vs. $5.404 bln; FactSet consensus $5.321 bln,0,twitter
Madison Square Garden Q2 revenue $628.8 mln vs. $632.2 mln,0,twitter
"MAXIMUS EPS misses by $0.01, misses on revenue",0,twitter
"Monte Paschi Misses Full-Year Income Target, May Cut Costs More",0,twitter
Nissan's China sales fell 12% in January as coronavirus epidemic weighs,0,twitter
Nokia's surprise profit rise fails to salvage 2019 dividend,0,twitter
Norsk Hydro reports lower Q4 earnings on weak aluminum prices,0,twitter
"Oaktree Specialty Lending NII misses by $0.02, misses on total investment income",0,twitter
"Oaktree Strategic Income NII misses by $0.02, misses on total investment income",0,twitter
"Orion Energy Systems EPS misses by $0.03, misses on revenue",0,twitter
"PagSeguro EPS misses by R$0.02, misses on revenue",0,twitter
"Park City Group EPS misses by $0.01, misses on revenue",0,twitter
"Paschi Misses Full-Year Income Target, May Cut Costs More",0,twitter
"Perceptron EPS misses by $0.02, misses on revenue",0,twitter
Phathom Pharmaceuticals EPS of -$9.30,0,twitter
"Philip Morris Q4 $1.04, down 15.4%",0,twitter
Pyxus International misses on revenue,0,twitter
"Q3 Results: India Inc.’s Revenue Contracts In The Worst Show In 16 Quarters, Says ICRA",0,twitter
"Royal Caribbean cuts earnings guidance, warns more cruises may be canceled amid coronavirus uncertainty",0,twitter
RYB Education EPS misses by $0.01,0,twitter
"Sally Beauty EPS misses by $0.09, misses on revenue",0,twitter
"Sun Pharma Q3 Results: Profit Falls 27% On Higher Costs, Lower Other Income",0,twitter
"Suzuki considers China supply options, third-quarter profit falls 11%",0,twitter
Tata Steel Q3 Results: Surprise Loss As Weak Demand Conditions Persist,0,twitter
"The Brink's EPS misses by $0.05, misses on revenue",0,twitter
"Ubiquiti EPS misses by $0.06, misses on revenue",0,twitter
Vans parent VF Corp. says China stores still open have seen 'significant' declines in retail traffic,0,twitter
"Yum Brands misses same-store sales, profit estimates as Pizza Hut battles rivals",0,twitter
Yum Brands Q4 Pizza Hut same-store sales down 2%; FactSet consensus down 0.9%,0,twitter
"$AEMD - Aethlon Medical EPS beats by $0.75, beats on revenue https://t.co/010hL27i2z",1,twitter
"$AIN - Albany EPS beats by $0.24, beats on revenue https://t.co/e19wrZu3pi",1,twitter
$AIRB - Airbnb had $46M profit in 2018 https://t.co/l5EocIGKBn,1,twitter
$AMGDF - Aston Martin revs higher again https://t.co/UrO6ZVkNgb,1,twitter
"$AMKR - Amkor Technology EPS beats by $0.18, beats on revenue https://t.co/A5MDjQ8u4o",1,twitter
"$ASPU - Aspen EPS beats by $0.04, beats on revenue https://t.co/ofwVhc5WIa",1,twitter
"$BLKB - Blackbaud EPS beats by $0.01, beats on revenue https://t.co/E01iD1EOTN",1,twitter
$BPMX - BioPharmX EPS beats by $0.08 https://t.co/a24eRxnUtl,1,twitter
$BWAY - Brainsway beats on revenue https://t.co/Z7DTciSrnJ,1,twitter
"$DAC - Danaos EPS beats by $0.34, beats on revenue https://t.co/yFKaraCaET",1,twitter
"$ESEA - Euroseas EPS beats by $0.02, beats on revenue https://t.co/DLAdR96vZr",1,twitter
"$EXFO - EXFO EPS in-line, beats on revenue https://t.co/hb8Thd9Jt9",1,twitter
"$FLDM - Fluidigm EPS beats by $0.06, beats on revenue https://t.co/LucTN2sruO",1,twitter
$GBDC: Golub Capital beats by $0.01 https://t.co/TOtzF4cD2E,1,twitter
"$GPRE - Green Plains EPS beats by $0.15, beats on revenue https://t.co/CjP6xNSRUg",1,twitter
$HSC - Harsco Q1 adjusted EBITDA to be above expectations https://t.co/OWUUn34GRf,1,twitter
$HSC: Harsco sees Q1 adjusted EBITDA at high end of guidance range of $43-48 mln https://t.co/zPAYN0OUmX,1,twitter
"$ICMB - Investcorp Credit Management BDC NII beats by $0.01, beats on total investment income https://t.co/Jcktujzxj7",1,twitter
"$IIIV - i3 Verticals EPS beats by $0.01, beats on revenue https://t.co/cEjYbNXuv3",1,twitter
"$JEC: Jacobs beats by $0.17, beats on revs; initiates $250 mln accelerated share repurchase program, offers FY20... https://t.co/ZxgIFkvjsk",1,twitter
"$KMPR - Kemper EPS beats by $0.04, beats on revenue https://t.co/Y857wVjFvU",1,twitter
"$LEVI - Levi Strauss EPS beats by $0.05, beats on revenue https://t.co/UfIyY92vC5",1,twitter
"$LEVI: Levi Strauss beats by $0.05, beats on revs https://t.co/UVVXSs6w1S",1,twitter
$LLNW: Limelight Networks issues in-line 2020 guidance https://t.co/EkPmoLUAxU,1,twitter
"$LMNX - Luminex EPS beats by $0.08, beats on revenue https://t.co/hrQ2MpDLWX",1,twitter
"$LNN: Lindsay Corp beats by $0.04, reports revs in-line https://t.co/DRuphR9XZM",1,twitter
"$OLLI - Ollie's Bargain Outlet EPS beats by $0.03, beats on revenue https://t.co/hgb3KCVBXc",1,twitter
"$OMF - OneMain Holdings EPS beats by $0.21, beats on revenue https://t.co/wjkkgO3kFK",1,twitter
"$PLAY - Dave & Buster's EPS beats by $0.03, beats on revenue https://t.co/b9vKnTeu3n",1,twitter
$PRGO: Perrigo reports preliminary 1Q20 revenue above consensus estimate; does not modify full-year guidance https://t.co/2YcDQYw1D7,1,twitter
"$PSEC - Prospect Capital NII in-line, beats on total investment income https://t.co/IdAmd6b7Bt",1,twitter
"$RE - Everest Re Group EPS beats by $0.62, beats on revenue https://t.co/3aNCFnmoIl",1,twitter
"$RNG - RingCentral EPS beats by $0.01, beats on revenue https://t.co/ObtDrGnFq4",1,twitter
"$RPD - Rapid7 EPS beats by $0.04, beats on revenue https://t.co/zMx8d8HExw",1,twitter
$SGH - SMART Global guides in-line May quarter https://t.co/lNbjt4p4KI,1,twitter
"$SGH: SMART Global beats by $0.02, beats on revs; guides Q3 EPS in-line, revs in-line https://t.co/dvUyxPP0qW",1,twitter
"$SOL - ReneSola EPS beats by $0.01, beats on revenue https://t.co/8x62RlMKic",1,twitter
"$STE - Steris EPS beats by $0.03, beats on revenue https://t.co/eLU8b642Zv",1,twitter
"$TCO: Taubman Centers beats by $0.07, beats on revs -- co to be acquired by Simon Property (SPG) for $52.50/share i… https://t.co/JMpBxoahSh",1,twitter
"$TCO: Taubman Centers beats by $0.07, beats on revs -- co to be acquired by Simon Property (SPG) for $52.50/share i… https://t.co/najoVPPhEY",1,twitter
$TRNX Taronis Q4 Fuels Generates Sales $11M,1,twitter
"$TWLO: Twilio beats by $0.03, beats on revs; guides Q1 EPS below consensus, revs above consensus; guides FY20 EPS... https://t.co/l1Swqrbche",1,twitter
$VOYA - Voya Financial EPS beats by $0.04 https://t.co/hUgVWMg1pR,1,twitter
"$VRNS - Varonis EPS beats by $0.01, beats on revenue https://t.co/6V8ZD0QTzO",1,twitter
"$WTS - Watts Water Technologies EPS beats by $0.02, beats on revenue https://t.co/kuHw2KxiDC",1,twitter
$ZYXI - Zynex reports 126% order growth and raises Q1 and FY2020 revenue outlook https://t.co/8ttUvBXTam,1,twitter
"58.com EPS beats by $0.13, beats on revenue",1,twitter
"AbbVie EPS beats by $0.02, beats on revenue",1,twitter
AbbVie leans on new treatments to forecast upbeat 2020 profit,1,twitter
AbbVie Q4 EPS $1.88 vs. loss per share $1.23,1,twitter
"Aethlon Medical EPS beats by $0.75, beats on revenue",1,twitter
"Airbnb business outside U.S., China had $46 million profit in 2018 https://t.co/uYXBfYCfJ8 https://t.co/DxSQCWIClc",1,twitter
"Alcon EPS in-line, beats on revenue",1,twitter
Avantor Q4 non-GAAP EPS up 90%,1,twitter
Avid Tech +11.5% after upside EPS forecast,1,twitter
"Becton, Dickinson EPS beats by $0.01, beats on revenue",1,twitter
"Bilibili EPS beats by $0.01, beats on revenue",1,twitter
BJ's Wholesale Q3 EPS 40 cents vs. 39 cents a year ago,1,twitter
BJ's Wholesale Q3 same-store sales up 1.1%; FactSet consensus up 2.0%,1,twitter
BJ's Wholesale Q3 total revenue $3.32 bln vs. $3.22 bln a year ago; FactSet consensus $3.30 bln,1,twitter
"Brighthouse Financial EPS beats by $0.27, beats on revenue",1,twitter
"BrightSphere Investment EPS beats by $0.06, beats on revenue",1,twitter
"BrightView Holdings EPS beats by $0.08, beats on revenue",1,twitter
"Bristol-Myers Squibb EPS beats by $0.28, beats on revenue",1,twitter
Britannia Q3 Results: Profit Meets Estimates On Lower Tax Expense,1,twitter
Buckle posts strong comp for January,1,twitter
"Canada Goose Holdings EPS beats by C$0.01, beats on revenue",1,twitter
Cancom SE Just Recorded A 42% EPS Beat: Here's What Analysts Are Forecasting Next,1,twitter
Cannabis producer Curaleaf revenue tops analyst expectations,1,twitter
"Cboe Global Markets EPS beats by $0.08, beats on revenue",1,twitter
"CDW EPS beats by $0.09, beats on revenue",1,twitter
"Chegg EPS beats by $0.06, beats on revenue",1,twitter
"China Distance Education EPS beats by $0.22, beats on revenue",1,twitter
"CIGNA EPS beats by $0.11, beats on revenue",1,twitter
Coach Owner Tapestry Sales Top Estimates; Virus Impacts Forecast,1,twitter
CORRECT: Tapestry Q2 Coach sales up 2% to $1.27 bln; FactSet consensus $1.26 bln,1,twitter
CORRECT: Tapestry Q2 Kate Spade sales $430 mln vs. $428 mln; FactSet consensus $420.4 mln,1,twitter
CORRECT: Tapestry Q2 sales $1.82 bln vs. $1.80 bln a year ago; FactSet consensus $1.81 bln,1,twitter
Curaleaf Q3 top line up 27%; non-GAAP EBITDA up 169%,1,twitter
"Danaos EPS beats by $0.34, beats on revenue",1,twitter
"Dave & Buster's $PLAY reports earnings: 
Total revenues increased 6.1% to $299.4 million from $282.1 million
Net EP… https://t.co/cx64XEzhCw",1,twitter
"Defying Soft Automotive Market, Outsell Closes 2019 With 16 Percent Direct Revenue Increase https://t.co/ruN4jJnIXG",1,twitter
Delta Air sees 2020 revenue up 4% to 6%,1,twitter
Deluxe delivered record FY2019 revenue,1,twitter
Disney Q1 Revenue Up 36%,1,twitter
Drugmaker Sanofi expects further profit growth from narrowed focus,1,twitter
"Dunkin' Brands Group EPS beats by $0.03,  revenue in-line",1,twitter
Dynex Capital beats on revenue,1,twitter
"Estee Lauder EPS beats by $0.21, beats on revenue",1,twitter
Estee Lauder Q2 sales $4.62 bln vs. $4.01 bln; FactSet consensus $4.35 bln,1,twitter
"Fiat Chrysler EPS beats by €0.02, beats on revenue",1,twitter
Fiat Chrysler's profit rises ahead of Peugeot merger,1,twitter
"Fluidigm EPS beats by $0.06, beats on revenue",1,twitter
Foresight Autonomous EPS beats by $0.11,1,twitter
General Motors' Q4 Profit Beat Estimates Despite Huge Strike Costs,1,twitter
Genpact beat estimates in Q4,1,twitter
Global Logistics Company Agility Reports Over $1.32 Billion Third Quarter Revenues,1,twitter
Hanesbrands EPS and revenue in-line,1,twitter
"Hanesbrands matches profit and sales expectations, sets new 40 million share buyback program",1,twitter
Hanesbrands Q4 EPS 51 cents vs. 41 cents a year ago; FactSet consensus 51 cents,1,twitter
Harvest Health & Recreation beats on revenue,1,twitter
"Honda raises profit forecast, sticks to Wuhan plant closure schedule",1,twitter
"Honda raises profit forecast, sticks to Wuhan plant schedule",1,twitter
"i3 Verticals EPS beats by $0.01, beats on revenue",1,twitter
"Intercontinental Exchange Q4 results in-line, data revenue +4%",1,twitter
IntercontinentalExchange EPS and revenue in-line,1,twitter
"Investcorp Credit Management BDC NII beats by $0.01, beats on total investment income",1,twitter
Investors are betting China's central bank will follow others in unleashing large-scale monetary stimulus https://t.co/kNfwSTB88U,1,twitter
"JinkoSolar Holding EPS beats by $0.056, beats on revenue",1,twitter
"JinkoSolar shines with Q3 beat, strong shipments guidance",1,twitter
"Kellogg Q4 Asia Pacific, Middle East and Africa sales up 8%",1,twitter
Kellogg Q4 EPS 42 cents vs. per-share loss 24 cents a year ago,1,twitter
Kellogg Q4 organic sales $3.22 bln vs. $3.14 bln a year ago; FactSet consensus $3.18 bln,1,twitter
"Kemet EPS beats by $0.10, beats on revenue",1,twitter
"Kemper EPS beats by $0.04, beats on revenue",1,twitter
Kemper Reports Strong Fourth Quarter and Full Year 2019 Operating Results,1,twitter
Kohl's Q3 same-store sales up 0.4%; FactSet consensus up 0.9%,1,twitter
LAIX beats on revenue,1,twitter
"Macerich FFO in-line, beats on revenue",1,twitter
Macy's Q3 adj. EPS 7 cents; FactSet consensus breakeven,1,twitter
Madison Square Garden blows past Q4 earnings estimates,1,twitter
"Malibu Boats EPS beats by $0.25, beats on revenue",1,twitter
"MAXIMUS EPS in-line, beats on revenue",1,twitter
Medtronic beats profit estimates and raises its 2020 forecast again,1,twitter
"Medtronic EPS beats by $0.03, beats on revenue",1,twitter
"Mimecast EPS beats by $0.02, beats on revenue",1,twitter
"Neste tops Q4 profit, dividend forecasts",1,twitter
"New Residential Investment EPS beats by $0.09, beats on revenue",1,twitter
New York Times Q4 EPS 41 cents vs. 33 cents,1,twitter
New York Times Q4 revenue $508.4 mln vs. $502.7 mln; FactSet consensus $502 mln,1,twitter
New York Times sees Q1 subscription revenue up in mid-single digits,1,twitter
Nokia posts surprise quarterly profit rise on cost cuts,1,twitter
Norwegian Air's January passenger income jumps,1,twitter
NTPC Q3 Results: Profit Meets Estimates As Other Income Rises,1,twitter
NVIDIA Corporation Just Beat EPS By 16%: Here's What Analysts Think Will Happen Next,1,twitter
Organigram Posts Positive Adjusted EBITDA For 2019,1,twitter
"Philip Morris EPS beats by $0.01, beats on revenue",1,twitter
Philip Morris Forecasts Higher Profit as IQOS Sales Rise,1,twitter
Philip Morris Q4 sales $7.713 bln vs. $7.499 bln; FactSet consensus $7.661 bln,1,twitter
Plus500 revenue soars nearly 500% as volatility fuels boom in bets https://t.co/MJgXeryFYK,1,twitter
Plus500 revenue soars nearly 500% as volatility fuels boom in bets https://t.co/z0wVldkXvY,1,twitter
Popeyes Sandwich Demand Fuels Profit Beat at Burger King Owner,1,twitter
"Prestige Brands Holdings EPS beats by $0.06, beats on revenue",1,twitter
PriceSmart reports 0.3% gain in comparable sales,1,twitter
Proto Labs EPS and revenue in-line,1,twitter
Q4 sales of Alnylam's Onpattro up 361%,1,twitter
"Rapid7 EPS beats by $0.04, beats on revenue",1,twitter
"Restaurant brands beats, Popeyes sales surge",1,twitter
"Results: Jack Henry & Associates, Inc. Exceeded Expectations And The Consensus Has Updated Its Estimates",1,twitter
RingCentral (RNG) Q4 Earnings and Revenues Beat Estimates,1,twitter
"Samsung, the world's largest smartphone maker, predicts it eked out a rise in profit last quarter, as the coronavir… https://t.co/4vnVA3Nd8G",1,twitter
Sanofi Sees Profit Rising in 2020,1,twitter
"Seattle Genetics Smashes Wall Street Estimates in Q4, but Its 2020 Guidance Disappoints",1,twitter
"Steris EPS beats by $0.03, beats on revenue",1,twitter
"Tapestry EPS beats by $0.11, beats on revenue",1,twitter
Tapestry Q2 EPS $1.08 vs. 88 cents a year ago,1,twitter
"Target EPS beats by $0.17, beats on revenue",1,twitter
Target Q3 revenue $18.67 bln vs. $17.82 bln a year ago; FactSet consensus $18.45 bln,1,twitter
"TJX EPS beats by $0.02, beats on revenue",1,twitter
TJX Q3 EPS 68 cents vs. 61 cents a year ago,1,twitter
TJX Q3 HomeGoods same-store sales up 1%; FactSet consensus up 1.7%,1,twitter
TJX Q3 Marmaxx same-store sales up 4%; FactSet consensus up 2.3%,1,twitter
TJX Q3 sales $10.45 bln vs. $9.83 bln a year ago; FactSet consensus $10.32 bln,1,twitter
TJX Q3 same-store sales up 4%; FactSet consensus up 2.3%,1,twitter
TJX Q3 TJX International same-store sales up 6%; FactSet consensus up 4.1%,1,twitter
TJX sees Q4 same-store sales up 2%-up 3%; FactSet consensus up 2.7%,1,twitter
"Total beats quarterly forecasts despite low oil price, lifts payout",1,twitter
"Total beats quarterly forecasts despite low oil price, raises payout",1,twitter
"Total beats quarterly forecasts, lifts dividends despite low oil price",1,twitter
Total Profit Beats Estimates on Rising Oil and Gas Output,1,twitter
Total tops Q4 earnings outlook as production climbs 8%,1,twitter
"Toyota lifts annual profit forecast, looking at alternate sources for China-made parts",1,twitter
"Toyota lifts profit outlook, mulls alternatives to China-made parts amid virus outbreak",1,twitter
"Triumph EPS beats by $0.03, beats on revenue",1,twitter
"Twitter Beats Revenue, User Growth Estimates in Fourth Quarter",1,twitter
"Twitter Beats Revenue, User Growth Estimates; Shares Rally",1,twitter
Twitter quarterly revenue tops $1B for first time,1,twitter
Twitter reports first quarter of $1 billion in revenue,1,twitter
"Twitter tops expectations with first $1 billion quarterly revenue, but outlook lags",1,twitter
Tyson Foods Q1 adj. EPS $1.66 vs. $1.58 a year ago; FactSet consensus $1.63,1,twitter
Tyson Foods Q1 EPS $1.52 vs. $1.50 a year ago,1,twitter
Tyson Foods Q1 international/other sales rose 220% to $498 mln,1,twitter
Tyson Foods Q1 pork sales rose 7.3% to $1.38 bln,1,twitter
Tyson Foods Q1 sales $10.82 bln vs. $10.19 bln a year ago; FactSet consensus $11.06 bln,1,twitter
"U.S. Xpress EPS beats by $0.04, beats on revenue",1,twitter
"Umicore reports 2019 profit beat on converters, recycling",1,twitter
UniCredit Profit Gains Momentum as Capital Buffers Improve,1,twitter
"Upland Software Acquires Localytics, Raises Guidance",1,twitter
Valens GroWorks Guides To Near-Doubling Of Quarterly Revenue,1,twitter
"Voya Q4 beats, sees 10% normalized EPS growth in 2020, 2021",1,twitter
"Willis Towers Watson EPS beats by $0.04, beats on revenue",1,twitter
Yum Brands Q4 adj. EPS $1.00 vs. 40 cents a year ago; FactSet consensus 99 cents,1,twitter
Yum Brands Q4 EPS $1.58 vs. $1.04 a year ago,1,twitter
Yum Brands Q4 KFC same-store sales up 3%; FactSet consensus up 2.7%,1,twitter
Yum Brands Q4 revenue $1.69 bln vs. $1.56 bln; FactSet consensus $1.81 bln,1,twitter
Yum Brands Q4 same-store sales up 2%; FactSet consensus up 2%,1,twitter
Yum Brands Q4 Taco Bell same-store sales up 4%; FactSet consensus up 3.2%,1,twitter
"$AGX - Argan EPS misses by $0.38, beats on revenue https://t.co/vFxQvksDLl",2,twitter
"$CMBM - Cambium Networks EPS beats by $0.04, misses on revenue https://t.co/nRn47j6SGp",2,twitter
"$DVA - DaVita HealthCare Partners EPS beats by $0.26, misses on revenue https://t.co/TipgMhhGpE",2,twitter
"$ELVT - Elevate Credit EPS beats by $0.03, misses on revenue https://t.co/rxgMNakdsj",2,twitter
"$ELY - Callaway Golf EPS misses by $0.03, beats on revenue https://t.co/WWcCPLqZK5",2,twitter
"$FRT - Federal Realty Q4 FFO misses, comparable POI rises 2.4% https://t.co/cwcHnUHnyV",2,twitter
"$MELI - MercadoLibre EPS misses by $0.34, beats on revenue https://t.co/lEwt1lssRh",2,twitter
$MPAA: Motorcar Parts of America reports Q3 EPS of $0.28 vs $0.43 S&P Capital IQ Consensus; revs +1.2% yr/yr to... https://t.co/rlBmMJmWRj,2,twitter
$NYMT - New York Mortgage estimates year-end BV at $5.77-$5.79 per share https://t.co/bkTlfIQHNL,2,twitter
"$RPD - Rapid7 reports beats, mixed outlook https://t.co/CPUdRUc8Yo",2,twitter
"$RYN: Rayonier beats by $0.02, misses on revs https://t.co/4fblsZ6Qce",2,twitter
$SON - Sonoco issues FY2020 financial guidance https://t.co/lFTtU2ZuUI,2,twitter
"$XPO - XPO Logistics EPS beats by $0.11, misses on revenue https://t.co/XW7WhvXpJ7",2,twitter
AbbVie Q1 FactSet EPS consensus $2.12; 2020 consensus $9.45,2,twitter
Abiomed Announces Q3 FY 2020 Revenue of $222 Million and 31.7% Operating Margin,2,twitter
"Abiomed EPS beats by $0.03, misses on revenue",2,twitter
"Aramark EPS misses by $0.01, beats on revenue",2,twitter
"Armada Hoffler Properties FFO beats by $0.01, misses on revenue",2,twitter
"Ball EPS beats by $0.04, misses on revenue",2,twitter
"BJ’s Wholesale Club EPS beats by $0.01, misses on revenue",2,twitter
"BJ's Wholesale beat profit expectations, but misses on sales and lowers guidance",2,twitter
Bristol-Myers Squibb 2020 FactSet EPS consensus $6.12; revenue $42.2 bln,2,twitter
Bristol-Myers Squibb now sees 2020 revenue $40.5 bln to $42.5 bln,2,twitter
"Bristol-Myers Squibb reports 33% jump in Q4 revenue, Opdivo sales fall 2%",2,twitter
"Cameco EPS beats by $0.13, misses on revenue",2,twitter
"Ciena EPS misses by $0.05, beats on revenue",2,twitter
Coach parent Tapestry reports earnings beat but coronavirus outbreak weighs on guidance,2,twitter
CORRECT: Tapestry Q2 adj. EPS $1.10; FactSet consensus 99 cents,2,twitter
"Eagle Point NII in-line, misses on total investment income",2,twitter
"Eicher Motors Q3 Results: Profit Falls, Realisation Improves",2,twitter
Endologix sees Q4 revenue of ~$35.8M,2,twitter
"Evoqua Water EPS misses by $0.12, beats on revenue",2,twitter
Fire & Flower Reports Q3 Net Income Of $10.2M,2,twitter
"First Savings Financial EPS misses by $0.02, beats on revenue",2,twitter
"Hain Celestial EPS beats by $0.01, misses on revenue",2,twitter
"Hecla Mining EPS misses by $0.03, beats on revenue",2,twitter
Hero MotoCorp Q3 Results: Profit Beats Estimates Despite Lower Sales,2,twitter
"Home Depot EPS in-line, misses on revenue",2,twitter
"Honda Motor EPS misses by ¥10.43, beats on revenue",2,twitter
Honeywell reaffirms guidance,2,twitter
"Kohl's EPS misses by $0.12, beats on revenue",2,twitter
"LiveXLive Media EPS beats by $0.01, misses on revenue",2,twitter
Macy's now sees full-year adj. EPS $2.57 to $2.77 vs. prior $2.85 to $3.05,2,twitter
"Madison Square Garden EPS beats by $1.47, misses on revenue",2,twitter
Madison Square Garden Q2 FactSet EPS consensus $2.63; revenue $583 mln,2,twitter
Magic Software Enterprises Ltd. Just Missed EPS By 9.1%: Here's What Analysts Think Will Happen Next,2,twitter
"Medical Properties FFO in-line, misses on revenue",2,twitter
"Meridian Bioscience EPS beats by $0.04, misses on revenue",2,twitter
"Mobile TeleSystems EPS misses by RUB7.49, beats on revenue",2,twitter
NeuroMetrix announces one-for-ten reverse split,2,twitter
"New Jersey Resources EPS in-line, misses on revenue",2,twitter
New York Mortgage estimates year-end BV at $5.77-$5.79 per share,2,twitter
New York Times Q4 adj. EPS 43 cents; FactSet consensus 29 cents,2,twitter
"Nvidia $NVDA said it sees fourth-quarter revenue in the region of $2.95 billion, with a margin for error of 2% https://t.co/kK5Cme1Lm6",2,twitter
"Patterson-UTI Energy EPS misses by $0.02, beats on revenue",2,twitter
"Penn National Gaming Reports Fourth Quarter Revenues of $1.34 Billion, Net Loss of $92.9 Million, Adjusted EBITDA of $304.0 Million, and Adjusted EBITDAR of $399.4 Million",2,twitter
Philip Morris now sees full-year add. EPS $5.50; FactSet consensus $5.60,2,twitter
Philip Morris Q4 adj. EPS $1.22; FactSet consensus $1.21,2,twitter
"Qudian EPS misses by $0.04, beats on revenue",2,twitter
"Rada Electronics EPS in-line, misses on revenue",2,twitter
"RedHill EPS beats by $0.21, misses on revenue",2,twitter
"Sanofi EPS beats by €0.06, misses on revenue",2,twitter
"ShiftPixy EPS misses by $0.15, beats on revenue",2,twitter
"Snap On EPS in-line, misses on revenue",2,twitter
SoftBank's Oyo reveals over $330 million annual loss; revenue surges: valuation report,2,twitter
"Total S.A. EPS beats by $0.16, misses on revenue",2,twitter
"TransDigm Group EPS beats by $0.34, misses on revenue",2,twitter
Trulieve Reports Record Q3 Revenue,2,twitter
"Twitter EPS misses by $0.02, beats on revenue",2,twitter
"Tyson Foods Q1 beef sales fell 8% to $3.84 bln, chicken sales rose 4.5% to $3.29 bln",2,twitter
Vans parent VF Corp. says Asia Pacific region accounted for 12% of total revenue in FY19,2,twitter
Vans parent VF Corp. says mainland China accounted for 6% of total revenue in FY19,2,twitter
Veidekke ASA Just Missed EPS By 9.3%: Here's What Analysts Think Will Happen Next,2,twitter
"World Wrestling Entertainment EPS beats by $0.07, misses on revenue",2,twitter
WWE® Reports 2019 Results and 2020 Business Outlook,2,twitter
"Yum Brands Q4 27% of KFC sales, 17% of Pizza Hut sales from China",2,twitter
"ZTO Express EPS beats by $0.02, misses on revenue",2,twitter
Australia’s dollar is set for a turbulent 2020 https://t.co/qt0Kntnfbs,0,twitter
British pound slumps against dollar intraday Monday as U.K. Prime Minister Boris Johnson moved to ICU with coronavi… https://t.co/ZxkNNE7JQi,0,twitter
Canadian dollar slips to 4-month low as virus worries offset housing gains #economy #MarketScreener… https://t.co/4feqIgMwiB,0,twitter
Dollar Hits 1-Week Low as Trade Developments Awaited,0,twitter
EUR/USD Bearish Impulse And Flag Aims at 1.0940 Target,0,twitter
EUR/USD Daily Forecast – Euro Falls Into a Range Near Trendline Support,0,twitter
EUR/USD Daily Forecast – Euro Near 4-Month Low Ahead of NFP Report,0,twitter
EUR/USD Daily Forecast – Euro Rally Halted at Major Resistance,0,twitter
EUR/USD Weekly Price Forecast – Euro Slams Into Major Resistance,0,twitter
EUR/USD: COVID-19 Could Tip Currency Below Parity. https://t.co/OUdgJh04rd #economy #trading #investing,0,twitter
Euro off 0.1% at $1.0965,0,twitter
"Euro Slumps to 4-Month Low Amid Weaker Data, Virus Fallout Fears",0,twitter
EURUSD remains below broken swing area - ForexLive,0,twitter
Franc’s Ascent Versus Struggling Euro Shows Few Signs of Fading,0,twitter
Funds Look to Take Down New Zealand Dollar After Runaway Gains,0,twitter
"FX strategists aren’t expecting a repeat of the loonie’s outperformance in 2020, casting doubt on its run as one of… https://t.co/peQZYOcMhB",0,twitter
GBP/JPY Price Forecast – British Pound Fails To Break Out,0,twitter
GBP/USD Price Forecast – British Pound Fails To Break Major Barrier,0,twitter
ICE Dollar Index off less than 0.1% at 97.774 after data,0,twitter
NZD/USD Falls to 3-Month Low Ahead of RBNZ Rate Decision -- Market Talk #currency #MarketScreener… https://t.co/TgxQvugcIx,0,twitter
Pound falls as Boris Johnson taken to intensive care for COVID-19 https://t.co/5JQIgSSH7P by @OscarWGrut https://t.co/7h0RrKnKHK,0,twitter
Pound Remains Lower as Poll Shows U.K. Debate Was Almost a Tie,0,twitter
Russian ruble falls as central bank cuts key rate by 25 basis points to 6%,0,twitter
The euro is approaching record-low levels vs. the Swiss franc,0,twitter
Turkish Lira Slides Past 6 Per Dollar to an Eight-Month Low,0,twitter
Turkish lira weakens past key 6-per-dollar level,0,twitter
U.S. dollar down 0.1% at 109.88 Japanese yen,0,twitter
U.S. Dollar Falls as Trade Deal Uncertainty Spreads,0,twitter
UPDATE 1-Brazil's real posts lowest ever close of 4.2061 per dollar,0,twitter
Hawkish FOMC sends dollar lower.,0,twitter
$SGBX holding overnight.....  its a matter of time here... Chart looks perfect.,1,twitter
A sterling surge after the UK election could be short-lived as Brexit gets even more complicated https://t.co/Ws30IATCNs,1,twitter
"AUD/USD and NZD/USD Fundamental Daily Forecast – Aussie, Kiwi Rebound Amid Increasing Demand for Higher Yields",1,twitter
"AUD/USD, NZD/USD, USD/CNY – Greenback Showing Slight Gains",1,twitter
AUD/USD: There Could Be Some Upside Once Markets Calm Down. https://t.co/WfSuPlqOxE #business #economy #markets,1,twitter
Brazilian real spikes after BCB signals rate cut pause,1,twitter
Dollar rises as U.S.-China relations worsen over Hong Kong and tariffs,1,twitter
"Emerging-market currencies offer the best buying opportunity in more than two decades, according to Renaissance Cap… https://t.co/azGQNy7Btm",1,twitter
EUR/USD Daily Forecast – Euro Bounces From Support Area,1,twitter
EUR/USD Price Forecast – Euro Grind Higher,1,twitter
Forex Reserves Soar $2.3 Billion To Touch All-Time High Of $453 Billion,1,twitter
GBP/USD Full Steam Ahead with 1.30 Resistance Nearby,1,twitter
GBP/USD Price Forecast – British Pound Rallies After Election Results,1,twitter
"GBP/USD, EUR/GBP, USD/CAD – Limited Gains for Euro, U.S. Dolllar",1,twitter
Sterling climbs as Tories extend polling lead https://t.co/5Glx96ilVP,1,twitter
Sterling hits a seven-month high as election nears #economy #MarketScreener https://t.co/QR8H6PW2sb https://t.co/RmN8C0OVBE,1,twitter
Sterling rallies as Tories unite behind Brexit plan,1,twitter
Strong Breakout To New Trend High For EUR/JPY Points To Further Upside,1,twitter
"The British pound hit two-and-a-half year highs, on growing confidence that next week's UK election will give the C… https://t.co/8K4H1cTm9i",1,twitter
The pound is ending a tumultuous month on a high note just hours before Britain exits the European Union https://t.co/BGFFLxPosH,1,twitter
"U.S. Dollar to Strengthen Further, Says Ark Capital's Abukarsh",1,twitter
U.S. dollar up 0.1% at 109.92 Japanese yen,1,twitter
XAU/USD Bullish ABC Pattern Aims at $1500 Resistance,1,twitter
AUD/USD Price Forecast – Australian Dollar Continues To Grind,2,twitter
"AUD/USD, NZD/USD, USD/CNY – Markets Quiet as Investors Look for Trade Talk Clues",2,twitter
"AUD/USD, NZD/USD, USD/CNY – Pacific Currencies Trading Sideways",2,twitter
"Brexit, the Pound and Its All Too Brief Visit to $1.35 Levels",2,twitter
Dollar little changed versus major rivals after economic data,2,twitter
"EUR/USD Mid-Session Technical Analysis for November 18, 2019",2,twitter
"EUR/USD, Tuesday forecast, November 19",2,twitter
Euro flat at $1.1003,2,twitter
"Euro up 0.1% at $1.1080; British pound at $1.2947, down 0.1% against dollar",2,twitter
HSBC Says British Pound May Soar. Or Crash,2,twitter
The Economic Calendar Puts the EUR and the Greenback in Focus,2,twitter
The pound is caught in a tug-of-war between a run of improving economic data and fears that Brexit will damage the… https://t.co/f8jQdiEI2R,2,twitter
"USD/JPY Forex Technical Analysis – Likely to Strengthen Over 108.866, Weaken Under 108.690",2,twitter
"""A Once In A Decade Divergence"" Warns This Global Macro Fund https://t.co/q2i7nMOsdB",0,twitter
"""Fade The Rip"": BofA Warns ""Bear Market Far From Over Unless We Escape A Recession""  https://t.co/Ia791Nmx1l",0,twitter
".@GitaGopinath: #COVID19 has pushed the world into recession. For 2020, the economic impact of COVID-19 will be wor… https://t.co/5zRk5aEX3G",0,twitter
"“Innovation in the United States is highly concentrated, and vast swaths of our population are not fully participating""",0,twitter
A Booming Corner of Private Credit Has Some Investors on Edge,0,twitter
A shift in the labor force may have left the U.S. economy much more vulnerable than it was during the 1918 pandemic https://t.co/ilscvh6kEb,0,twitter
"Airlines are facing their biggest ever peacetime crisis because of the coronavirus outbreak, and figures show that… https://t.co/7RwQ0lB0eE",0,twitter
Allstate CEO: Driving is way down due to coronavirus and 'we don't know' if trend will last https://t.co/7DK6AgJi9K,0,twitter
"Americans are increasingly worried about losing their jobs and expect to curb their growth in spending, according t… https://t.co/mcMHW1AzyL",0,twitter
Americans aren't having as much sex or as many children as they used to. That could be a  serious economic problem… https://t.co/Y4CCpfPGSi,0,twitter
Americans hurt by the pandemic are skipping home-loan payments. The trusts that own the mortgages are feeling the p… https://t.co/DkBAJStG4x,0,twitter
And now we sell https://t.co/YAsnS6oIfa,0,twitter
"As the coronavirus crisis persists, economic optimism among voters in critical 2020 swing states is deteriorating s… https://t.co/nlBu1etIew",0,twitter
Behind hedge fund Bridgewater’s massive bet on a stock-market decline https://t.co/kkrYY3BhcY,0,twitter
Billionaire Nelson Peltz's Trian Partners saw its portfolio of investments decline by more than 16% in March https://t.co/OpWUjehvwp,0,twitter
Blackstone CEO Steve Schwarzman says the virus could wipe $5 trillion from GDP https://t.co/5oLwzfkAES,0,twitter
Blackstone CEO Steve Schwarzman says the virus could wipe $5 trillion from GDP https://t.co/Kj4fVW2dRC,0,twitter
"Broader issues remain, from the trade war with China to weakness in manufacturing. And there are fewer people left… https://t.co/uSGvzRGSvn",0,twitter
"Cannabis stocks are starting to go up in smoke, stifled by thwarted legalization and dried-up financing https://t.co/L35GocQWdB",0,twitter
Carmakers brace for crisis as virus wreaks havoc in China https://t.co/bCHzyRdaAl,0,twitter
Cash Woes at India Shadow Lenders Risk More Bad Debt at Banks,0,twitter
Cash-out refis are making a comeback -- and that's bad news. https://t.co/5PscleonqC OPINION,0,twitter
China’s Banks Are Going to Suffer. But Not Equally,0,twitter
China's divorce rate spiked as couples emerged from quarantine - and it's a warning to the rest of the locked-down… https://t.co/GBLJvsYQ54,0,twitter
"Cooperstown, New York among the many tourism-dependent small towns bracing for a hard year https://t.co/J69DLkDrQl",0,twitter
Coronavirus crisis spells trouble for many Egyptian breadwinners #economy #MarketScreener https://t.co/GZigTCrM87 https://t.co/quyVSpE3FJ,0,twitter
Coronavirus muddies U.S. economic data as business closures push down response rates https://t.co/GiDjLCZqKr https://t.co/7cgvSzJeM0,0,twitter
Coronavirus Task Force Declares Public Health Emergency https://t.co/lSodhOAQrj,0,twitter
Disruptions caused by #COVID19 are starting to ripple through #emergingmarkets. March data show sharp slowdowns in… https://t.co/oufpbwIhJb,0,twitter
DIY stock indices pose challenge to investment heavyweights https://t.co/RfKJ0ClC14,0,twitter
Dizzying swings are torching Wall Street predictions https://t.co/BvV6iItVRt,0,twitter
Ealing’s downturn hits high-priced houses https://t.co/WLEnqLdOf1,0,twitter
Economic indicator dulls allure of haven assets https://t.co/EJ7qAQfXP2,0,twitter
"Energy has gone nowhere in the past decade, and it could get worse before it gets better https://t.co/PSDVJKnQ3B",0,twitter
"Era of ‘stratospheric profits’ for banks is over, Bradesco CE0 says https://t.co/aaPiYhQM8b",0,twitter
Even those who go down to the sea in ships are being affected by #COVID19 as demand drops and distribution channels… https://t.co/NrZf0j2TZq,0,twitter
Everything Is Broken: The Most Profitable Trade Since 1993 Is Now Upside Down  https://t.co/gcsFDy6iFd,0,twitter
Expect A Weaker Dollar In 2020. Read more and sign up for updates: https://t.co/mLTiueEXHn #economy #stockmarket #trading,0,twitter
Facing Catastrophe: Loss Of Working Hours To Equal 195m Full-Time Jobs According To UN Agency  https://t.co/JUs99JOK5t,0,twitter
Fewer international students are coming to the United States. That's cost the US economy $11.8 billion and more tha… https://t.co/bvewZMLka7,0,twitter
FirstFarms A/S (CPH:FFARMS) Delivered A Weaker ROE Than Its Industry,0,twitter
"Forget 'Ides Of March', Washington 'Storms Of December' Loom Over ""The Holidays"" https://t.co/KK7SgNSh1E",0,twitter
From @BreakingViews: Why Italy and France have bad economic headaches https://t.co/quLJ6Us2gR,0,twitter
Fun fact: there are about 35 million people still in credit-card debt from last year’s round of holiday shopping. H… https://t.co/jCGa4zu6Nl,0,twitter
Goldman Sachs Says Wealthiest to Back off Stocks,0,twitter
GoPro's share price has had a ride as turbulent as some of the heart-stopping stunt videos the camera is responsibl… https://t.co/gdiJt50HGK,0,twitter
Gundlach: Trouble Brewing In Debt Markets As The 'Real Turmoil' Is Only Beginning https://t.co/V0muhfT6dX,0,twitter
Here's a warning about negative interest rates and how they can do a lot more damage https://t.co/4arbZd3Mos https://t.co/jBLlpdmiYC,0,twitter
Highlight: “The number one challenge facing small and medium-sized enterprises there’s not enough labor — willing a… https://t.co/A2f4FiJyj3,0,twitter
Highlight: “There’s going to be a bloodbath in terms of synergy savings and retrenchment…” @InvescoUS's… https://t.co/YPgyDW3rMX,0,twitter
"Highlight: “We’ve see again and again that Tesla can’t live up to Elon Musk’s promises,"" @NewConstructs Investment… https://t.co/9BX4enQaL2",0,twitter
"Highlight: 'January has been very warm ” it has had a negative impact on a lot of stocks,â€ @Jefferies Analyst TJ Th... https://t.co/BEi2z75YWw",0,twitter
"Historically, a down January significantly increases the odds of a down year. These is the S&P's January and full y... https://t.co/KwYpetizem",0,twitter
Holiday Season In Jeopardy As Consumers Reign In Spending Amid Economic Downturn  https://t.co/FnddB5woQL,0,twitter
How did the vaping industry go from viral status to crisis control? https://t.co/CiqLPt4SbB,0,twitter
How South Korea’s low birth rate adds to the case for QE https://t.co/GxY567Tu01,0,twitter
In case you need another reason to delete your Facebook: https://t.co/YEEHiptvAV,0,twitter
Influential U.S. doctors group calls for ban on vaping products,0,twitter
Inside the PBOC’s struggle to balance China’s growth and debt https://t.co/gTlQQ5Ry0P,0,twitter
"Investors should prepare for a coronavirus-induced 'vicious spiral' more than twice as bad as the financial crisis,… https://t.co/DfPJxkxz36",0,twitter
"Investors should prepare for a coronavirus-induced 'vicious spiral' more than twice as bad as the financial crisis,… https://t.co/mPvWa8T7IK",0,twitter
Iranian Strike on U.S. Forces Roils Markets #index #MarketScreener https://t.co/fU5DTtl5Q5 https://t.co/JQHmnd54oH,0,twitter
Jamie Dimon expects fallout from the coronavirus pandemic to include a major economic downturn and stress similar t… https://t.co/OiLhueL7nv,0,twitter
JPMorgan Chase CEO Jamie Dimon said he sees a 'bad recession' in 2020. More here: https://t.co/YZkgXZzJUx https://t.co/6YDSlmQArh,0,twitter
"JPMorgan Chase chief Jamie Dimon said he expects the coronavirus crisis to include a ""bad recession"" and elements o… https://t.co/w8hyHTe0yW",0,twitter
"Just when it seemed like things couldn't get worse for Tesla after the botched unveiling of its Cybertruck, the int… https://t.co/VwpJZ2lDpg",0,twitter
Latin America's economy was already going backward when the coronavirus hit. Now it's at risk of losing a whole dec… https://t.co/MLK8U4vIV0,0,twitter
"Market bounce is an 'aftershock' with 'pretty horrific' earnings to come, Citi analyst says https://t.co/GyG0DStncb",0,twitter
Miners Are Facing Challenges Globally,0,twitter
"More stockmarket volatility, less buying the dip, and slower earnings per share growth ahead, Goldman Sachs says https://t.co/pbocwzzG48",0,twitter
"More than $56 billion of dividends have been scrapped by businesses based in Western Europe, the U.S. and Canada https://t.co/TIpZudouqr",0,twitter
"Once ambitious to expand into the US, some Chinese firms are now scaling back https://t.co/nV3BbhlTAg",0,twitter
Pandemic isn't a boon for meal delivery firms #economy #MarketScreener https://t.co/EEk33VYHXZ https://t.co/inkGg57Ek9,0,twitter
Piper on SaaS Lessons from 2008-2009 suggests SaaS billings growth might not bottom for six months after an economic shock,0,twitter
Protests Against India’s Citizenship Law Turn Violent in Delhi,0,twitter
Protests over pensions show reform is needed https://t.co/VPFciUVjqY,0,twitter
Qatar Insurance may have its ratings cut by one level at S&P Global Ratings https://t.co/Z9zuZQr7WM,0,twitter
Quant pioneer Winton suffers in coronavirus-driven sell-off https://t.co/NzVrVfgI40,0,twitter
"Ray Dalio says the global economy is heading for a ""great sag."" The billionaire investor says the world is dealing… https://t.co/SaSbdjPlIk",0,twitter
Rush to Green Sparks Concern of Bubble in ESG Assets,0,twitter
S&P may cut Qatar Insurance ratings over a $310 million loan https://t.co/WPluJ9zKYB https://t.co/S2xEY8RQRW,0,twitter
Some Bad News From JPM: This Is What Happens After We Pass The Virus Peak  https://t.co/4eoRhnc6fc,0,twitter
"Some jobless Americans will start seeing heftier unemployment checks as soon as this week, depending on where they… https://t.co/AHIHmzM836",0,twitter
"Study Finds Most Packaged Foods Contain Dangerously High Levels Of Salt, Fat",0,twitter
Sympathy strikes ground flights and bring havoc to commuters in Finland https://t.co/Ll2SzTY1Ql,0,twitter
"The airline industry is nearing the end of a miserable year, with profit missing forecasts by almost $10 billion https://t.co/4Ert5aucQP",0,twitter
"The China-driven growth in beef consumption may soon be over, @davidfickling shows (via @bopinion) https://t.co/HU4iT9k1bQ",0,twitter
The consensus of professional forecasters is that U.S. real GDP growth will dip below 2% in 2020… https://t.co/33GnLQotKz,0,twitter
"The coronavirus crisis will leave 3 long-term scars, even if the economy recovers in the fourth quarter, Pimco warns https://t.co/zMcT4xckIZ",0,twitter
"The coronavirus will create an ""unprecedented decline in economic activity"" in emerging markets, says Alessandro Re… https://t.co/cgkMbpz6mU",0,twitter
The economic costs of the coronavirus contagion have started to show up in the data for the Middle East… https://t.co/l6FxkV1vzh,0,twitter
"The equity rally that’s built on hopes for a growth rebound won’t last as the U.S. economy is heading for a “mild recession""… https://t.co/TLe3JRpxoS",0,twitter
The global travel slump could cost 25 million jobs worldwide according to air-travel trade association @IATA. More… https://t.co/1JLfHwA181,0,twitter
"The job loss reflected in Friday's report is a shock that is unprecedented, as is the uncertainty surrounding it-wh… https://t.co/cXIDgk5QcD",0,twitter
The largest hedge fund in the world has reportedly staked more than $1 billion that global equity markets will fall… https://t.co/mUWzntmzdg,0,twitter
The new governor of Buenos Aires province warned he doesn’t have enough money to meet debt obligations and pay sala… https://t.co/LhDGOfHAW3,0,twitter
"The next downturn will be a ""smorgasbord recession,"" Paul Krugman said. https://t.co/YKmxl5IlL8",0,twitter
"The rally is running out of steam, and for good reason https://t.co/7UTw0Uh3WV",0,twitter
The Retail Apocalypse Is Accelerating. https://t.co/3H13y274yj #business #trading #stocks,0,twitter
"The solar panel market could drop by 34% this year, analysts said, as residential installations plummet. Read more… https://t.co/aMleU6pUld",0,twitter
"The strike by about 3,200 Canadian conductors and railyard operators enters its 7th day https://t.co/evd7GQxQDr",0,twitter
The underlying trend remains to the downside  #Stock #MarketScreener https://t.co/SnBOfWESuP https://t.co/aw02S6u7Io,0,twitter
"The Unhappy “New Lows” Of 4 Brand Names: Sprint, Tupperware, Overstock And Dropbox",0,twitter
This economic trend could revive recession fears,0,twitter
"Trade Reigns Supreme: Despite Strong Target, Lowe’s Results, Market On Defensive",0,twitter
"Traders are worried after seeing Canada's ""terrible"" jobs numbers https://t.co/Xmu5o6jOYd",0,twitter
"U.S. consumers fear for jobs, debt payments because of coronavirus: New York Fed survey https://t.co/G4ks6dZU8O https://t.co/8d8gjmTbR2",0,twitter
What Happens When The Economic Momentum Ends? https://t.co/AkPhHv1CI0,0,twitter
"When ‘idjits’ mock Warren Buffett, the stock market could be in trouble https://t.co/0jLAWazWB2",0,twitter
"When Chinese Consumers Stay Home, the World’s Retailers Take Hit",0,twitter
Why pensions across the world are in crisis https://t.co/JJxAS7ufuD,0,twitter
Why the chances for a 'V'-shaped economic recovery are getting less likely by the day https://t.co/lHQWO98vjc,0,twitter
"With milk prices plunging to lows, dairy farmers are dumping the product to curb an oversupply during the… https://t.co/iUjDjzQiS9",0,twitter
"""The worst is behind us for this cyclical bear market that began two years ago, not last month,"" said a Morgan Stan… https://t.co/e8xnMsmKNI",1,twitter
"""Things are normalizing"": ETF market action is ""encouraging"" despite economic worries, investor says. (via… https://t.co/NBVbsSAg84",1,twitter
⚡️ Wind speeds are up globally. That's good news for renewable energy. https://t.co/loLhTI7Sgs,1,twitter
"A 16,700% return in 50 years makes Hong Kong's benchmark stock index the world's best https://t.co/n1z62yd415 https://t.co/83tvS3rUoh",1,twitter
A Little Less Trade Uncertainty as 2019 Winds Down: Economy Week,1,twitter
A signal that investors may be ready to take on more risk https://t.co/EWEtJCkBEd,1,twitter
AutoZone has benefited from a variety of factors such as a healthy U.S. consumer and more older vehicles on the road https://t.co/WJqhPK5iNb,1,twitter
Blockbusters like ‘Frozen 2’ will make Disney the first studio to earn $10 billion at the global box office in a si… https://t.co/4e8v3Uo3E4,1,twitter
Buy-the-Dip Becomes Buy Into Strength As Reports Of Virus Treatment Provide New Boost,1,twitter
Canada’s ‘Big Six’ banks are staging a comeback https://t.co/tU3FgRapuZ,1,twitter
"Coronavirus update: New York possibly near apex, markets open the week higher https://t.co/LgEwCjyMPN by @AnjKhem https://t.co/2J8sYD1iPh",1,twitter
"Demand for U.K. Office Space as Strong as Ever, Says JLL U.K. CEO",1,twitter
Economic volatility is at a record low: Morning Brief,1,twitter
"Fifteen days ago, the S&P 500 was mired in a bear market. On Tuesday, at least technically, it rocketed into a new… https://t.co/w6y2NEhF6F",1,twitter
"Financial markets latched on to figures suggesting that New York's coronavirus cases may have plateaued. As it is,… https://t.co/dUi7TdhmVj",1,twitter
"For decades, the U.S. was the unquestioned leader in space travel. Now, the private space industry is taking off ar… https://t.co/nbbzHy3t7m",1,twitter
"From record Cyber Monday sales to a blowout jobs report, these are this week's top stories: https://t.co/wgTzrA4pJC https://t.co/IfD2sLowPk",1,twitter
Get Excited About U.S. Economy And Stocks – Senate To Regain Tariff Powers,1,twitter
Good News for Everyone - Private Equity is Set to Grow at the Stock Market's Expense,1,twitter
Growing investor interest in space,1,twitter
Here's why Americans will probably spend more than $2 billion on Christmas trees this year: https://t.co/DwUEBRsEtY https://t.co/eiy3rF5Cev,1,twitter
"Highlight: ""We have high confidence that we've seen what we call the internal low for the market,"" @suntrust Chief… https://t.co/DegDCWsxib",1,twitter
"Highlight: ""We have high confidence that we've seen what we call the internal low for the market,"" @suntrust Chief… https://t.co/md3WSyAKHT",1,twitter
"Highlight: ""We've seen video conferencing... [spike] from a couple of hundred thousand monthly active users to over… https://t.co/dqIyqVPqZu",1,twitter
"Highlight: “About 21 million investors in the U.S. would have an interest in investing in bitcoin,”… https://t.co/wJRda3ylEH",1,twitter
"Highlight: “There's very little not to like about this report,"" @WellsFargo Acting Chief Economist Jay Bryson says… https://t.co/rGDhL2lHpi",1,twitter
"Highlight: “They had record-breaking advance sales,"" Box Office Guru Founder @GiteshPandya says about Frozen 2. ""Th… https://t.co/iuKuOXaaMu",1,twitter
"History shows that the Dow, S&P 500, and the Nasdaq could be in for another huge run in 2020.… https://t.co/xYovuKPQss",1,twitter
"India Online Test Preparation Markets, 2020-2024: Anticipated to Witness a Massive Growth of 39% CAGR -… https://t.co/c6dbdTOIBi",1,twitter
Investors are right to be pleased with November’s strong jobs report. But there are also some things to puzzle over. https://t.co/jlVv1dIETY,1,twitter
Investors are shrugging off weak data and trade snags that would have roiled markets just months ago  https://t.co/mDuxVvY8aB,1,twitter
Investors cheered the blockbuster November jobs report https://t.co/CgSzMYRjdY,1,twitter
"James Dinsmore attributes Bancroft Fund's unusually strong 2019 to falling rates, judicious use of leverage and a m… https://t.co/BBrBuvoWD9",1,twitter
"Jim Cramer predicts 'U' shape recovery, says economy 'will bounce back gradually' https://t.co/VjCE8rzJHU",1,twitter
Jobless Americans to see extra payments as soon as this week #economy #MarketScreener https://t.co/NMjEJFsOkM https://t.co/VURGAjhdYu,1,twitter
Last month Bill Ackman said 'hell was coming.' Now he's 'optimistic.' https://t.co/0FeLE9HwNi,1,twitter
"Life Is Good, Say 90% of Americans",1,twitter
"LISTEN NOW: A blockbuster November jobs report was released this morning, with job numbers beating estimates and un… https://t.co/4zl37XeUmU",1,twitter
"LISTEN NOW: Wall Street sees some positive coronavirus news, with signs the curve may be bending in parts of the wo… https://t.co/nhJWp1yOqQ",1,twitter
Long-Term: Lean Hog Prices Set To Rebound. https://t.co/rUUbENIlsY #markets #finance #investing,1,twitter
Market's Reaction To Trade News Is Encouraging. Read more: https://t.co/w5ol1Iw6d4 #investing #business #finance,1,twitter
"New for subscribers:  Strategist Jeff Saut says the stock market bottom in, predicts new S&P 500 record before year… https://t.co/CLXKUqdU58",1,twitter
Nokia is Preparing to Come Roaring Back in the New Decade,1,twitter
"October Architectural Billings Index: Finally, Signs Of Strength. Read more and get updates on any stock!… https://t.co/hchfMOHnZT",1,twitter
OPINION: Why did markets shrug off Boris Johnson's hospitalization? Because of robust confidence in U.K.'s parliame… https://t.co/yBTZY2BnGa,1,twitter
Precious Metals' Golden Year To Continue. Continue reading: https://t.co/4eI69q6pDv #finance #trading #business,1,twitter
Rains bring drought relief and hope to Australian farmers https://t.co/eTC9tqtevp,1,twitter
Since we rallied today due to the virus slowing down in KEY STATES (NY) will the Cuomo pressers be market-moving events?,1,twitter
"Stocks could rocket higher from here, history shows: Morning Brief https://t.co/b2iiWYhKSS by @SamRo https://t.co/TMIheTmziA",1,twitter
Tech Breakthrough Could Spark A Geothermal Energy Boom,1,twitter
"Teens could be a saving grace for malls, new research says https://t.co/4Rr0NF6Awq",1,twitter
"The ‘great rotation’ will arrive in 2020 and bring another strong year for stocks, JP Morgan says https://t.co/3Aw0ecaK9S",1,twitter
The Big Picture: No fundamental reason for 2019 holiday sales to disappoint $SPY-- https://t.co/w4dAzYCmAz… https://t.co/CNY9CEJica,1,twitter
The Bull Market Almost No One Saw Coming,1,twitter
The bullish case for stocks with major averages already up more than 20% from the lows https://t.co/lesMhGbHHC,1,twitter
"The global economy and earnings will stabilize in 2020, allowing riskier assets to flourish even with central banks… https://t.co/pWimpjtCke",1,twitter
The mood is upbeat on markets ahead of Thanksgiving #Stock #MarketScreener https://t.co/NxpndHvCKP https://t.co/gzcevw7HEv,1,twitter
"The number of 401(k) millionaires hits a record high — here's how you can get there, too. https://t.co/Za40bnydSF https://t.co/e0tswxArez",1,twitter
"These stocks could get a boost from the millions working from home, traders say. (via @TradingNation)… https://t.co/ToPfG4ZBlo",1,twitter
"'Things are normalizing': ETF market action is 'encouraging' despite economic worries, investor says (via… https://t.co/8KwoMqVoHA",1,twitter
"This winning stock-market bet was soured by the coronavirus crisis, and now it's setting up for a rebound https://t.co/tjOKF3LpJ5",1,twitter
Trade deal removes major hurdle for rally in Apple and tech,1,twitter
U.S. Marriages Rising as Same-Sex Couples Now Counted in Report,1,twitter
"Video game revenue is projected to reach $174,000,000,000 this year, according to IDC. But there’s an issue many de… https://t.co/A6zTb3fb4X",1,twitter
Wall Street Weekahead: Conditions may be set for Santa Claus rally https://t.co/H33Y0b2ZzZ https://t.co/4ubPdO0rvg,1,twitter
WATCH: Why is 2019 on pace to be the largest year ever for healthcare technology? @GoldmanSachs Investment Banking… https://t.co/TJKrWqal07,1,twitter
What Bad News? Investors Keep Stocks Rising--Update #economy #MarketScreener https://t.co/ExrV4T1guP https://t.co/6n0A3MHaZF,1,twitter
While market strain triggered by the coronavirus pandemic has eased since the Federal Reserve's historic interventi… https://t.co/AyvldKn33r,1,twitter
While market strain triggered by the coronavirus pandemic has eased since the Federal Reserve's historic interventi… https://t.co/H5iCiGtUtn,1,twitter
�� Here's why one great whale offers more in the fight against climate than a forest of trees https://t.co/y0UwSQWd8u,2,twitter
�� Here's why Trump Tower is now one of the least-desirable luxury buildings in NYC https://t.co/1OOQHhju0F,2,twitter
- Time: 15:00  #Stock #MarketScreener https://t.co/99IOCFohM3 https://t.co/ZfDyZZkp55,2,twitter
"""1/3 of all women in the world have experienced some kind of violence."" Here's how @UN_Women is working to end tha… https://t.co/PPmZ6wtfUF",2,twitter
"""Be nice to people"" is the mantra that has guided @justbobbibrown through: • Disruption of the beauty industry •… https://t.co/NG2kUNjofO",2,twitter
"""Be nice to people"" is the mantra that has help guide @justbobbibrown through: • Disruption of the beauty industr… https://t.co/3v20SU0Nxd",2,twitter
"""Bloomberg Daybreak: Middle East"" Full Show (12/15/2019)",2,twitter
"""Frozen II"" is expected to heat up a cold box office, with $130 million in sales expected over its opening weekend https://t.co/jVip0q50Ne",2,twitter
"""How To Use Stochastics to Spot Market Reversals"" Educational video!! https://t.co/8m7IetauIy Enjoy!",2,twitter
"""I almost burst into tears, but I held on. I'm so proud."" The Pacific people of Bougainville are deciding if they… https://t.co/NTPLIMPkti",2,twitter
"""I say, let's go carbon-neutral by 2050 and Corbyn-neutral by Christmas.""

Boris Johnson touted clean energy propos… https://t.co/5XXVipPBG0",2,twitter
"""I wasn't there to photograph a woman being beaten."" In 1982, documentary photographer Donna Ferrato took the phot… https://t.co/2SmlNTdDyx",2,twitter
"""If It Walks Like A Duck And Talks Like A Duck, Then It Probably Is QE"" https://t.co/YQov1fgaif",2,twitter
"""In 10 years from now, investors will be looking at & evaluating #ESG scoring as a part of the overall performance… https://t.co/RD5kKfb4jn",2,twitter
"""it is the fear of infection, not the ultimate death rate, which is the most likely cause of economic damage"" - MK",2,twitter
"""Let’s do push-ups, man."" https://t.co/U8QVQkICIh",2,twitter
"""Most consumers want vehicles that can match gas-powered vehicles in range, utility, cost and ownership ease,"" writ… https://t.co/7fUjoda8kU",2,twitter
"""No water. No water. How could you have no water?""

84-year-old Max Atkins tells how he fought to save his home in... https://t.co/9mlSlsYS2F",2,twitter
"""Nobody's Traveling For Next Two Months"" -œ Airlines Dumping Chemicals In Fuel Tanks To Prevent Algae  https://t.co/ueQwUIAAmx",2,twitter
"""Start by doing what’s necessary; then do what’s possible; and suddenly you are doing the impossible,” said Christi… https://t.co/nJpvWKGRss",2,twitter
"""The big threat is not so much the number of outstanding cash-out refis as it is the total dollar amount — $3.1 tri… https://t.co/gk9Qd0ewhc",2,twitter
"""The fact that the public market rejected the private market valuation on WeWork, I think was a very healthy develo… https://t.co/eVo36teP8g",2,twitter
"""The separation will better empower each company to fully embark upon its unique path for growth."" https://t.co/5gAta0NNKr",2,twitter
"""They All Knew!"" - Chinese Furious At Virus-Fighting Officials Who Lied About Human Transmission https://t.co/YxHOkI21u1",2,twitter
"""They Have Stolen From All Saxons!"" - Thieves Steal 100s Of Priceless Jewels From Dresden Museum  https://t.co/jvm2ZUW6uX",2,twitter
"""This game came out of nowhere... Effectively they just surprise launched on everyone, and the entire gaming world… https://t.co/DfFWHDvFzO",2,twitter
"""This is a gorgeous vehicle. It kinda looks like a hallucination""",2,twitter
"""This truck Doesn’t look like a truck I don’t think it’s a truck for me."" One country music star came up with thos… https://t.co/oqLHXcHst2",2,twitter
"""We are only scraping the surface."" The British inventor who built his own 'Iron Man'-style suit has doubled the s… https://t.co/Kq7aD4HUEh",2,twitter
"""We are only scraping the surface."" The British inventor who built his own 'Iron Man'-style suit has doubled the s… https://t.co/yKjuZOueEt",2,twitter
"""We know what we have to do — reduce emissions, offset what cannot be reduced and adapt to new climate realities. N… https://t.co/xGAbvReq6y",2,twitter
"""Why not take the opportunity to turn Thanksgiving dinner into a discussion of something many Trump supporters agre… https://t.co/SV1NIlQ5Hr",2,twitter
#FlashbackFriday: We take a look back at our #Seattle branch employee sorting through currency in this #throwback f… https://t.co/0QiaWRDunE,2,twitter
#FridayReads: Thinking about joining the remote workforce? Our own project consultant Courtney Obi shares her five… https://t.co/vTaytywtq3,2,twitter
"#FridayReads: What determines #interestrate fluctuations? Our latest #EconomicLetter ""Riders on the Storm"" analyzes… https://t.co/dxuDPQvYEF",2,twitter
"#HOLIDAY #SPECIALOFFER: Take 33% OFF streaming #market intelligence, #earnings #news coverage, sophisticated… https://t.co/Uq9axnEBQT",2,twitter
#HunterBiden is just killing my life .... it's so hard to be White now in America ..... it's like being William hun… https://t.co/uHk95qx1Ig,2,twitter
"#NYGiants @Giants I'm sure the Giants defense will make Trubisky look like Tom Brady today, It's sad to watch",2,twitter
#SnackFact of the day: @RobinhoodSnacks won Best Business Podcast 2019 from @Discover_Pods Awards. This has got to… https://t.co/gYL0CfuCwS,2,twitter
#SouthAfrica suffers among the highest levels of inequality in the world. #Inequality manifests itself through a sk... https://t.co/388qLKScln,2,twitter
#SpecialOffer 33% OFF live streaming #market #analysis of #earnings #economic #news https://t.co/8b7VdvjsxW #stocks… https://t.co/uBvoEDB0I9,2,twitter
"#SpecialOffer: Just in time for the holidays! Take 33% OFF live, streaming #market #analysis & #investing #ideas… https://t.co/DqHU1PHvv5",2,twitter
"#Water is life. Too little, and we cannot survive. Too much could be deadly. #Climatechange is increasing droughts… https://t.co/DLk5ysp44b",2,twitter
"$500-$30,465 in 9 weeks time. Goal is 40k by end of month. Just need to play smart, buy time and take those profits… https://t.co/nzzyJNCFsW",2,twitter
$SPX - going to close red on the month? https://t.co/8uM7YBdsWL,2,twitter
$WIRES: On The Wires https://t.co/uMPdDeNsVb,2,twitter
(Free to read) Over 60% of Americans say that stock market performance has little or no impact on their personal fi… https://t.co/l3QZQ3KwJy,2,twitter
"*Friends theme song voice*: So someone told Jennifer Aniston that she'd never ""make a dime."" (via @CNBCMakeIt) https://t.co/BLt1LwZsVN",2,twitter
.@aztecs99 has your shortlist...of shorts    https://t.co/4VSrUYqrN3,2,twitter
".@bcope51 wishes he'd learned more about budgeting and basic personal finance skills in college, so he started teac… https://t.co/q9sbthuhgg",2,twitter
".@CNBCselect usually doesn't recommend signing up for a store credit card, but here's one big exception.… https://t.co/nPFeuun4Og",2,twitter
".@Coldplay says they won't be touring their new album #EverydayLife, which drops tomorrow. Is climate change to bl… https://t.co/MLH1tJmjF8",2,twitter
".@Coldplay says they won't be touring their new album #EverydayLife, which drops tomorrow. Is climate change to bl… https://t.co/UfW2Pp2CMl",2,twitter
.@JimCramer says @realDonaldTrump just found a real reason to want to win rather than just end the trade war with C… https://t.co/Io7ups9jzh,2,twitter
".@JimCramer's latest thought on U.S.-China trade negotiations? ""I think it's time to walk away."" Read his full reas… https://t.co/mCqYMLgt6S",2,twitter
".@JimCramer's solution for a lack of market participation? ""Raise the roof on IRA:"" https://t.co/IP6xHN4Fz2 https://t.co/F3CvJ3iVc4",2,twitter
".@MakerDAO is the darling of the decentralized finance movement. Unlike its competitors, it's backed not by other g… https://t.co/Ae9thc7Kia",2,twitter
".@realDonaldTrump on jobs number? ""Phenomenal""",2,twitter
.@RevShark breaks down 3 things to be thankful for heading into the holiday week  https://t.co/SxMS8I7fdG,2,twitter
.@RevShark breaks down 7 things to be thankful for: https://t.co/BnLW0MrDQc,2,twitter
.@Roku is here to tell you that you can still watch the Super Bowl  https://t.co/OfiiM0R0BZ,2,twitter
.@SecAzar and I will soon release a plan to let Florida and other States import prescription drugs that are MUCH CH… https://t.co/KUCvUfA3JU,2,twitter
".@SussexUni scientists developed a 3D image that moves, recreates sounds, and even mimics the sensation of touch https://t.co/8CFjY45GGE",2,twitter
.@Sweetgreen is taking a different approach to winning the delivery space. Here's what co-founder and CEO Jonathan… https://t.co/KBbLEmsoQC,2,twitter
:),2,twitter
"@HeyTammyBruce “This seems personal. That it is deeply unfair, that has not changed. This has become a matter of th… https://t.co/gm1Q6Gt3oM",2,twitter
@MikeCaymanTrades sometimes,2,twitter
@RobInTheBlack  Great to read your son is better.,2,twitter
"@SpeakerPelosi ""degenerate gambler""",2,twitter
@TicToc,2,twitter
@tictoc @telefenoticias @teleSUR_Chile @PaoladrateleSUR @monlaferte @inddhh,2,twitter
@tictoc @telefenoticias @teleSUR_Chile @PaoladrateleSUR @monlaferte @telefenoticias @inddhh @mbachelet,2,twitter
@TicToc Taxpayer Treatment UNFAIR TAX MONEY COLLECTED by IRS Recognized as LOAN to the IRS ALL MONEY be returned to… https://t.co/vQbZMoTmPz,2,twitter
@TicToc TRUMP WARNING by Trump appointment of military departments Leaders NOW TRUMP can CONTROL them and tell them… https://t.co/zQA3G6kUMe,2,twitter
{Free} Dragonfly Capital Bull Scan for 11-25-19 https://t.co/kR9HI32JTA,2,twitter
"{Free} Macro Week in Review/Preview November 22, 2019, on the blog and here https://t.co/EzxLmLjLsJ $SPY $IWM $QQQ… https://t.co/viMn7UvGjV",2,twitter
"{Free} Top Trade Ideas for the Week of November 25, 2019: The Rest Premium, on the blog and here… https://t.co/vG6f9AU25O",2,twitter
‘Frozen 2’ Breaks Box Office Records With $350 Million Worldwide Debut $DIS https://t.co/Nq3IE3viW9,2,twitter
‘Great Recession’ a decade ago is one reason your Christmas tree will cost more this year. https://t.co/gWmkk2d7hk,2,twitter
‘Joker’ officially becomes first billion-dollar R-rated movie,2,twitter
"‘Panic Shopping’ In Hong Kong, While Mainland China Depends On E-Commerce",2,twitter
‘Perfect Result’ for Unsung Stocks: Strategists on U.K. Vote,2,twitter
"‘Phase 1’ Trade Deal Is Progress, Says Hills & Co.’s CEO",2,twitter
"‘Priceless’ Jewelry, Artifacts Stolen From German Museum",2,twitter
‘Significant relationships will be noted in our corporate love register’ https://t.co/kSrQi6kd9v,2,twitter
"“All Lam does is promise to listen, then ignores critical voices. These last six months have made it clear we need… https://t.co/85XfPKmbJU",2,twitter
“All of us who came here under a legal obligation also felt we had a moral obligation to do so” https://t.co/TpUBtEKJlv,2,twitter
"“Call the Cybertruck a Hummer for the green millennial generation, really the ultimate virtue and vice signaling ma… https://t.co/gidkkoeSFr",2,twitter
"“No one really has the full amount of money needed to buy the Treasurys they want to hold, or all of the mortgage-b… https://t.co/5hYXf4Dbhj",2,twitter
"“Robinhood disrupted this industry in a way that no one thought could happen,” @MadMoneyOnCNBC's @JimCramer says fo… https://t.co/MKcgdNZKNh",2,twitter
"“There is a perception among investors that these protests will fizzle out,” one executive says. https://t.co/iMZUORoQ2X",2,twitter
"“We have seen a horrifying global surge in domestic violence.""

UN Secretary-General @antonioguterres is urging gov… https://t.co/geODW5CMEL",2,twitter
"“You can’t contradict that these numbers are the best numbers of our lives,” @MadMoneyOnCNBC’s @JimCramer said in r… https://t.co/afwYjeGLCC",2,twitter
☀️ Cranberry farmers turn to solar power for extra income https://t.co/BNIq7WAc4T,2,twitter
❄@GitHub is storing open source code in an Arctic vault to protect it from the apocalypse https://t.co/1p92fJbMIC https://t.co/4SlLUkespn,2,twitter
"⚡️ @sussexuni scientists have developed holograms out of soundwaves that can be seen, heard and felt  https://t.co/KLCfEonVyI",2,twitter
"⚡️ Iman, the last Sumatran rhinoceros in Malaysia, has died at 25 after succumbing to cancer https://t.co/5D99IeWvcf",2,twitter
⚡️ Today is the International Day for the Elimination of Violence against Women. Here are some of the demonstration… https://t.co/STY1bQB1n4,2,twitter
1 Great Reason to Claim Social Security Benefits as Early as You Can,2,twitter
10 Easiest Instruments For Adults To Learn On Their Own,2,twitter
10 Most Profitable Franchises In The World,2,twitter
100% Correct!,2,twitter
16-year-old Carlos Gregorio Hernandez Vasquez died in U.S. Border Patrol care in May this year. Officials say he w… https://t.co/A6yaktHF0g,2,twitter
"1-Day Conference: Semiconductor Market Forecast 2020 (London, United Kingdom - January 15, 2020) -… https://t.co/hizUfGlrjD",2,twitter
2 Additions To My Retirement Portfolio. Subscribe to Seeking Alpha for more: https://t.co/h60SofEKDF #investing #stockmarket #trading,2,twitter
201 books to add to your reading list. https://t.co/6niTOmUik9,2,twitter
2020 could be the year everything changes for people with student debt https://t.co/RzYB083X7P,2,twitter
2020 Q1 Portfolio Review. https://t.co/9fB3ya2wit #trading #stocks #economy,2,twitter
2020: the year investors fall in love with stocks again?,2,twitter
2020's Biggest Risks,2,twitter
23 Million Reasons to Doubt This Bank Cleanup,2,twitter
25 Worst Holiday Storms of All Time,2,twitter
"3 Great Mutual Fund Picks for Your Retirement - February 06, 2020",2,twitter
"3 Great Mutual Fund Picks for Your Retirement - February 07, 2020",2,twitter
"3 key pillars to ensure school infrastructure planning factors in disaster preparedness and resilience: 

🏫Resilien… https://t.co/iL53Kve6iA",2,twitter
"3 Magnificent Mutual Funds to Maximize Your Retirement Portfolio - February 07, 2020",2,twitter
"3 Mutual Fund Misfires to Avoid - February 06, 2020",2,twitter
"3 Mutual Fund Misfires to Avoid - February 07, 2020",2,twitter
3 Mutual Funds to Make the Most of This Holiday Season,2,twitter
3 Reasons the Roth IRA Is the Best Retirement Savings Tool Out There,2,twitter
3 Social Security Strategies When You're Low on Savings,2,twitter
3 Steps Every Senior Must Take to Safeguard Themselves Against Financial Abuse,2,twitter
3 ways that Washington is set to take on the 'scourge' of robocalls,2,twitter
3 Ways to Calculate How Much to Save for Retirement,2,twitter
30 American Beaches That May Soon Disappear,2,twitter
"30% of Americans Are Willing to Consider a Meat-Free Thanksgiving, According to New Research From Meatless Farm",2,twitter
33 genius travel hacks to upgrade your holiday trips https://t.co/ZVckjmpdVE,2,twitter
"35 credit cards are a lot for one person to manage. Here's how one couple handles it, and uses their rewards to tra… https://t.co/Ngrf4TKH7l",2,twitter
"36% of millennials polled say that they approve of communism, which is up significantly from 28% in 2018. https://t.co/WJJfbWU8hS",2,twitter
"3D Printer Black Friday 2019 Deals: List of Comgrow, ELEGOO & FlashForge 3D Printer Deals by Deal Stripe",2,twitter
4 factors that'll drive economic acceleration in 2020: Goldman Sachs,2,twitter
4 Money Moves That'll Make You Richer in 2020,2,twitter
4 Observations From The First Ever 'Cannabis Investor Day',2,twitter
4 of the Most Exclusive Credit Cards in the World -- and Their Rumored Benefits,2,twitter
4 Things the Richest Retirees Have in Common,2,twitter
4 ways to help blended families navigate finances #investinyou (In partnership with @acorns.) https://t.co/debwOUOIDS,2,twitter
4 ways Washington is set to change how you save for retirement,2,twitter
"401(k) Contribution Limits Increase in 2020, but That Won't Matter to the Average American",2,twitter
42 arrested after protest delays Harvard-Yale football game https://t.co/DJvDBUrvv4,2,twitter
"44,000 hotels with 1.2 million rooms on four continents. Meet 26-year-old Ritesh Agarwal, a college dropout who fou… https://t.co/ZmBDGnxCLc",2,twitter
45% of Airline Loyalty Program Members Don't Know How to Use Their Rewards,2,twitter
"4-Day Programme: The Mini MBA for In-house Lawyers (London, United Kingdom - June 23-26, 2020) -… https://t.co/uS6RlMdbRv",2,twitter
5 Bad Decisions That Could Cost You Money at Tax Time,2,twitter
5 Life Milestones Millennials Are Delaying Because of Student Debt,2,twitter
5 minutes with... Ernest Hemingway’s pocket watch https://t.co/Au70URTLTH,2,twitter
5 things to know before the stock market opens Monday https://t.co/DZf8F02elz,2,twitter
500 Million Pieces of Trash Cover This State’s Roads,2,twitter
5G : wins CRN award and new Indirect Sales Channel #5G #Stock #MarketScreener https://t.co/yzofoF2baW https://t.co/936LUQtzWD,2,twitter
"5G coverage will span two thirds of the global population in 6 years, Ericsson predicts https://t.co/ooY30VhKb9",2,twitter
5G Trials To Start In January-March Quarter This Fiscal: Telecom Official,2,twitter
6 Reasons Why The 'Most-Hated Politician' In Latin America Became President Of Brazil https://t.co/aApEMWrmvn,2,twitter
6 Ways to Boost Your Savings in 2020,2,twitter
7 of the Best Brokerages for Handling Cash Reserves,2,twitter
7 Reasons Your Credit Card May Be Declined -- and How to Resolve Them,2,twitter
73% of Americans Are Making This Big Tax Mistake,2,twitter
8 Sources of Income Social Security's Payroll Tax Can't Touch,2,twitter
80% of Pre-Retirees Think They'll Work in Retirement -- Here's How Many Actually Do,2,twitter
9 secrets I never knew about airports until I worked at LAX https://t.co/1D9yzeUSkd,2,twitter
A 2020 gift guide for the tech-savvy traveler https://t.co/lxr1S4XJ6T,2,twitter
"A 6,000-square-foot, 10-bedroom Victorian mansion could've been yours for only $50,000, but there was one catch: Yo… https://t.co/I1zMf0J7t6",2,twitter
A Beginner's Guide to Weathering the Next Recession,2,twitter
A Big Step Forward For the Treatment of ALS,2,twitter
A Book That Helped Nestle’s Suresh Narayanan Tide Over The Maggi Crisis,2,twitter
"A California city designed as an anti-wildfire fortress is at risk of burning to the ground
https://t.co/zYaw65Q0cg",2,twitter
"A Californian church depicted Jesus, Mary and Joseph in cages at the U.S.-Mexico border for their nativity display.… https://t.co/Nurcx5QN8T",2,twitter
"A disclaimer from the fast food company says the burger is ""not vegetarian due to our cooking method,"" with the pat… https://t.co/4EyrjH6jcA",2,twitter
A Dividend Growth Strategy Based On Gold. Get more info on Seeking Alpha: https://t.co/jPbris9jNi #finance #economy #business,2,twitter
A few things to watch heading into the holiday week: https://t.co/85MmEqaSmS,2,twitter
A former car salesman advises that you never say this 1 thing when negotiating a deal. (via @CNBCMakeIt) https://t.co/Z8bAUPhyUd,2,twitter
'A free pass to paedophiles': Australian lawmaker slams Westpac,2,twitter
A garlic and citrus feed supplement that lowers the greenhouse gases burped out by cows is giving farmers the chanc… https://t.co/nCVcYLNw5x,2,twitter
A Global Guide To (US-Backed) Uprisings https://t.co/hWxXZZYC8H,2,twitter
A global guide to stimulus in 2020 https://t.co/aLX622gkjx,2,twitter
A Healthier Alternative to Luxurious Chocolate This Valentine’s Day,2,twitter
A Healthy Consumer A Positive For The Economy. Get more updates here: https://t.co/KZX0xmhIm8 #stockmarket #investing #markets,2,twitter
"A kiss on the hand
May be quite continental
But M&A is a girl's best friend....
Here's what you need to know about… https://t.co/yoNbUfUWy9",2,twitter
"A modern president? - cape-coral-daily-breeze.com | News, sports, community info. - Cape Coral Daily Breeze",2,twitter
A Montreal satellite company makes a major breakthrough in monitoring pollution from oil and gas fields https://t.co/3m8eDYb4RY,2,twitter
"A New NSTA Book Shows How Amazing Things Can Happen With a Blend of Biology, Engineering, and Serendipity… https://t.co/xMGopg3i0W",2,twitter
A New Problem for Clean Energy: Dealing With Old Windmill Blades,2,twitter
A new study finds great whales are carbon-capturing titans https://t.co/QunxmBjwKX,2,twitter
A New Zealand man has been found guilty of murdering 22-year-old British backpacker Grace Millane. Millane was kil… https://t.co/LotPF5rrxN,2,twitter
"A Nike executive is worried the Michael Avenatti trial may turn into a ""circus"" https://t.co/w41xGraaLK",2,twitter
A Painting Stirs Controversy in Mexico,2,twitter
A psychologist shares the 5 phrases parents should never say to their kids. (via @CNBCMakeIt) https://t.co/kGa8NQQHgj,2,twitter
A psychologist shares the 7 biggest parenting mistakes that destroy kids' confidence and self-esteem. (via… https://t.co/9JNpnJxICQ,2,twitter
A Quarter of Americans Are Making a Big Mistake This Holiday Season,2,twitter
"A rare Patek Phillipe watch sold for over $7 million at a @Christiesinc auction.

Believe it or not, that's actuall… https://t.co/fk7asQHL64",2,twitter
"A record 31.6 million passengers will travel on US airlines during the Thanksgiving holiday period, according to a… https://t.co/cijXm6nKeo",2,twitter
A Report Card For 2019's (Non) Predictions: Macro Man (Audio),2,twitter
A rift between regulators over the Boeing 737 Max could hold back new plane programs https://t.co/yhPmfyRKCb,2,twitter
A secretive startup backed by Bill Gates says it has discovered a way to use artificial intelligence and a field of… https://t.co/gZMTUhNtL4,2,twitter
A service called TeaTV lets people watch seemingly pirated content from HBO or Netflix for free with ads. https://t.co/2pakqmkSrt,2,twitter
A Sexist Joke Cost Ken Fisher $4 Billion in Assets. He Still Runs $121 Billion,2,twitter
A shortage of Christmas trees is driving up prices this year -- and you can blame the 2008 financial crisis https://t.co/OalUSo8N7T,2,twitter
A Solar Boom Without the Subsidy Gloom,2,twitter
"A take-private is exactly what it sounds like, but here's a more in-depth explanation https://t.co/H1XHS3ItKx",2,twitter
A tense showdown over college vaping and its health risks is roiling Duke University https://t.co/gU0dZCoiZa,2,twitter
"A Tokióban található teamLab Planets, a múzeum, ahol a víz a kiállítási közeg, idén tavasszal egy kis időre cseresznyevirág-szirmokba öltözik. A kiállítás 2020. március 1-től tekinthető meg.",2,twitter
A toxic foam caused by sewage overflow is settling on roads and water in New Delhi https://t.co/5oEvBRtZVg,2,twitter
A trainee day trader in France once made $11.6 million in one day on what he thought was just a “demo.” https://t.co/kRc9qZc7X1,2,twitter
"A U.S. official says the Florida Naval station shooting suspect was an aviation student from Saudi Arabia, the AP r… https://t.co/e9XEGFiIf9",2,twitter
"A Week In North Florida On A $24,960 Salary",2,twitter
"A Week In San Francisco, CA, On A $65,000 Salary",2,twitter
"A year after arrest, Ghosn seeks trial date, access to evidence",2,twitter
"Absurdity Update: British Academic Union Rules Members Can 'Identify' As ""Black"" And ""Disabled"" https://t.co/InTfaFCTMS",2,twitter
"Access LIVE #market #analysis, exclusive #investingideas, #earnings coverage and more. Take a #FreeTrial of Briefin… https://t.co/JI3Cin6xFZ",2,twitter
Active Versus Passive Investing: The Fallout. Continue reading: https://t.co/QVdhV4FJHJ #investing #markets #trading,2,twitter
"Activism Engulfs Japan as Firms Go Hostile, Investors Speak Out",2,twitter
Activist Greta Thunberg in Tweetstorm With Railroad Company,2,twitter
"Actor and comedian Sacha Baron Cohen criticized social media — especially Facbook, Twitter, and YouTube — as ""the g… https://t.co/UPcfrLlxHU",2,twitter
Adnan Syed Will Not Get New Trial As Supreme Court Rejects 'Serial' Case,2,twitter
"Adtalem Global Education : NIPA, American University of the Caribbean School of Medicine a...… https://t.co/oWxu9lWEKM",2,twitter
"Advertisers Are Ready for Streaming, but Streaming Isn't Quite Ready for Ads",2,twitter
"After $550 Million Exit, 34-Year Old Founder Wins Fresh Backers",2,twitter
"After $550 Million Exit, 34-Year-Old Gets Funds for Landing",2,twitter
"After an amputation, MIT research assistant Everett Lawson helped to design his own prosthetic leg https://t.co/h50zQluflA",2,twitter
"After Lehman declared bankruptcy in 2008, a group of market-timing services recommended extensive short positions i… https://t.co/AhzlyhnZfg",2,twitter
Agilysys : Restaurants Find Sustainable Methods for Limiting Food Waste During the Holidays #Agilysys #Stock… https://t.co/CIE4piMa92,2,twitter
"Agnes, your great boy Ronald is looking down, very proud of you! https://t.co/BHPu6IIdAN",2,twitter
"AI is coming for white-collar jobs as it gets harder, better, faster, stronger https://t.co/9akvOMfZOm",2,twitter
Air pollution is affecting Australia's east coast because of the smoke coming from the #NSWFires bushfires.… https://t.co/GEBbTfamjO,2,twitter
Al Gore says millennials should see combating climate change as “the single biggest investment opportunity in histo… https://t.co/jLiV2op1Yj,2,twitter
Alabama Department of Agriculture and Industries’ Plant Section Launches Multiple Online Applications… https://t.co/hAVozv2Sl1,2,twitter
All but one of Africa's 54 nations have signed up for what would be the world's largest free-trade zone https://t.co/h92gvyNwrE,2,twitter
"All Smoker Black Friday 2019 Deals: List of Masterbuilt, Weber, Pit Boss & Cuisinart Smoker & Combo Grill Deals Rel… https://t.co/OwmjgigXnE",2,twitter
"All The Best Facebook Portal Black Friday Deals (2019): Facebook Portal TV, Mini & Plus Sales Compared by Spending Lab",2,twitter
All you need to know about what's moving markets https://t.co/2T0YH18QwI,2,twitter
All You Need To Know Going Into Trade On Dec. 17,2,twitter
"All-inclusive resorts have the ""potential"" to be a highly sustainable way to accommodate mass tourism https://t.co/J20CA8DFiy",2,twitter
"Allstate Lawyers Fear For Safety After Opposing Counsel Threatens To Unleash ""Long D*ck Of The Law"" https://t.co/5ULgZcuVnQ",2,twitter
ALTCOINS-Crypto backed by crypto: Dai seeks to change 'stablecoin' game,2,twitter
"AM Best Affirms Credit Ratings of Meritz Fire & Marine Insurance Co., Ltd. https://t.co/rXWR7i4wmZ https://t.co/MrOyRXArwF",2,twitter
AM Best Places Credit Rating of Armour Secure Insurance S.A. de C.V. Under Review With Developing Implications… https://t.co/gg8ANRXgpT,2,twitter
Americans are flocking to these 15 cities where jobs are plentiful and salaries are rising. (via @CNBCMakeIt)… https://t.co/QyQjU9Mx2O,2,twitter
Americans are taking a long time to get married: https://t.co/NA3FHFkNXC,2,twitter
Americans' Top 3 Financial Resolutions for 2020 All Hinge on Doing This 1 Thing,2,twitter
America's lowest earners are powering the economy: Morning Brief,2,twitter
"Among Largest US Markets, Most Demand Is Still Met By Illicit Supplies",2,twitter
An activist group is demanding an investigation of suspicious letters submitted to the SEC https://t.co/1jFM7LvL4F,2,twitter
An estimated $400bn is needed each year to reverse declining populations. @OfficialZSL is encouraging sustainable l… https://t.co/h0QlJ4hKCR,2,twitter
"An ugly anti-Chinese strain is infecting the Hong Kong protests and driving away potential allies, says @shuli_ren… https://t.co/fVelIVlHjX",2,twitter
"Analysis: When Gordon Sondland appeared before the impeachment inquiry, Republicans were hoping that the US ambassa… https://t.co/of1aqvah7o",2,twitter
Andaman Islands feel the tides of change https://t.co/1B4x0zYV5P,2,twitter
Andrew Hill: A Lego session can uncover awkward truths about an organisation that none of its senior team has previ… https://t.co/S3DvfxLNJ2,2,twitter
Anger Mounts After Wuhan Doctor Dies,2,twitter
Angola agrees to hand over management of a national park in the Namib desert to a not-for-profit organization that... https://t.co/pAWD7RKKUW,2,twitter
"Anno record per il gruppo Iberchem, che perfeziona due acquisizioni nel segmento aromi e registra una crescita delle entrate pari al 19%",2,twitter
Another bridge has collapsed in Italy https://t.co/5sSKGFUPIu,2,twitter
Another Doctor Reports Dramatic Improvement In COVID-19 Patients Using Trump-Touted Treatment https://t.co/NYF3nN9MnI,2,twitter
Another fatality at Great Panther Mining,2,twitter
Anti-Dumping Duty Imposed On 90 Chinese Items,2,twitter
"Any list of the most-popular online TV services begins with Netflix, Amazon and Hulu. But after those comes the unl… https://t.co/wSTZwc5ErK",2,twitter
"Are these 3 Top-Ranked Mutual Funds In Your Retirement Portfolio?- February 07, 2020",2,twitter
Are trade wars good and easy to win? We try to answer in Terms of Trade. Sign up to have our newsletter delivered t… https://t.co/0NTJYPeEBa,2,twitter
Are you allowed to return gifts you don’t like? Is it ever appropriate to just give cash? An etiquette expert answe… https://t.co/6o2nGHgOJU,2,twitter
Are You Better Off With Multiple Credit Cards or One Great One?,2,twitter
Are you guilty of financial infidelity? Here’s how to fix money habits that could be standing in the way of your lo… https://t.co/bqPOIyHKBj,2,twitter
"Are You Invested In These 3 Mutual Fund Misfires? - February 06, 2020",2,twitter
"Are You Invested In These 3 Mutual Fund Misfires? - February 07, 2020",2,twitter
Arguably The Ultimate Long Term Stock Investment Portfolio For My Young Kids. Get more updates here:… https://t.co/QDrRypxEbE,2,twitter
Army Restarts Disputed $45 Billion Armored Vehicle Competition,2,twitter
"Around 76,000 people were injured in the U.S. between 1998-2017 because of cell phone-related injuries https://t.co/u5FF9sIDSb",2,twitter
"Art And Cannabis Getting Extra: Crumb's $690,000 Weed Drawing, Keith Haring's Bongs Line",2,twitter
"Artificial intelligence has made great strides in analyzing financial data. While the opportunities are incredible,… https://t.co/QYeRTOamfj",2,twitter
"As 2020 approaches, firms across the financial industry are busy issuing outlooks for what the year ahead may hold.… https://t.co/aLOebW7OYx",2,twitter
"As Discovery eyes a streaming future, John Malone looms large",2,twitter
"As of 11pm tonight, Britain will have left the EU. Read this by @robertshrimsley from the FT archives: Brexit's 'do... https://t.co/pZE7vpI0DI",2,twitter
As The Trade Talk Pendulum Swings,2,twitter
"As vegan burgers get more popular, the beef industry is battling to clean up its image as a greenhouse-gas-emitting… https://t.co/WS1r4JQM1b",2,twitter
"Asian Insurers Look More to Passive, Alternative Strategies: Broadridge",2,twitter
Assessments of climate policies help shape a country’s policy response to #climatechange. https://t.co/jFgGQzwBE7… https://t.co/KdZvxEPe17,2,twitter
Asset management and investment banking are often used in the same breath but they shouldn't be https://t.co/EDWD2ux7rJ,2,twitter
"At dinner, man in a wheelchair had to be over 100 yrs old, seemed pretty down / out of it, but soon as his daughter… https://t.co/Up62ZHsOWI",2,twitter
"At least six firms, including BlackRock and Vanguard, are flocking to the Chinese market https://t.co/49XUMTB3Ud",2,twitter
Atlantic Storm Poised to Send Europe to New Wind Power Records,2,twitter
Australia investigates Chinese spy ring allegation https://t.co/hemZyuh8gM,2,twitter
Australian PM Scott Morrison reaches A$2 billion ($1.3 billion) energy deal with the country's most populous state... https://t.co/8Wom4ct7CB,2,twitter
Australia's Fires Kill Millions of Bees,2,twitter
Authorities are investigating if the Pensacola shooting was terrorism-related.,2,twitter
"Avoid These 3 Mutual Fund Misfires - February 06, 2020",2,twitter
"Avoid These 3 Mutual Fund Misfires - February 07, 2020",2,twitter
"Avoid These 3 Mutual Fund Misfires - November 25, 2019",2,twitter
Babe Ruth's 500th Home Run Bat Sells for More Than $1 Million,2,twitter
Baby Bonds For Baby Boomers Rebalancing Into Fixed Income. Continue reading: https://t.co/r6XQE4yRqW #finance #business #stockmarket,2,twitter
Baby GATT Back: The End Of The World Trade Organization? https://t.co/txFV3vhVVk,2,twitter
Baby Yoda could be the Tickle Me Elmo of 2019. https://t.co/BDHEHW0pOG,2,twitter
"Bags of rice, cellphone credit and mobile phones were just some of the freebies that politicians handed out ahead o… https://t.co/HljdUvzpe6",2,twitter
Baht Vies With Won for Title as Asia’s Best-Performing Currency,2,twitter
"Balance of Power: Brexit, Impeachment, Trade Deal (Podcast)",2,twitter
Banca Carige S p A Cassa di Risparmio di Genova e Imperia : Ordinary Shareholders' Meeting... #Stock... https://t.co/5wiIhJSPgD,2,twitter
"Banks must behave 'more like technology companies' to survive, finance execs say",2,twitter
"Banks will need more capital buffers in a downturn, Rosengren says",2,twitter
Barbados suffers second day of major power outages,2,twitter
Barclays Executive’s Lawyer Likens Prosecutor to Titanic Captain,2,twitter
Barron’s on MarketWatch: What we all need to know about Schwab-Ameritrade deal,2,twitter
Barron’s on MarketWatch: What we all need to know about Schwab-Ameritrade deal https://t.co/ZDeScEOKMh,2,twitter
"Barron's Picks And Pans: Charles Schwab, Disney, Sprint, Netflix And More",2,twitter
"Before Coke-Snorting Santa And An Ad Accused Of Weight-Shaming, Some Fails From Christmas Past",2,twitter
"Before you sign up for Disney+, this calculator adds up the ‘true’ cost of your streaming services https://t.co/2A7dKqULIK",2,twitter
Begun The Streaming Wars Have: Australia's Entire Defense Budget Is Being Spent On Scripted TV https://t.co/CQ36mxDdBX,2,twitter
Bellevue Gold : Becoming a substantial holder from MQG #BellevueGold #Stock #MarketScreener https://t.co/iRRNzPBhDt https://t.co/IOfdNks5O0,2,twitter
Berkeley returns to ‘normal’ after bumper years https://t.co/48WY64oBxZ,2,twitter
Berkshire's Buffett loses top real estate agent to top rival,2,twitter
"Bernie Madoff, the former Wall Street investment advisor infamous for his Ponzi scheme, is back in the news  https://t.co/RJpoD8asy5",2,twitter
Best And Worst Q4 2019: Mid Cap Blend ETFs And Mutual Funds. Sign up for updates on Seeking Alpha!… https://t.co/pjEo1ACbaH,2,twitter
Best books of 2019: Children’s books https://t.co/vc5DnRpxMj,2,twitter
"Best Buy has dodged death, but for how long? Watch the full video here to see how Best Buy has survived the retail… https://t.co/fvVyAzsL94",2,twitter
Best feeling ever is helping others reach their goals. #stocks #options $ADXS $SPY $SHOP $ULTA $GS $BIG $TSLA https://t.co/bn3mQh3tcE,2,twitter
Best Income Ideas From Around The Web: November 25 Edition. Subscribe to Seeking Alpha for more:… https://t.co/Z8GdGxzZgw,2,twitter
"Best. newsletter. ever

https://t.co/3SVESK2KGi",2,twitter
Beware the dawn of the corporate dead https://t.co/b2fYLGY3BI,2,twitter
"Big fantasy playoff matchup against @Jason_Buck this week, a rematch of my week 10 defeat by &lt; 0.5 points as Dalvin… https://t.co/Qe3E2UzI1Z",2,twitter
Big Four/government: no freeze on fees https://t.co/korHk2eqMz,2,twitter
Bigger is Better in Payments: Worldline Not Done With Deals,2,twitter
Bill Gates says he'll spend billions on coronavirus vaccine development https://t.co/ACD68hHYQX,2,twitter
"Billboard adding Apple, YouTube plays to Hot 100",2,twitter
Billionaire British property investors David Reuben and Simon Reuben have helped finance Dreamscape’s acquisition o… https://t.co/tVtDTmcJpk,2,twitter
"Billionaire hedge fund founder Ray Dalio doesn't want to use the word ""recession"" when talking about the global eco… https://t.co/J5n2Puuiuu",2,twitter
"Billionaire investor Carl Icahn is placing a 'big bet' against struggling malls, report says",2,twitter
"Billionaire Jeff Greene plowed $90 million into Palazzo di Amore. Now, he’s struggling to sell. https://t.co/cmC7cWKvxo",2,twitter
"Billionaire Ray Dalio pushed back against a Wall Street Journal article, saying his hedge fund doesn’t have a net b… https://t.co/dR19jGuSyg",2,twitter
"Billionaires get rich by 'relying on a system that exploits people,' says activist @Deray Mckesson… https://t.co/K0QpVaWRSb",2,twitter
Black Friday 2019 freebies: Here's what you can get for free starting Thanksgiving,2,twitter
Black Friday darker for some retail stocks than others,2,twitter
"Black Friday frenzy: Tiffany buys LVMH, Charles Schwab buys TD Ameritrade, Novartis buys Medicines Company #Stock… https://t.co/u7uinpXD7Q",2,twitter
Black Friday shopping guide — What not to buy https://t.co/FJ44nxVptR by @DanielHowley https://t.co/6RFC545xln,2,twitter
Black Friday Yen Seasonality Could Trigger Larger Breakout. Read more and sign up for updates:… https://t.co/2hwcLByGRg,2,twitter
Blockbuster comes back to life with NYC pop-up shop,2,twitter
Bloomberg BusinessWeek - Week Of 12/13/19,2,twitter
'Bloomberg Daybreak: Americas' Full Show (12/17/2019),2,twitter
'Bloomberg Daybreak: Australia' Full Show (12/16/2019),2,twitter
"Bloomberg Daybreak: Feb. 6, 2020 - Hour 1 (Radio)",2,twitter
"Bloomberg Daybreak: Feb. 6, 2020 - Hour 2 (Radio)",2,twitter
"Bloomberg Daybreak: Feb. 7, 2020 - Hour 1 (Radio)",2,twitter
"Bloomberg Daybreak: Feb. 7, 2020 - Hour 2 (Radio)",2,twitter
'Bloomberg The Open' Full Show (12/17/2019),2,twitter
"Bloomberg Westminster: ""Time to Be Honest"" With The Public",2,twitter
"Bloomberg Westminster: HS2, Full Speed Ahead?",2,twitter
"Blue collar boom? College grads, baby boomers big winners in Trump's economy",2,twitter
BMO’s Belski ‘Humbled’ After Nailing Forecast for Canada Stocks,2,twitter
Bombay High Court Grants Bail To Peter Mukerjea In Sheena Bora Murder Case,2,twitter
Boris' Brexit Pledge Is Gift For 2020 Markets: Ashworth (Radio),2,twitter
Bottled Water Flies Off the Shelves in Rio as Taps Run Dry,2,twitter
Bought something from Target online for first time ever...made sure to opt out of all emails...and one day later I… https://t.co/hlmkjpEdFw,2,twitter
BQuick On Feb. 6: Top 10 Stories In Under 10 Minutes,2,twitter
BQuick On Feb. 7: Top 10 Stories In Under 10 Minutes,2,twitter
BQuick On Nov. 25: Top 10 Stories In Under 10 Minutes,2,twitter
Branches still pay off for Canada’s banks even in the app era https://t.co/JFjJPojyBT,2,twitter
Brand Deaths of the 2010s,2,twitter
Brazil’s President Jair Bolsonaro described activist Greta Thunberg as a “brat” in his latest attack on celebrity e… https://t.co/AkdVj0WHuX,2,twitter
BREAKING: The coronavirus is now deadlier than SARS. The death toll has risen to more than 800 in about two months. https://t.co/AVbmxtvX9M,2,twitter
Breakingviews - Fashion’s climate Frankenstein has no off-switch - Reuters,2,twitter
Brexit begins tonight over 3½ years since the U.K. initially voted to leave the EU. So what happens next?... https://t.co/2RTvIOimkG,2,twitter
Brexit Bulletin: The Cliff Edge is Back,2,twitter
Bright side... Maher and Garrett can share an Uber when they aren’t allowed back on the team bus,2,twitter
Britain's bad-tempered 47-year marriage to the European Union is about to end. Now Boris Johnson must take ownershi... https://t.co/4QJH28xKug,2,twitter
British Open canceled for first time since WWII due to coronavirus https://t.co/Q9rX2BQUWE,2,twitter
Brussels Edition: Truce Offerings to Trump,2,twitter
"Brussels restaurant 65 Degres has become the city’s best-rated eatery, largely thanks to rave reviews of its staff,… https://t.co/g8BjAQANfD",2,twitter
Buchanan Health Center Opens New The Villages Location!  https://t.co/OVNOOXBH8D,2,twitter
Buddhist monks at this Bangkok temple are using plastic bottles to make their robes https://t.co/79hjpva8pL,2,twitter
Buffered annuities provide partial protection against market downturns. But they also take away some of the upside.… https://t.co/MKLg9fZT0M,2,twitter
"Building more secure passwords, based on updated IRS guidance",2,twitter
Businessweek Extra - Sustainability Through Sports (Podcast),2,twitter
But I did nothing wrong. Read the Transcripts (2)!,2,twitter
"Buyers Want Cleaner, Lighter Cars That Also Make Them Feel Good",2,twitter
Byron Wien: Coronavirus causes 'maximum level of uncertainty' but won't trigger recession https://t.co/HzOJ2Nca7p,2,twitter
CAB: Why Assam Is The Epicentre Of Protests Against New Citizenship  Law,2,twitter
Call an Uber and get a taxi? Don't panic https://t.co/cs25pgzO2A,2,twitter
Campus under siege as Hong Kong police battle protesters,2,twitter
Can Alternative Investing Combat Market Blues?,2,twitter
Can employers make female employees wear a bra? Ask HR,2,twitter
Can LVMH give Tiffany's diamonds back their old luster? https://t.co/K0Dg86WkbK via @bopinion,2,twitter
Can Presidents Abuse Power? Senators Punt to Voters,2,twitter
Can The Crypto Market Spur A Santa Claus Rally Following December Shivers?,2,twitter
"-Can the Fed fight inequality? Kashkari says yes, hires an ally
-China to raise penalties on IP theft in a trade wa… https://t.co/kCzgNSmoi2",2,twitter
Can the Federal Reserve fight inequality? https://t.co/u9bX2wiIKi,2,twitter
Can the Federal Reserve fight inequality? https://t.co/XWr7VaHsaC,2,twitter
Can the gains continue when the S&P 500 returned 33% in 2019 and 256% for the decade? https://t.co/T5JK9oUdp4,2,twitter
Can The U.K. General Election End Brexit Uncertainty?. Follow this and any other stock on Seeking Alpha!… https://t.co/eKBct0Rdjv,2,twitter
Can You Take Out Multiple Personal Loans at the Same Time?,2,twitter
Canada racks up 400-tonne cannabis pile after production binge https://t.co/aTv2eua2Vs,2,twitter
Canada's use of Huawei 5G would hamper its access to U.S. intelligence: U.S. official https://t.co/kp1APtEXNl https://t.co/Ey5XsaQ1l6,2,twitter
Canadian official's email saying 737 MAX software must go reflects 'working-level' view - regulator #economy… https://t.co/YsadNU9YM7,2,twitter
Cancer sends many patients into bankruptcy. Advisors are stepping up to stop that. https://t.co/6qiTVR70s2,2,twitter
Cannabis Countdown: Top 10 Marijuana Industry News Stories Of The Week,2,twitter
Cannabis Retail Opportunities Abound,2,twitter
Canopy Growth Needs You to Call the Cops,2,twitter
"Capitalism didn't emerge ""two and a half centuries"" ago.  Capitalism has been at work since the moment one human be… https://t.co/4KLEKTK8Bx",2,twitter
Cardano’s Shelley testnet shows a lot of promise,2,twitter
"Casey's General's prepared food business facing traffic jam of competition     
(CASY) https://t.co/C6QrEvKPBD $CASY",2,twitter
"Cashless kiosks are leaving out many of those unbanked.

For McDonalds, cashless self-order kiosks are leaving out… https://t.co/eD0Y4vG25W",2,twitter
Catch the next round of insight from @JimCramer exclusively on https://t.co/ymr9RTcXfD,2,twitter
Caterpillar: 3 lessons from an iconic brand about digital competition https://t.co/asZKxgDksp,2,twitter
Cautious Optimism For Markets on Trade (Radio),2,twitter
"CBI Detected 894 Shell Companies In Four Years, Government Says",2,twitter
CDC expert: 'Antibiotic resistance is worse than we previously thought',2,twitter
CDC quarantines Wuhan passengers in California under federal order https://t.co/1iJlfzE9pv,2,twitter
CDC SAYS REPATRIATED AMERICANS ARE UNDER FEDERAL QUARANTINE,2,twitter
"Celebrity lawyer Michael Avenatti says evidence of his spending, as well of a $5 million debt, is irrelevant to the… https://t.co/9f5go0fwTx",2,twitter
Centennial was designed as an anti-wildfire fortress. But ecologists say the project is more like “hubris” in the f… https://t.co/1ajkk8CvM6,2,twitter
"Charlot Magayi’s Mukuru Clean Stoves helps #SDG1 #SDG3 #SDG8. It recycles waste metal to produce improved, reliable… https://t.co/xZYluxCRLu",2,twitter
"Chess: did the international master trap, or was he trapped? https://t.co/S3LS7lEtHF",2,twitter
"Children will experience more health problems like diarrhea than their parents as a result of global warming, accor… https://t.co/31Bv8tIyNw",2,twitter
"China basically has 3 ways it can retaliate against the U.S. in the trade war. One, called the ""nuclear option,"" in… https://t.co/L4ONu1nEdA",2,twitter
"China Cuts Tariffs, Lagarde’s Concern, U.S. Jobs: Eco Day",2,twitter
"China is the enemy' on trade, not Trump' — Cramer blasts media over love of Chinese leader Xi https://t.co/rqfJD8OfBC",2,twitter
China Lashes Out at Countries Restricting Travel Over Virus,2,twitter
"China mulls waiving ethanol tariffs, re-routing Hong Kong trade - Bloomberg",2,twitter
China reaffirms anti-cryptocurrency stance,2,twitter
China Recycling completes warrant exchange offer,2,twitter
China said it will raise penalties on violations of intellectual property rights as it attempts to address one of t… https://t.co/bgYJDGMJL1,2,twitter
China Sends New Officials to Take Charge of Hubei Outbreak,2,twitter
"China sets tougher guidelines to protect patents, copyrights https://t.co/mBhjMayYGs https://t.co/Svw37wn3UI",2,twitter
"China theft crackdown, Fed inequality, negative rates: Eco Day https://t.co/hA5nAO4J75",2,twitter
China Travel Bans Leave Thousands Stranded Around the World,2,twitter
China Will Use Millions Of Zimbabwe Citizens To Improve Facial Recognition Accuracy https://t.co/UGq7cayCAa,2,twitter
"China won't have to sacrifice economic growth or prosperity to go carbon neutral in the next few decades, according… https://t.co/NG2e78f7Ey",2,twitter
"China won't have to sacrifice economic growth or prosperity to go carbon neutral in the next few decades, according… https://t.co/Nq9sSVHtgq",2,twitter
China’s Coronavirus Death Toll Rises to at Least 563,2,twitter
"China’s schoolchildren are now the smartest in the world, according to an OECD study https://t.co/YhulcVcLVz (Video… https://t.co/1eLd5sDS8J",2,twitter
China's effort to fill a protein gap created by the spread of African swine fever is rippling through Brazil's mass… https://t.co/nygkOZUdWz,2,twitter
Chinese defy Hong Kong's protest gloom in hunt for bargain stocks #HANGSENG #Stock #MarketScreener… https://t.co/2KKUO5sqaf,2,twitter
Chinese diplomats who drove onto military base kicked out of US: report,2,twitter
Chinese facial recognition companies have taken the lead in serving an international market populated by authoritar… https://t.co/Cwpoumg4Tj,2,twitter
Chinese state media stepped up criticism of the U.S. and accused it of meddling in China’s domestic affairs https://t.co/Cku7hCRv2j,2,twitter
Chinese state media stepped up criticism of the U.S. and accused it of meddling in its domestic affairs https://t.co/GWysmHlLz0,2,twitter
Chris Davis' 3rd-Quarter Buys,2,twitter
"Cities around the world are banning or restricting electric scooters after deadly accidents, littering problems and… https://t.co/HXsq2qGf85",2,twitter
Citizen Journalist Covering Virus Outbreak From Wuhan Goes Missing,2,twitter
Citizens are angry and governments are struggling to respond https://t.co/tXlQNOXrpx,2,twitter
"Citizenship Act: Curfew Relaxed In Guwahati, Parts Of Dibrugarh District",2,twitter
Climate activist @GretaThunberg called out business and political leaders at #COP25 for using “clever accounting an… https://t.co/VJWuC2EOD4,2,twitter
Climate Change Is Coming for Your Oreos,2,twitter
Climate change protesters disrupt D.C. rush-hour traffic https://t.co/eOOYVehEGw,2,twitter
"Climate Change, Farm Crisis, Unemployment: 2019 In Five Charts",2,twitter
Climate Fight Takes a Step Back With No Deal on Carbon Markets,2,twitter
Clint Eastwood’s ‘Richard Jewell’ Opens to Below-Average Debut,2,twitter
Cloudia lance la dernière génération de solution Procure-to-Pay au Moyen-Orient et en Afrique,2,twitter
CNN's @ChristineRomans has the day's top business headlines before the Opening Bell on Wall Street… https://t.co/SjOwYZVf8A,2,twitter
"Cocaine trafficking has been big business for at least a decade, and suspicions abound about the origin of some of… https://t.co/U2RhQGPa4J",2,twitter
"Coffee drinkers have to stop double cupping their Dunkin’ — yes, even in New England https://t.co/QaLBplZm7I",2,twitter
Colombia Faces More Protests as Police Tactics Enrage Marchers,2,twitter
Colombia suffered more unrest as anti-government protesters returned to the streets https://t.co/DfUFGKxVTU,2,twitter
Comeback Year Gets Even Better for Tiger Woods,2,twitter
Coming to airports this Thanksgiving: Catering worker protests https://t.co/dDXPr1mNXx,2,twitter
Commentary: The F-35 has already freaked out Iran and changed everything in the Middle East. https://t.co/kYCBePhSM3,2,twitter
Committee Of Secretaries On Telecom Relief Package Said To Have Disbanded,2,twitter
Commodity Shippers Face ‘Crisis in Demand’ on Virus Outbreak,2,twitter
Company logos vanish from Prince Andrew's website as sex scandal grows,2,twitter
Competition is about to shrink in the online-ticket marketplace https://t.co/ifHAX5gxOU,2,twitter
"'Confidential' ETFs could change the face of active management, industry leaders say https://t.co/UmFNXtBeB4",2,twitter
"Congratulations @PACEUniversity, the 2019 National #CollegeFedChallenge champions! Way to represent the… https://t.co/IqaHvQO6NC",2,twitter
Congratulations to the college students who competed in the 2019 National Fed Challenge Finals:… https://t.co/S6T3FuCNP3,2,twitter
Consider your Christmas list complete:  https://t.co/vmELlHWaZa,2,twitter
"Considering a 5% cash-back credit card? @CNBCselect breaks down how to maximize your rewards, and three of the most… https://t.co/SfnPSkU14Q",2,twitter
"Considering selling your house to an iBuyer? You may earn 11% less than selling your house on the open market.

https://t.co/OBLJyDD8sV",2,twitter
Consolidation in gold industry resumes as Kirkland Lake approaches Detour https://t.co/JVTtsLTxHc,2,twitter
"Coronavirus case tally: 31,420 cases, 638 deaths",2,twitter
Coronavirus cases inch up in U.S. but still very light,2,twitter
"Coronavirus cases worldwide are ‘going up very steeply,’ says NIH Director Francis Collins",2,twitter
Coronavirus is 'not an excuse'-real estate CEO says those who can should pay their rent https://t.co/Ovk8uTCcmk,2,twitter
"Coronavirus update: 213 dead, more countries recommending against China travel https://t.co/RtrA43JXJg",2,twitter
"Coronavirus update: 213 people have died, countries recommend against travel, and pilots sue over continued flights https://t.co/l9irvW2RQz",2,twitter
Corporate Affairs  Ministry Moves NCLT To Reopen CG Power Books For FY15-19,2,twitter
Corporate Affairs Ministry Reviews IL&FS Resolution Progress,2,twitter
Corporate events to watch,2,twitter
Correction to Story on Stock Market Activity on Friday #index #MarketScreener https://t.co/vguUSN9j0g https://t.co/niOhx6bSDO,2,twitter
Correction to Warning Signs for Companies Article -- Journal Report #economy #MarketScreener https://t.co/L8L5wiQgFg https://t.co/GwSqsePuC1,2,twitter
Corrugated Packaging Industry Procurement Intelligence Report | Increase in Raw Materials Prices Will Propel Suppliers’ OPEX | SpendEdge,2,twitter
Cost Plus World Market® Kicks off Black Friday Weekend With Free Giveaways and Special In-Store and Online Savings,2,twitter
Cott lands The Water Guy,2,twitter
"Could seaweed farming help fight climate change?

These 2 friends quit their jobs in New York to create the first s… https://t.co/dHjinUsJ0M",2,twitter
Country music legends weigh in on Tesla’s Cybertruck — ‘pretty doggone cool’ https://t.co/Z1iuLa4MQk,2,twitter
Cramer's week ahead: A short week on Wall Street stuffed with earnings reports https://t.co/z6wMOCF9PB,2,twitter
Crisis Is Rocking Latin America. Peru Is an Island of Uneasy Calm.,2,twitter
Crossword Cybersecurity : Publication of Circular #CrosswordCybersecurity #Stock #MarketScreener… https://t.co/asZh4N96x1,2,twitter
Cruise Ship Passengers in New Jersey Screened for Coronavirus,2,twitter
Cya Jason Garrett,2,twitter
Daily Insider Ratings Round Up 11/21/19. Get more updates here: https://t.co/oGJksU1Qa7 #business #stockmarket #trading,2,twitter
Damn,2,twitter
Daniel Levy: the Tottenham chairman taking a gamble on José Mourinho https://t.co/evqWzwDgdO,2,twitter
Daniel Loeb's Top 5 Buys in the 3rd Quarter,2,twitter
Das Does a Draghi With India Adopting Unconventional Tools,2,twitter
Deadly gas explosion in Slovakia kills at least five https://t.co/8E8Vbxqqdo,2,twitter
Deal for background checks Co  https://t.co/Nyr1OXtrIk,2,twitter
"'Dean of Valuation' says Saudis got the Aramco valuation right, but he's still not buying",2,twitter
"Dear $LK Management:

I've taken the liberty of prepping your response to today's Muddy Waters report from our ""res... https://t.co/5UsOvZwJL3",2,twitter
"Dear Moneyist,
I don't want to be a money grab. My friend with lung disease wants to marry me so I receive his gene… https://t.co/2gNT8h06yG",2,twitter
Dear Saudis: An Open Answer To Questions About Aramco Investing,2,twitter
Defence Expo: Defence Equipment Makers See This As Another Opportunity In India,2,twitter
Dem-Controlled School District Adopts SJW-Backed Busing Plan Despite Widespread Opposition https://t.co/HAt4uOjLlr,2,twitter
Denmark Rules Out Link Between Greenland Independence and Trump,2,twitter
Depriving western Balkan countries of a clear chance to join the EU risks speeding up the already alarming pace of… https://t.co/lvgX8IfVaF,2,twitter
Designers Focus on Eco-Conscious Fashion,2,twitter
"Despite its strong ties to geopolitical events, gold is still driven by supply and demand.  https://t.co/d5nKtsma4S",2,twitter
Did Schiff Turn Trump Into Billionaire Martyr With Ill-Advised Impeachment Gambit? https://t.co/HD72Ts68Zv,2,twitter
Did the Great Recession fundamentally change the housing market? https://t.co/6aFPhNCZo1,2,twitter
"Did you know Black Friday starts today?

Probably OK to delete every email today site-unseen https://t.co/4FQDCI44Uj",2,twitter
"Did you know on the Canary Islands there’s not one canary? And on the Virgin Islands? Same thing, not one canary there either.",2,twitter
Did you know that remittances are more than three times the size of all development aid? Learn more about these “do… https://t.co/2Z0rVtSM7j,2,twitter
Did you know? The world's most-watched YouTube channel is T-Series from India https://t.co/cMlEjCo65u,2,twitter
"Did you miss our discussion yesterday on inequality?
Catch up here â†’ https://t.co/yKW2LqI6fo https://t.co/U1uuHh9afs",2,twitter
"Directing Savings To Specific Investments Is Old-Fashioned, Says Finance Minister",2,twitter
Disappointed by the size of your Social Security check? You're not alone. https://t.co/2YCIogY5Yp https://t.co/4nQ8z0ABjk,2,twitter
Dispute between Sears and Eddie Lampert's hedge fund could jeopardize bid to save retailer,2,twitter
Divergence In Sector Returns. https://t.co/XQ9Rj3MU2k #investing #economy #business,2,twitter
"Divestment Will Lead To Loss Of Jobs, Says Concor  Employees Union",2,twitter
Dividend Challenger Highlights: Week Of November 24. Read more and get updates on any stock!… https://t.co/lWJleEYJjb,2,twitter
Dividend Champion And Contender Highlights: Week Of November 24. Read more and get updates on any stock!… https://t.co/BAXK4PiX8p,2,twitter
"Do you buy the ""Mad Max"" design? https://t.co/eVpejpmG0v",2,twitter
"Do you smell what Bezos is cooking? Amazon could buy the WWE, analyst predicts",2,twitter
Do you think someone actually paid 120K for a banana taped to a wall?,2,twitter
Does this 'disgruntled boomer' really have to leave an inheritance? Here's what The Moneyist thinks. https://t.co/HTJeraUaDu,2,twitter
Does Your Goal Setting Have 2020 Vision?,2,twitter
"Does Your Retirement Portfolio Hold These 3 Mutual Fund Misfires? - February 06, 2020",2,twitter
"Does Your Retirement Portfolio Hold These 3 Mutual Fund Misfires? - February 07, 2020",2,twitter
Dog People Rejoice: Owning A Pup Is Good For Your Cardiovascular Health : Shots - Health News : NPR https://t.co/bwLgy4R8QZ,2,twitter
"Don’t eat romaine grown in Salinas, California, U.S. health officials say (via AP) https://t.co/uyM2QxYv30",2,twitter
Don't Ignore The Fixed Income Side Of Your Portfolio. Continue reading: https://t.co/IcP7z9gNX9 #investing #finance #stocks,2,twitter
Don't let your family eat themselves sick this Thanksgiving. https://t.co/Er4hoiYsgn,2,twitter
"Don't try to break your habits, 'The Power of Habit author Charles Duhigg says. Change them.... https://t.co/W0UYPfO24S",2,twitter
Doubt about a Nobel prize winner’s valuation ratio: Morning Brief,2,twitter
Dragonfly Capital - 4 Trade Ideas for Facebook: Bonus Idea https://t.co/rYScZENlSy $FB https://t.co/ubVamfc4BO,2,twitter
"Dragonfly Capital Premium is open to all. An Open House! Earnings trade, short term scans, Macro Review and Sunday… https://t.co/L04c3VJTN7",2,twitter
Drug Legislation Likely to Dry Up Biotech Funding,2,twitter
Ducrozet: Lagarde Has Marginally More Hawkish Tone Than Draghi,2,twitter
Ducrozet: Lagarde Marginally More Hawkish Than Draghi,2,twitter
"During @NasdaqCorpGov #NasdaqGovForum, Stephen Page shared insights about #cybersecurity and #CorpGov trends impact… https://t.co/0i9ob88FpU",2,twitter
Eagles going to be running 4 TE sets lol,2,twitter
"Early Bird Weekend Report: Gold, Silver, And E-Mini S&P. Sign up for updates on Seeking Alpha!… https://t.co/BlKBfxruVK",2,twitter
"Earning $40,000 a year in Omaha used to be enough to make rent comfortably. Not anymore. https://t.co/5CPNzcaT2y",2,twitter
Economic data controversies in Sweden and Denmark renew debate on statistics https://t.co/RrISenUoBk,2,twitter
Economic Recovery Narrative Doomed: Fathom's China Momentum Indicator Signals More Downside Ahead https://t.co/DStBmTZsCR,2,twitter
Economic wellbeing masks UK’s unravelling social fabric https://t.co/CN3MHq477p,2,twitter
Economics isn’t just about cold hard numbers: Gillian Tett argues why a more humanistic approach is long overdue https://t.co/BVFNpg3rYO,2,twitter
Edle Hingucker im Badezimmer:,2,twitter
"Einhorn Escalates Musk Twitter War: Demands To Know If ""Accounts Receivable Even Exist"" https://t.co/2GHEiragwx",2,twitter
EL GRUPO IBERCHEM CIERRA EL AÑO CON LA COMPRA DE DOS COMPAÑÍAS DE AROMAS Y UN CRECIMIENTO DEL 19%,2,twitter
Elders : Ceasing to be a substantial holder from MQG #Elders #Stock #MarketScreener https://t.co/BhNTyQlNmj https://t.co/MPjUMFeaI9,2,twitter
Electronic Manufacturing Services Industry Procurement Intelligence Report | Evolving Opportunities with Jabil Inc and Flex Ltd in the Electronic Manufacturing Services Industry | SpendEdge,2,twitter
Elon Musk said it best: “Oh my f. . .g God.” https://t.co/2v3ihfGrKK,2,twitter
"Employees of ATSG Companies Raise Over $380,000 for Charity",2,twitter
EnerBank Scholarship Helps Build the HVAC Future with Qualified Workers,2,twitter
Engineers at @MIT have created a new way to remove carbon dioxide from the air https://t.co/4rzZqzTvEm,2,twitter
ESG Strategies May Help Investors Beat Market Returns,2,twitter
"Euronext, SIX battle for Spain's bourse",2,twitter
Europe’s Climate Moonshot Runs Into Instant Trouble Over Costs,2,twitter
Europe’s wealthiest man —LVMH chief Bernard Arnault — is spending more than $1 billion on a Paris department store… https://t.co/eQYy0mL1rI,2,twitter
European Energy A/S: Agreement signed for the sale of wind farm in Denmark with a capacity of 22.4 MW #Stock… https://t.co/AIBfzrx1n6,2,twitter
Europe's richest man is spending $1 billion on a department store in Paris https://t.co/xjoMyN7BqA,2,twitter
Even DIY Cocktails Can't Help Brexit Blues,2,twitter
"Ever wondered where MPs go to eat, drink and gossip in Westminster? https://t.co/VJUc1Qc3L8",2,twitter
"Everyone can get what they want, this columnist says. https://t.co/0W77nFTIJU",2,twitter
"Everything Jim Cramer said on 'Mad Money,' including trade war progress, Clorox and SoFi CEOs https://t.co/wd730WkJvd",2,twitter
Expansive Applications For Hemp Manufacturing,2,twitter
Expat Chinese Workers Scouring Foreign Pharmacies for Masks,2,twitter
Expect to spend some extra green on the perfect Christmas tree this year. https://t.co/2p4vUBMRXA https://t.co/tZIxIW4hWk,2,twitter
"Expert: ‘there are people at the top who are making a lot of money, but most people are going to work at jobs that are low-wage, low-hour’",2,twitter
Experts say identifying state media outlets can be incredibly difficult and resource intensive — and they are urgin… https://t.co/nAYGyupiqX,2,twitter
F5,2,twitter
"Facebook : She Argued Facebook Is a Monopoly. To Her Surprise, People Listened. #Facebook #Stock #MarketScreener… https://t.co/6T4Ev2TpEU",2,twitter
"Fans pay respects to K-pop star Goo Hara, who was found dead at her home on Sunday. She was 28 years old https://t.co/1LMnkvtPY0",2,twitter
Far Too Many Americans Are Making This Incredibly Risky Retirement Move,2,twitter
Farm Experts Pitch For Scrapping GST On Agri-Inputs In Budget Wish List,2,twitter
Fashion star Jane Shepherdson joins clothing rental start-up https://t.co/t0GZQaQybl,2,twitter
"'Fast Money Halftime Report' Traders Advise Viewers On Microsoft, Apple And More",2,twitter
FDA inspections of overseas pharmaceutical manufacturers declined 10% from 2016 to 2018 https://t.co/oVJiZUmgYT,2,twitter
"Fed decision, Lululemon earnings, inflation gauge: 3 things to watch for Wednesday https://t.co/QbjlIImrfD",2,twitter
FedEx CEO challenges NYT publisher to public debate after tax story,2,twitter
"FedEx slams NYT tax story, proposes debate",2,twitter
Feeble Harvey Weinstein appears in New York court for bail hearing https://t.co/TNZ5vb7C0X,2,twitter
"Felix Rohatyn, Banker Who Helped Rescue New York, Dies at 91",2,twitter
Few countries are as dependent on Chinese demand as Chile https://t.co/wMBtpYe73q,2,twitter
"Finance Minister Press Conference Live: Middle Class Shareholders Will Pay Tax On Dividends At Lower Rate, Says Sitharaman",2,twitter
First Coronavirus Case Reported In New York https://t.co/Cy1yurkH6a,2,twitter
Five things to know at the start of Asia's trading day https://t.co/gXasCOTvqE,2,twitter
Five Things You Need to Know to Start Your Day,2,twitter
Flood-hit Venice’s dwindling population faces mounting woes,2,twitter
Florida’s “adult arcades” are magnets for armed robberies. Jacksonville may have figured out a way to stop the mayh… https://t.co/rXIM5eDQpl,2,twitter
"Flush With Hot Funds in Bills, Pakistan Now Wants Sticky Money",2,twitter
Focus - Beyond Meat vs Zhenmeat: The battle for China's meatless market,2,twitter
Foot On The Gas. Sign up for updates on Seeking Alpha! https://t.co/uCBHO0pNbU #stocks #economy #finance,2,twitter
"For a few hours this week, the FT gained access to PolyU, the university where students in Hong Kong have been trap… https://t.co/IpIzUTCujW",2,twitter
"For department stores, it’s the most desperate time of the year https://t.co/dcR6jFvprC",2,twitter
"For skiers in search of empty slopes and epic views, this could be the ultimate holiday https://t.co/UniPs948Ai",2,twitter
"For some of us, it takes longer than others to become a great friend, a great husband, father, wife, mother, uncond… https://t.co/Sii5uMLtdf",2,twitter
"For the first time since Zelenskiy took power this year, more Ukrainians say the country is headed in the wrong dir… https://t.co/C0FVUH3crh",2,twitter
For those of you wanting to get out of the cold I’ll be doing a signature class in Fort Lauderdale January 6-8. It… https://t.co/oJvh7S7sPH,2,twitter
"For Wall Street, Russia Has Become ‘Bulletproof’",2,twitter
Ford scrapped years of work on other designs before taking on an icon with the Mustang Mach-E https://t.co/vXZ55WwIJi,2,twitter
Former RBI Chief Subbarao Cautions Against ‘Fiscal Profligacy’,2,twitter
Former Trump campaign deputy chairman Gates gets 45-day prison sentence,2,twitter
Four Things to Know Monday: ▶ Pro-democracy candidates sweep H.K. election ▶ China to raise penalties on IP theft… https://t.co/CxUe4IfkRh,2,twitter
France reported a continued leveling-off of cases on Monday https://t.co/wi3WmBdSoi,2,twitter
France's Top Female CEO Becomes a Stranded Asset,2,twitter
FREE mini Masterclass in Trading https://t.co/I2vS5F2lR2,2,twitter
FreightWaves Oil Report: So Where Is The Impact From IMO 2020?,2,twitter
French New Wave Cinema Icon Anna Karina Dies at 79,2,twitter
French Support for Strike Still High With Holiday Plans at Stake,2,twitter
Freshfields partners to vote on introducing bad behaviour fines https://t.co/UNk8HuT0xZ,2,twitter
'Friends' reunion special in the cards,2,twitter
"From a Ratatouille ride in the France pavillion to a “Mary Poppins” attraction in the U.K. pavillion, here’s how Ep… https://t.co/fkXRSOaFZE",2,twitter
From black swan to bubble: investors weigh coronavirus risks,2,twitter
"From cranberries in the early 1900s to turkeys in the 1950s, the foods that grace our holiday tables have held a sp… https://t.co/Z6LZYdhCM9",2,twitter
"From guns to tobacco to health care, here are the industries a President Mike Bloomberg would affect. https://t.co/zNGufrY83P",2,twitter
"From Starbucks to Seattle, companies and cities alike are banning plastic straws. Are takeout containers next?… https://t.co/Ew4Fsl6K0m",2,twitter
"From tech to brisket, a personal passion becomes one of the best BBQ restaurants in Colorado @Brixmor works with e… https://t.co/alI2dm5TU8",2,twitter
"FT Crossword: Number 16,333 https://t.co/oayf5zv6Tx",2,twitter
"FT editor David Gardner reviews the book 'The Killing in the Consulate’, about the death of Saudi journalist Jamal… https://t.co/w9vCWQBAr9",2,twitter
FT North American Innovative Lawyers Awards 2019 — winners announced https://t.co/e9jlQS73PS,2,twitter
GAAP vs non-GAAP https://t.co/MMXLLXMNzn,2,twitter
Gang Up on Pete Buttigieg? Maybe Not,2,twitter
"Gartman: ""the “internals” of the past one or two weeks are not, in our opinion, indicative of a market that should… https://t.co/ALpCYJee4M",2,twitter
Gas explosion in apartment building in Slovakia has killed at least 5 people Friday. https://t.co/HDDvoPybZ0 https://t.co/Q4OMkXB5JD,2,twitter
Gen Z explains the number 1 thing they're saving for: https://t.co/WDdTPJgzXB,2,twitter
"Geopolitics, FOMC Meeting Minutes and Canadian Inflation in Focus",2,twitter
German Federal President Steinmeier today awarded former ECB President Mario Draghi the Order of Merit of the Feder... https://t.co/AT5RPcUOED,2,twitter
"Germany Announces ""Limitless"" Aid Program For Small Business: SBA Are You Listening?  https://t.co/VnhWTOsNUo",2,twitter
Germany Shaken by an Extremist Surprise,2,twitter
"Get LIVE #market #analysis, exclusive #investingideas, #earnings coverage and more. Take a #FreeTrial of Briefing I… https://t.co/wwze4v8e0y",2,twitter
Getting a new credit card to shop Black Friday? You might want to think twice,2,twitter
"Gideon Rachman: Rather than making life simpler for Germany, Brexit is making it more complicated
https://t.co/JRo1ZlETzZ",2,twitter
"Given 6 months to live, woman gets a chance at life, love and a new baby thanks to Liver Tumor Program - UChicago M… https://t.co/6yDyKgykUT",2,twitter
Glynn’s Take: RBA’s Faith Set to Be Disappointed https://t.co/xfEog5pdLl,2,twitter
"Godfrey Gao, actor and model, 1984-2019 https://t.co/98EpQrcoUe",2,twitter
"Going cashless may be convenient for some people, but for others, it makes businesses inaccessible.… https://t.co/HvFfdRDt7f",2,twitter
"GOING EXTINCT: The last Sumatran rhinoceros in Malaysia has died, leaving their worldwide population at about 80 https://t.co/oqPF8uPUN9",2,twitter
Golf legend @jacknicklaus’s original 18-karat gold Rolex will be auctioned off today at Manhattan’s Phillip Auction… https://t.co/32uoCyWt9K,2,twitter
Gonna be a bad look when the anchors are all wearing surgical masks,2,twitter
"Good for him but these ""market makers"" have no affirmative responsibility to make markets in times of stress.  In o… https://t.co/wlodqTeOl1",2,twitter
Good luck with the stock market in 2020: Morning Brief,2,twitter
Good news/bad news: Economic data agrees with the Fed https://t.co/03ddTIVthD,2,twitter
"Good news/bad news: Fed's happy, retail isn't",2,twitter
Got a Raise for 2020? 5 Key Moves to Make,2,twitter
Government Contracts and the Trade War: QuickTake (Audio),2,twitter
"Governments can do 3 things to prepare for the next pandemic, former White House advisor says https://t.co/NC2WL44PO1",2,twitter
"Graphic video showed a vehicle drive into a crowd of Chilean protesters, where at least 5 were injured https://t.co/HLh8wnGBOk",2,twitter
Great Grandmother’s Will,2,twitter
Greatest trade part deux? Icahn shorts mall debt,2,twitter
Green light for world's largest casino company,2,twitter
"Greenhouse gases hit another record high in 2018, UN agency says https://t.co/kgqyXvCUfJ",2,twitter
Greenwashing Concerns Soar as Companies Vow to Clean Emissions,2,twitter
Guatemala imposes travel restrictions to stop entry of coronavirus #economy #MarketScreener https://t.co/LyI3ggH3Ei https://t.co/hBWATuxOx1,2,twitter
Gulf Arabs Take Fitful Steps to End Qatar Rift as Iran Looms,2,twitter
"Gun Control Groups Hide Behind Bogus ""Police"" Think-Tank To Disarm Americans https://t.co/7V03o1wm9I",2,twitter
"Gundlach Live Webcast: ""A Rolling Loan Gathers No Loss"" https://t.co/6jWRdCPL8U",2,twitter
Gwyneth Paltrow Won't Get Pushed Around by Venture Capitalists,2,twitter
Half of Americans Are Setting Themselves Up for Holiday Overspending,2,twitter
"Happy Friday guys! 
It's been a long week and we all need a laugh. 
Seen any good #investing and #finance memes lat… https://t.co/TrIw52Amu7",2,twitter
Harvard Leads U.S. Colleges That Received $1 Billion From China,2,twitter
Has the Job Market Cooled Off?,2,twitter
Hate Paying Income Taxes? These 9 States Don't Have Them,2,twitter
Have a few credit cards and interested in opening another? Here's how many cards you should have. https://t.co/wlwUPY6Y6U,2,twitter
"Have you ever had a haircut so bad, you were inspired to create an entirely new tech program to ensure your next cu… https://t.co/5whAL6mlak",2,twitter
"Have you ever had a job candidate disappear on you? Ghosting is becoming more common in the workplace, here's why i… https://t.co/ZWDQjviI63",2,twitter
"Having spent years in the real estate industry, this investor has some advice for first-time homebuyers: Spend plen… https://t.co/Vou2z6v91Z",2,twitter
Having Trouble Saving for Retirement? Do These 4 Things Now,2,twitter
"He burst onto the scene, a young man in a hurry, with an eye for art and a nose for a deal. Then he vanished https://t.co/v1D1OhExLY",2,twitter
"He walks up the ball confidently, sizing up the giant, thinking about how he is going to slay him. Behind the back,… https://t.co/U1odMnBfIw",2,twitter
"Heading to Tokyo this week? Explore our city guide, including a royal 5k run, to-die-for tempura and readers' tips… https://t.co/eLapFuHIih",2,twitter
Health Care Up As Higher Risk Appetite Buoys Biotechs - Health Care Roundup #economy #MarketScreener… https://t.co/QN6mBOZImy,2,twitter
Healthy diets are out of reach for millions of people. #Nutrition-smart agriculture makes healthy foods more afford… https://t.co/5XYqMQPNWr,2,twitter
Hear it: Elon Musk drops surprise song dubbed 'Don't Doubt ur Vibe' https://t.co/Epep80TEjm,2,twitter
Helen Bonham Carter digs into her heritage in My Grandparents’ War on Channel 4 https://t.co/ptLC0UJDYB,2,twitter
Here are 12 key things to know about the Federal Reserve System https://t.co/WBi3N9kxbC https://t.co/Gp6RtNkyC4,2,twitter
Here are 5 charts that show the early effects of the #COVID-19 pandemic on economies. Read our latest #IMFBlog… https://t.co/LBAdFrt0Tm,2,twitter
Here are 5 tips for acing an interview when you're over 50. https://t.co/lGdBDQOm3k https://t.co/K8bqkCRSAg,2,twitter
Here are some of the business tax credits Congress could approve by year’s end https://t.co/u1I1EA143V,2,twitter
Here are the biggest stories from Bloomberg News today https://t.co/cDxh17g9ul,2,twitter
Here are the key takeaways from the second day of Bloomberg's New Economy Forum in Beijing https://t.co/5iqx5WcO7I #NewEconForum,2,twitter
Here comes the Dunkin 'power muffin' to help solve one key problem,2,twitter
"Here is a look at last year's Tree Lighting to give you an idea of what to expect from this year's Tree Lighting

A… https://t.co/rw20pqhvuB",2,twitter
Here’s how Charles Schwab and TD Ameritrade stack up amid reports of a blockbuster discount brokerage merger https://t.co/L45uxBCa2E,2,twitter
Here’s the real difference between women and men when it comes to stock-market investing https://t.co/JeRWWQcSes,2,twitter
Here's Alibaba founder Jack Ma's advice for job-hopping millennials https://t.co/uL8L0Gr3EL,2,twitter
"Here's how a 23-year-old making $172,000 a year in New York City spends his money. (via @CNBCMakeIt) https://t.co/jStuqNuVns",2,twitter
Here's how Kanye West went from $53 million in debt to making over $150 million in a year. (via @CNBCMakeIt) https://t.co/EjNyUYeTHW,2,twitter
"Here's How Much A 30-Year Mortgage On A $250,000 Home Really Costs",2,twitter
Here's How Much It Costs Parents to Have Adult Kids Living at Home,2,twitter
Here's how our reporter coped with the world's first 20-hour flight https://t.co/b5BaR3kHJs,2,twitter
Here's how U.S. doctors discovered the vaping illness that has killed 39 people so far. https://t.co/p3lWGGY71V,2,twitter
Here's Prince Andrew's full royal title. How long does it take for you to say it? https://t.co/xOSOGpr0XH,2,twitter
Here's the moment U.K. Labour Party leader Jeremy Corbyn said he would stay neutral in a referendum on any new deal… https://t.co/wIkKJBv8Qj,2,twitter
Here's the tax bill on the $226 million Mega Millions jackpot https://t.co/LpuUcORz2l,2,twitter
"Here's to the million-dollar car that should have cost $5,000 the underloved Porsche 914 is the next big thing https://t.co/96rH0hVOQQ",2,twitter
Here's what advisors can anticipate amid the $26 billion Charles Schwab-TD Ameritrade tie-up https://t.co/zo24qHWW5x,2,twitter
Here's what happened to the stock market on Friday https://t.co/GnGe1NOIh1,2,twitter
Here's what happened to the stock market on Tuesday https://t.co/9i3HlyWd2N,2,twitter
Here's what it's like to live on the 123rd floor of the world's tallest condo. https://t.co/MYWBJS72Co https://t.co/EokFpqFJQb,2,twitter
Here's what moved stocks into the close: https://t.co/WAaUPGAJUU,2,twitter
Here's why the rich hate the estate tax. https://t.co/MHXiInMmuU,2,twitter
Here's why this video showing hours and hours of male customers having sex with masseuses inside a South Florida ma… https://t.co/XOoTm1htdh,2,twitter
Here's Why You Need To Hedge Your Stock Investments - Nasdaq,2,twitter
"Here's why you should never lease a car, according to @suzeormanshow. https://t.co/wrAETk068o (via @CNBCMakeIt) https://t.co/aG4T2UOgmh",2,twitter
"Hey snowflake, don’t 'OK boomer’ me at work https://t.co/mcC4NL3dIP",2,twitter
"Hey Twitter! why shadow ban the truth??? 

https://t.co/wdsIpTJ0fB",2,twitter
"Hey, good news America: Investors are bailing on stocks",2,twitter
"Hibbett Sports looks quite sporty today, strongest comp in six years           
https://t.co/DBjVvEF4iV $HIBB",2,twitter
High home prices and stronger demand have millennials pouring into smaller cities. These are the top 10 housing mar… https://t.co/iXCDQZfcb3,2,twitter
"Highlight: ""As cannabis goes mainstream, it's become Black Friday for cannabis and cannabis sales,"" @eaze CEO… https://t.co/msf2k9JBAS",2,twitter
"Highlight: ""Furniture has gotten smarter because it needs to work double time,"" Queer Eye's @BobbyBerk says. ""There… https://t.co/tfss68CSRq",2,twitter
"Highlight: ""It's been 22 years since we saw the Land Rover Defender,"" @melodyhahm says. ""It was iconic back in its… https://t.co/4n2nYyB0cW",2,twitter
"Highlight: ""It's definitely one of the most detailed plans we've seen so far [from] 2020 candidates,""… https://t.co/itJAwvMS1K",2,twitter
"Highlight: ""Uber's vowed to appeal this decision,"" @tom_belger says after $UBER loses its London license over safet… https://t.co/1zo83OP3Ae",2,twitter
"Highlight: ""We have a global economy that's coming into... an aging population— these new technologies are coming d… https://t.co/1f0Oxss0eD",2,twitter
"Highlight: @adrianambells explains eminent domain: The government, ""if they have just cause, can seize your private… https://t.co/p5mkoRIYQV",2,twitter
Highlight: @bcheungz breaks down the basics of cash flow on this week's Yahoo U: https://t.co/QjJu1akJ1y,2,twitter
Highlight: @danielhowley on iPhone tracking concerns: “The whole controversy really is that Apple has made a lot of… https://t.co/emyBEiWVfx,2,twitter
Highlight: @EdwardsLifesci CEO Mike Mussallem and @justcapital_ CEO Martin Whittaker on stakeholder capitalism: https://t.co/IXNacCuYAl,2,twitter
"Highlight: @heidi_chung on Uber’s safety report: ""Uber did come out and disclose these actual figures publicly… but… https://t.co/KJUEs3vDoA",2,twitter
Highlight: @LinkedInEcon Chief Economist Guy Berger and @KPMG Chief Economist Constance Hunter break down the jobs… https://t.co/vJ3Xoj9YFb,2,twitter
Highlight: @RealSportsHBO Correspondent David Scott talks about the 2011 Fukushima nuclear disaster and the 2020 Ol... https://t.co/eArXb24orH,2,twitter
"Highlight: @scottgamm at the NYSE: “The Dow is up 100 points, but we’re still below that 28,000 mark that we first… https://t.co/IRpiSlFj9U",2,twitter
"Highlight: @spyjared on oil: “Kicking off the week with a little bit of volatility, it’s up about 1/3 of a percent… https://t.co/Ss2ACa4IU9",2,twitter
"Highlight: @tom_belger on London banning Uber: ""Uber's vowing already to appeal this decision to cut it out of one… https://t.co/JpJQqGwBhX",2,twitter
Highlight: @WellsFargo Acting Chief Economist Jay Bryson on how recessions happen: “One is when something big in th… https://t.co/y40JyB50sn,2,twitter
Highlight: @WellsFargo Asset Management multi-asset strategist Brian Jacobsen: “Our focus now is more on where are… https://t.co/ZO6K0RGHT7,2,twitter
"Highlight: “Based on the long term picture of crude oil… it’s all pointing to a very bearish picture,” @spyjared sa… https://t.co/Gr2SNNpCOz",2,twitter
"Highlight: “From the global production standpoint, [the] OPEC cuts are really just part of the system,” says @PwC’s… https://t.co/8LfE3tAyNZ",2,twitter
"Highlight: “I love making movies that make people feel good,” @candacecbure says on working with Hallmark and holid… https://t.co/jGW1xpPZmC",2,twitter
Highlight: “I think over time you’re going to see more and more services that will include ads as we move away from… https://t.co/UvdbfhCtM9,2,twitter
"Highlight: “If you think about the value that LVMH might be able to unlock for Tiffany, it does justify the price t… https://t.co/7YlpHgIQ3H",2,twitter
Highlight: “It isn’t just today— it’s really been a function of this entire year… 2019 has really been kind of the… https://t.co/9H6BkN1N1o,2,twitter
"Highlight: “It will be the first insulin pill in the history of insulin,"" Oramed CEO @NadavKidro says about their n… https://t.co/sJvKOoZFwl",2,twitter
"Highlight: “It’s a carousel not only of coaches but of players,” @serwer says about the Redskins ownership problem.… https://t.co/PXqyVBhHgH",2,twitter
"Highlight: “It’s very unclear as to who the target demographic is going to be,” @Melodyhahm says about the Tesla cy… https://t.co/oyerFjqoQ3",2,twitter
Highlight: “Patent data gives us a way of identifying actual capabilities or things that entrepreneurs and inventor… https://t.co/ecgNPg29fv,2,twitter
Highlight: “People tend to freak out this time of year because houses [have] been on the market long or there’s not… https://t.co/u8xJAVW7fF,2,twitter
"Highlight: “Taylor [Swift]’s drama amped it up big time,” Variety Senior Music Editor @jemaswad says about last nig… https://t.co/mk1RZW51PW",2,twitter
"Highlight: “The actual retail brokerage business is a very small part of [Schwab's] business,” @bcheungz says. “The… https://t.co/WvuVm95hZJ",2,twitter
"Highlight: “The U.S. consumer… [has] continued to de-lever,” notes AngelOakCap’s Sam Dunlap. “That’s really… what w… https://t.co/YFMEI1k0VV",2,twitter
"Highlight: “The White House is hosting a listening session right now about the vaping issue,” @JessicaASmith8 says.… https://t.co/0s4BsX634o",2,twitter
"Highlight: “Theres certainly a lot of U.S banks too that say: ‘We’re doing a pilot test of block chain,’”… https://t.co/BFSmAezv7t",2,twitter
"Highlight: “Theres very little not to like about this report, @WellsFargo Acting Chief Economist Jay Bryson says ab… https://t.co/SizKFOW6qr",2,twitter
"Highlight: “Unfortunately, I think it’s going to be an okay Black Friday,"" @UBS Retail Analyst Jay Sole says. “The… https://t.co/nXZ1V1wOLr",2,twitter
Highlight: “Until we can get a better sense of what the hit ultimately is going to be to earnings and how bad the u… https://t.co/EMOu5vRRdo,2,twitter
"Highlight: “We are really worried about what this looks like for us a year from now…"" @garnishgather Founder Emily… https://t.co/7CGc4PHQZd",2,twitter
"Highlight: “We think about same-day, two-day, whatever day— it is about getting the consumer what they want, when t… https://t.co/5I5aBs3GSx",2,twitter
"Highlight: “We’re always looking for ways to bring new Minecraft experiences to the community, which continues to g… https://t.co/RqmD90Wk9U",2,twitter
"Highlight: “You don’t copy Amazon, you learn the best practices,” author Ram Charan says. “It has three key element… https://t.co/f7RRODQY2R",2,twitter
Highlight: Asahi Kasei Corporation Senior Executive Officer John Moyer on investing in autonomous driving and build… https://t.co/CAwyjxB6ay,2,twitter
Highlight: Burke Financial Strategies CEO John Burke explains why healthcare is his favorite sector right now: https://t.co/KGLsJoMqJX,2,twitter
Highlight: Carnival CEO Arnold W. Donald discusses new wearable technology to enhance travel experiences on cruises: https://t.co/zAn9cDmKYr,2,twitter
Highlight: Chief CEO @cb_childers discusses women in the workplace: https://t.co/269bM576oa,2,twitter
Highlight: Columbia Threadneedle Investments Senior Interest Rate and Currency Analyst Ed Al-Hussainy breaks down t... https://t.co/L0Q5Rfcnxk,2,twitter
Highlight: Democrats and the White House reach a USMCA deal. “It’s one of those rare circumstances… where you have… https://t.co/d0oaeL6H8I,2,twitter
Highlight: House Democrats announce two articles of impeachment. “The question is have they persuaded the American… https://t.co/wzRtmMNfIj,2,twitter
Highlight: How do we read the unemployment data? @bcheungz breaks it down on Yahoo U: https://t.co/IfTM8IoUSG,2,twitter
"Highlight: Michael Bloomberg ""is trying to kind of bring the party together— shift the focus a little bit,""… https://t.co/QJV0meMLmA",2,twitter
Highlight: Plumb Funds CIO Tom Plumb explains why he’s bullish on healthcare: https://t.co/UnOSsOci4O,2,twitter
"Highlight: The Call of the Day is Morgan Stanley on Tesla. ""When we get closer to 2024, we can start talking about… https://t.co/imhS3mAcP5",2,twitter
"Highlight: The Fed needs to “improve the dot plot. They need think about alternative scenarios,” says @dartmouth’s… https://t.co/GphUQgsR22",2,twitter
Highlight: 'The Fittest Man on Earth' @mathewfras talks investing: https://t.co/tBc8uSnphc,2,twitter
"Highlight: 'When it comes to private investing or investing in general, the earlier a company is, the higher the ri... https://t.co/MHh1YT2DWr",2,twitter
"Hillary Tweets ""No One Is Above the Law"" Then Refuses To Accept Lawsuit Against Her https://t.co/UsNIiPt2fs",2,twitter
"history is an agreed upon collection of lies...
I havent seen a high school history book in 35 years, it would be i… https://t.co/9Vq8a8QY3g",2,twitter
Hollywood Box Office Booms Even as Americans Stay Home and Chill,2,twitter
Hollywood Knows It Has a Big Carbon Problem on Set,2,twitter
Homebuilders aren't keeping up with millennials https://t.co/xj0m1YhP4A,2,twitter
Hong Kong Banks Give Extra Days Leave to Staff Amid Virus Outbreak,2,twitter
Hong Kong Banks Give Extra Days Leave to Staff Amid Virus Outbreak,2,twitter
"Hong Kong bill, more earnings, Powell speech: 3 things to watch for Monday https://t.co/MAz7bG2lCv",2,twitter
Hong Kong’s protests: Inside the PolyU siege https://t.co/uV3oO7kAGw,2,twitter
Hong Kong's Politicized Economy,2,twitter
HORNBACH : USDA Releases 2018 Annual Pesticide Data Program Summary #HORNBACH #Stock #MarketScreener… https://t.co/ErsPNvvazi,2,twitter
"Hot #BlackFriday tip: ""Put things in your cart and leave them there."" https://t.co/awiDWdUSvD",2,twitter
How ‘green hydrogen’ could make a reality of ‘green steel’ https://t.co/BLFp8uIog1,2,twitter
How a chat with Chuck Schwab inspired a bold S&P 500 call https://t.co/DqWD1kFHBJ,2,twitter
How a Supreme Court case could change how cities treat the homeless https://t.co/hIujtrIKUX via @BW,2,twitter
"How are technological advances causing a boom in renewable energy? Find out in our new infographic, ""The Power Shif… https://t.co/gVDgEE6ArY",2,twitter
How Beyoncé and Mariah Carey made Airbnb a luxury brand https://t.co/1reTl4zElG,2,twitter
"How can businesses lead on climate action? (Sponsored by TBD Media)
https://t.co/kH12YgUHYe https://t.co/CnUhlXIPMe",2,twitter
How cheap-chic retailer Target has morphed into a model for how to avoid the retail apocalypse https://t.co/67FNXAUvYh,2,twitter
How clean hydrogen could make the steel industry less dependent on coal https://t.co/Cz0qP3FKWI,2,twitter
How conservation investment could be a lifeline for endangered species https://t.co/GnpuFvx9ir,2,twitter
How did investors react to Tesla's Cybertruck announcement? They bought GM and Ford shares: https://t.co/LTq5CnNU4K,2,twitter
How do “no loan” college financial-aid packages work? Here is what students need to know https://t.co/y0LgFFPkDo,2,twitter
How do investors calculate opportunity costs? Enrico Cacciatore (@Ejcacciatore) of @VoyaInvestments joins Nasdaq Ch… https://t.co/ScAss7zlzI,2,twitter
How does one avoid the real estate value trap?  https://t.co/9aYYgpJtSm,2,twitter
How financial advisors can strive for a higher standard when recommending life insurance https://t.co/91N7LqMh1A,2,twitter
How Germany's universal health-care system compares to the United States https://t.co/OFTD46m79m,2,twitter
"How investing in #sustainableinfra in developing countries can foster economic and climate resilience? 

Blog by… https://t.co/27lz691wBf",2,twitter
How is a bank's GSIB score calculated https://t.co/m7AIabn6U0,2,twitter
How is Salesforce $CRM putting its Tableau and Mulesoft acquisitions to work? #DF19 https://t.co/7AyperfESO,2,twitter
How Many Children Live in Poverty in Your State,2,twitter
How much do you make? Salary disclosures could boost what you earn https://t.co/fE37bjxtlm by @denitsa_tsekova https://t.co/75fs8dg8fI,2,twitter
How much garbage do you generate in a day?  Read our new #IMFBlog to see which countries top the list.... https://t.co/yy3JxiZyGs,2,twitter
How Switzerland Could Find Itself Labeled a Currency Manipulator,2,twitter
How the USMCA Affects U.S. Steelmakers and Auto Manufacturers,2,twitter
How this company makes meat alternatives out of air,2,twitter
How to adopt smart retirement and tax strategies,2,twitter
How to Celebrate Valentine's Day on a Budget,2,twitter
How to Find Cheap Buy-Ranked Stocks Trading Under $10 - Nasdaq,2,twitter
How To Live A Climate-Friendly Life,2,twitter
How to Make a Killing During the Biggest Housing Boom in History,2,twitter
How to Recover When You Don't Stick to Your Retirement Plan,2,twitter
How to Save Money on These 3 Holidays in 2020,2,twitter
How to trade Ulta $ULTA - no makeup tutorial needed  https://t.co/0WkngwEVCQ,2,twitter
How Trader Sentiment On Streaming Stocks Has Changed Since Disney+ Launch,2,twitter
HR Confidential: I fired her. Then she revealed all of the office's sordid sex-and-drugs stories. (via @CNBCMakeIt) https://t.co/Pkyk6k5nkg,2,twitter
https://t.co/575AH1YRkF,2,twitter
https://t.co/9eZPvQhfMq,2,twitter
https://t.co/oJxNPEUpWq,2,twitter
Huge lines at Hong Kong polling stations for local elections after months of #HongKongProtests. All sides are urgin… https://t.co/IiOd5lGMhw,2,twitter
Human Rights Watch says a palm-oil producer is polluting the environment and threatening the health of its workers… https://t.co/hMQCOrsjdY,2,twitter
Humanity Isn't Ready For The Next Global Virus Outbreak (Radio),2,twitter
"Hyperinflation or Stagnation, Which Is Worse? Ask Latin America.",2,twitter
"Hypothecation: Meaning, Risks, and Examples",2,twitter
I am a trend trader and stay with the trend or sit on the sidelines until a clear trend change would/does develop.,2,twitter
I can't imagine why this artwork was shadow banned .... who did this?? https://t.co/ZktS3MykQz,2,twitter
"I don’t blame them for refusing to cook a Wagyu steak well done. In fact, I applaud that. If you don’t like it then… https://t.co/SOTqpEwBSh",2,twitter
I gave up my smartphone for a week and lived with a phone that only places calls — and I hated it.… https://t.co/5nB4kYMDOW,2,twitter
i love it when fertility clinic's decorate ...... and it's not even Thanks Giving ..... i.e. premature https://t.co/eS8TVNbfJZ,2,twitter
"I See A Window For Fast Money Trading On The Long Side Today, Here's The Plan. https://t.co/2i2b3py70P #trading #economy #stockmarket",2,twitter
I was not pleased with the way that Navy Seal Eddie Gallagher’s trial was handled by the Navy. He was treated very… https://t.co/bFwiFKQi9e,2,twitter
Iberchem Group verzeichnet Rekordjahr mit Übernahme von zwei Aromenfirmen und Umsatzwachstum von 19%,2,twitter
"If you hit the $237 million Powerball jackpot, this is your tax bill. https://t.co/F35lmfwIYq",2,twitter
"If you win the $285 million Mega Millions jackpot, here's what to do first to protect your windfall https://t.co/hoqEe4pBVr",2,twitter
"If your household has $250,000, you’re in the top 5%. https://t.co/VslRVqg5zP",2,twitter
"If your iPhone updated to the latest iOS, you now have the option of gender-neutral emojis ⚧️ https://t.co/iDVPlXRdjl",2,twitter
"If you're flush with cash, here's where you should (and shouldn't) live. https://t.co/z0Zp7pbkui https://t.co/NM8pKXGUZY",2,twitter
"If you're worried, instead of ringing the doomsday bells, start getting ready  https://t.co/nB605rLdj6",2,twitter
Il Governo etiope e il gruppo Alibaba siglano accordi per la creazione di un polo eWTP in Etiopia,2,twitter
Illegal Tender podcast: What it was like to befriend convicted socialite scammer Anna Delvey,2,twitter
Illicit Cannabis Supply Output Still Dominates In The US,2,twitter
Illinois’s Legalized Pot Sales Debut Beats All States Except One,2,twitter
Important note about this performance:  Sean entered the contest late and didn't start trading until almost have th… https://t.co/MgK7mfz7TK,2,twitter
"In a world where air conditioning is intensifying global warming, how do we stay cool? The answer could be somethin… https://t.co/dYTan9dAFw",2,twitter
"In Hong Kong, protesters have had to create a visual culture that 'emerges, spreads and vanishes rapidly' https://t.co/cBXKl8hRPz",2,twitter
"In one corner: a 32-year-old investment firm worth $221.8 billion. In the other, a 29-year-old pop star worth $360… https://t.co/jQyqPCeBPJ",2,twitter
"In This ""Booming Economy"", 90% Of Americans Say Money Increases Stress Levels https://t.co/gnfm7pMbZ7",2,twitter
"In this market, gaining 12.8% for the 12 months makes you the top stock-fund manager https://t.co/aVQ9SiucK7",2,twitter
"In this retail apocalypse, stores like $JCP need to meet customers with convenience. https://t.co/Utb0NZ9WEf",2,twitter
Income inequality is affecting a younger generation of workers more than anyone else. So why are young people espec… https://t.co/vkbhdBGjpv,2,twitter
Income Lab Ideas: Distribution Cut - Don't Panic. Get more updates here: https://t.co/RO4gkAN22a #trading #finance #economy,2,twitter
Income Tax Department Launches E-Calculator To Compare New And Old Regime,2,twitter
Increase Your Credit Score With This 1 Trick,2,twitter
Indonesia Eyes Empty Islands for Quarantine Hub Amid Virus Fears,2,twitter
Indonesia’s Jokowi Warns of Economic Calamity From Forest Fires,2,twitter
Indonesia's Jokowi Warns of Economic Calamity From Forest Fires,2,twitter
INNIO and HanseWerk AG Pool Their Technological Expertise for Innovative Hydrogen-Fueled Combined Heat and Power Pl… https://t.co/Pk711Zmwl3,2,twitter
Inside CannTrust: Whistleblower reveals new video of alleged illegal grow room https://t.co/c8LjKtDW3X by… https://t.co/zed9ztYFuq,2,twitter
Insider Weekends: John Malone Purchases $75 Million Of Discovery. Get more updates here: https://t.co/LViwlOMqpM… https://t.co/Z5a4sKLcRI,2,twitter
Instadollars: 10 Celebrities Who Earn The Most Money With Instagram,2,twitter
"Instead of Universal Basic Income, Try Universal Basic Stakeholding",2,twitter
Interactive Brokers : Offering Fractional Share Trading Broker broadening access to more e... #InteractiveBrokers… https://t.co/aGHDxwa2Po,2,twitter
"Invest in Art or Stocks? Keynes Has an Answer (Well, Sort Of)",2,twitter
Investors Become Richer By Rs 1.81 Lakh Crore As Stocks Zoom,2,twitter
Investors Get 2 New ESG ETFs for 2020,2,twitter
Investors look to emerging markets amid trade fight,2,twitter
"Investors often make poor, emotional decisions based on dips in their portfolio, @danariely says. Here is his advic… https://t.co/hkTqX14vKw",2,twitter
Investors penalize companies for adding women to their boards https://t.co/Me8jhCO0LJ,2,twitter
IRA Taxes in 2020: What You Need to Know,2,twitter
Iran joins Russia and China in joint naval exercises beginning Friday https://t.co/YEzWswZJTh,2,twitter
Ireland Still Refuses to Answer the $14.5 Billion Tax Question,2,twitter
Is cable news keeping the average American out of the stock market? @JimCramer weighs in: https://t.co/IP6xHN4Fz2 https://t.co/qL77cZ4RfB,2,twitter
Is Market-Timing A Viable Investment Strategy?. Follow this and any other stock on Seeking Alpha!… https://t.co/JdLiOQ3vdQ,2,twitter
Is the global #economy showing signs of growth or catastrophe? SF Fed EVP & Director of Research Sylvain Leduc shar… https://t.co/dWKpFwUrOb,2,twitter
Is The Market Pricing Guess Appropriately?,2,twitter
"Is the plague making a comeback? Actually, it never went away https://t.co/uPSNRLdQKh",2,twitter
Is this Wuhan's new hospital,2,twitter
Israel Will Not Be Third Time Lucky,2,twitter
Israelis Hurt in Jerusalem Car Ramming Attack,2,twitter
Istanbul mulls Eurobond issue after banks balk at funding the city https://t.co/ZoZC6W91EV,2,twitter
"It often pays to shop around for auto insurance. Doing it might seem complicated, but it's easier than you think.  https://t.co/jOsxQrINfL",2,twitter
"It’s a big week for the U.S. consumer, and not just because of the annual retail extravaganza of Black Friday https://t.co/1vRRvGmpg4",2,twitter
"It’s official: ""Joker"" is the first $1 billion R-rated movie. https://t.co/GXKQDVZhg2 https://t.co/ujB4YqgCn0",2,twitter
It’s T-Shirt Weather in Antarctica as Temperature Breaks Record,2,twitter
"Italy is the first country in the world to introduce mandatory climate change lessons in schools. 

@JohnFollain re… https://t.co/kuB7J49O7K",2,twitter
"It's a good time to buy property in London, says Christie's https://t.co/pI1JBFZPh7",2,twitter
"It's been a year of buzzkills for the legal cannabis industry. Here are this year's biggest offenders (and yes, Can… https://t.co/eGnsYfczFC",2,twitter
It's Getting Harder to Make Money Flipping Houses,2,twitter
It's going to be tough for us white guys in America when they call #HunterBiden,2,twitter
It's important to have a mix of long-term and short-term investments. Knowing what to expect from each will help yo… https://t.co/Qn7rC3I2MH,2,twitter
"It's not just 'orange man bad.' For Dems, 'white man bad,' too - American Thinker",2,twitter
"It's OK to Take Pens From the Office, But Not Pasta Salad",2,twitter
"It's okay Greg, your insurance will cover it.",2,twitter
It's rate decision day in Israel – here's what to expect https://t.co/FE4SB0Q1fQ https://t.co/6aRqBv5rZl,2,twitter
It's the most wonderful time of year for porch pirates — and @sarahhalzack has a plan for how to stop them… https://t.co/lUq9vDYyu3,2,twitter
"It's time for a 100% tax on billionaire estates, writes Oscar Mayer heir. https://t.co/DQu066zh7U",2,twitter
Ivory Coast police clash with protesters over coronavirus test centre #economy #MarketScreener… https://t.co/OS8ODHvy79,2,twitter
Japan Finds 41 More Virus Cases on Cruise Ship,2,twitter
Japan’s Justice Minister Says No Need to Ban All Cruise Ships Due to Virus Fears,2,twitter
Jeff Bezos: $160 billion vs. $95.3B Bill Gates: $97B vs. $42B Warren Buffett: $88B vs. $35B https://t.co/yKlnLDbcQB,2,twitter
Jet industry's grand masters fight to a draw in Dubai #Stock #MarketScreener https://t.co/xRSWD6hsIM https://t.co/0GWXM4muhL,2,twitter
JetBlue is trying to hold onto its quirky culture while succeeding at the balancing act all airlines face: keeping… https://t.co/gPAw2Uj7co,2,twitter
Jobless Americans to see extra payments as soon as this week https://t.co/C4GqPrX7fR https://t.co/EbsUfPe5C1,2,twitter
"JOBS, JOBS, JOBS! https://t.co/QCtWgld2RW",2,twitter
John Solomon Drops 28 Uncomfortable Facts Crushing The 'Debunked Conspiracy Theory' Narrative https://t.co/mKHe79zQT9,2,twitter
"John Stossel Exposes The ""Climate Myths"" https://t.co/3W0y751TEy",2,twitter
JP Morgan has a bargain stock pick to play the holiday shopping season and a completed trade deal,2,twitter
"'Jumanji' Sequel With Dwayne Johnson, Kevin Hart Tops Box Office",2,twitter
Jumia: continental drift https://t.co/ww84pxa3RN,2,twitter
Just because you missed the Tree Lighting doesn’t mean you can’t still come see it in person this holiday season https://t.co/vp5lhOf6gL,2,twitter
JUST IN: 2 people are in custody after authorities fired shots at an intruder vehicle outside Trump's Mar-a-Lago cl... https://t.co/g6VMUioO1A,2,twitter
"JUST IN: New York City has its first confirmed case of coronavirus in the borough Queens, the New York Daily News r... https://t.co/sdvVn5iNmg",2,twitter
Just published: front page of the Financial Times international edition Saturday November 23 https://t.co/BsEyxVQF8U https://t.co/aENnx0odBu,2,twitter
JUST RELEASED: Our newest #EconFocus looks at our fear of #recession. Could our expectations about the economy be s... https://t.co/DMi9fgdNBx,2,twitter
Justices seem to favor insurers' Obamacare claims for $12B https://t.co/xUiexlNf66 https://t.co/h2SNcp0plY,2,twitter
Kardashian Socialite to Help Saudis Seal Newcastle United Deal,2,twitter
"Karvy Case: SAT Asks SEBI To Hear Axis Bank’s Plea, Pass Order Within 15 Days",2,twitter
Key events next week - healthcare,2,twitter
Key Supplier Negotiation Strategies for Successful Procurement| Request a FREE Demo from SpendEdge for More Insights,2,twitter
"Kobe Bryant could have become better at investing, says 76ers' Michael Rubin https://t.co/iCQPiX8hGn",2,twitter
Korian s’associe à Omedys pour développer le premier réseau de téléconsultation de proximité à l’échelle nationale,2,twitter
Kylie Jenner Is Keeping Up With the Billionaires,2,twitter
Kylie Jenner Just Got Even Richer,2,twitter
L.A.’s First Step in Housing the Homeless Is Counting Them,2,twitter
"LA Auto Show: 'It's an SUV world, we just live in it': SUVs (and even cars) are now spawning ever more SUVs",2,twitter
Lachlan Murdoch buys mansion for record $150M,2,twitter
Last week our Community Investment Council toured #Greensboro to look at how communities better prepare students fo… https://t.co/PTxS453ACn,2,twitter
"Last week, we hosted the 7th IMF Statistical Forum on Measuring the Informal Economy. Watch the events and read the… https://t.co/dBL2OpHfw4",2,twitter
Latest Bridge Collapse Shows Italy Can’t Get a Grip on Its Roads,2,twitter
"Leaders from BaubleBar, b8ta, and Leap share what they’ve learned about the move from digital commerce to storefron… https://t.co/vOrWsEW7lY",2,twitter
Leaked Chinese documents show how mass surveillance system flags Uighurs for detention camps https://t.co/IWP7hj4bVW,2,twitter
"Leave with this --&gt;  It is only failure if you stay down after the fall.  Get back up, dust yourself off and start anew.",2,twitter
Leaving Walmart after paying off several layaway balances. Thanks to all of my children for pitching as well. You m… https://t.co/v1L7o1hfy0,2,twitter
"Less is more, don't let yourself get chopped in this whipsaw.",2,twitter
Let’s Not Disclose The $1 Million In Switzerland . . . And Go To Jail For 3 Years,2,twitter
Life on a Cruise Ship Struck by the Coronavirus,2,twitter
"Like our Premarket posts? Come check us out at https://t.co/yChRCoaR8v

No bullshit live breaking news and rumors w… https://t.co/rirBmfyRrj",2,twitter
LISTEN NOW: A former Boeing employee speaks out on 737 Max safety concerns — this story and more on the Squawk Pod… https://t.co/fdsIVgVqSj,2,twitter
"LISTEN NOW: Merger Monday, Bloomberg’s 2020 presidential run and holiday travel congestion — these stories and more… https://t.co/dxj43amFIa",2,twitter
"LISTEN NOW: The holiday week begins with some $60 billion in formally announced M&A involving LVMH, Charles Schwab,… https://t.co/k3VjEDHvbZ",2,twitter
"LISTEN NOW: Uber revealed disturbing new data on sexual assaults, a blowout jobs report, and gaming's big future wi… https://t.co/3xW1BILn8r",2,twitter
"Listen to our latest #RegionalView, where Regional Economist Alex Marre discusses economic conditions at a conferen… https://t.co/kPM1I5vMfE",2,twitter
Listen to today's Yahoo Finance Daily presented by @VerizonBusiness: https://t.co/MT5k7AWvdU https://t.co/pgYmd3l0V9,2,twitter
"LIVE NOW: Ming Tsai (@mingtsai), chef and restaurant owner, joins Yahoo Finance. Watch on https://t.co/xpAujlllJF! https://t.co/82g26MW8oo",2,twitter
Living near main road ‘could raise lung cancer risk by 10 per cent’ https://t.co/308PyOMuT4,2,twitter
LL COOL J's wife turns cancer battle into charitable business,2,twitter
London stalling... https://t.co/8iINzcpNd8,2,twitter
London Stock Exchange : Audited Results for the Year Ending 31 August 2019 #LondonStockExchange #Stock... https://t.co/ENK5wCbMac,2,twitter
London Stock Exchange : PMPs in Hawaii can now take on termites with Altriset from Syngenta #LondonStockExchange... https://t.co/Yo5VOdfuCu,2,twitter
London Stock Exchange : Public policy and social science cross disciplinary divide #LondonStockExchange #Stock... https://t.co/3IVIYQwlPc,2,twitter
London Underground Faces Bakerloo Line Strike This Month,2,twitter
London Underground Faces February Bakerloo Line Strike Action,2,twitter
"Londong calling: The property arm of the world's largest auction house, Christie's, says buy in London as a rebound… https://t.co/2nyebHlXUL",2,twitter
"LOOK: A landslide in the Italian village of Comune Pieve di Teco left 22 families cut off on Saturday. Debris, dam… https://t.co/0lzOV8hNPz",2,twitter
"LOOK: Anti-government protesters burn tires to block roads in Basra, as demonstrations against poor services and sh… https://t.co/9pCSrWQTem",2,twitter
LOOK: Hong Kong officials count votes in the city's 1st district council elections since the #HongKongProtests bega… https://t.co/mSm0OmYXkW,2,twitter
"Looking for a new gig in 2020?

Of the top 100 best places to work, 31 are tech companies, but the top 5 will surpr… https://t.co/gpEzpX53tQ",2,twitter
Looking For Last-Minute Tax Loss Harvesting Ideas? Here’s One.,2,twitter
LTI Utökar Strategiskt Partnerskap med OKQ8 Scandinavia,2,twitter
Lucille Brobbey: Black women should be able to walk into the office with pride and wear their afro or braids withou… https://t.co/GT7lbRdDMG,2,twitter
Luke Edward Hall's thoughtful presents for interiors lovers https://t.co/VAjt00YGkm,2,twitter
"Macro Review/Preview, free this weekend, out in a bit, enjoy our time with family this weekend everyone!",2,twitter
Maduro abraza el capitalismo y los emigrantes regresan al pas,2,twitter
Maduro Embraces Capitalism and Venezuelan Emigres Are Returning,2,twitter
"Make $125,000 in 2019? Here's How Much Income Tax You Could Pay.",2,twitter
"Make the Most of Your Retirement with These Top-Ranked Mutual Funds - February 07, 2020",2,twitter
Malaysia Plans to Vaccinate Overseas Visitors to Combat Polio,2,twitter
Malaysia will return 42 containers of illegal plastic waste to the U.K. https://t.co/DsJPzxqrrF,2,twitter
"Many workers don't have access to retirement savings programs. Now, efforts on both a national and state level aim... https://t.co/9LNfrB1dS9",2,twitter
"Market direction is not a real concern for VWAP algorithms, the goal is to participate in volume proportionately th… https://t.co/hA2tcCPjUj",2,twitter
"Market Morning: Chinese Army in Hong Kong, Boeing Walks Back Comments, Kraft Heinz Cheese Problems",2,twitter
"Market Morning: Solar Breakthrough, Hong Kong Bill, Alibaba Win, Pimco Sees Deal By Christmas",2,twitter
Marriott’s Mission: Make W Hotels Cool Again,2,twitter
Mary Kay pokračuje ve svém závazku pomáhat ženám i na fóru iniciativy Global Compact OSN pro rovnoprávnost pohlaví,2,twitter
Masayoshi Son's Bankers Are Worried About Their Favorite Client,2,twitter
Matt Miller's Scouting Notebook: NFL Scouts Pick Top 2020 Free-Agency Signings - Bleacher Report,2,twitter
Maybe not so pretty? @Sarge986 takes a look at @RealMoney #StockoftheDay $ULTA  https://t.co/7sJGd4YfnB,2,twitter
"Measles epidemic sweeping through Samoa continues to worsen with the death toll rising to 25, all but one of them y… https://t.co/QvSfF5iE8u",2,twitter
Medical Marijuana Investors: The Floodgates Are Open,2,twitter
"Meet @EelectricMiguel, an electric eel powering the lights on a Christmas Tree at the @TNAquarium 🎄 https://t.co/uFzM31Yg7R",2,twitter
"Meet Adrenaline, the first female hero in the 60-year history of Asterix comics. She made her first appearance in… https://t.co/LkYFwaxeKt",2,twitter
"Meet MGO/ELLO's 'Cannabis 50' Honorees, From Jim Belushi To Flow Kana",2,twitter
Mega-Landlord Deal in Germany Faces Mounting Investor Resistance,2,twitter
Mercury General : Insurance Urges Americans to Take Extra Precautions to Secure Home Netwo... #MercuryGeneral… https://t.co/f7Z75o2Yj7,2,twitter
"Merger Arbitrage Analysis And Spread Performance - April 5, 2020. https://t.co/R2vdtaXb2G #business #investing #trading",2,twitter
"Merger Arbitrage Analysis And Spread Performance - November 24, 2019. Read more and sign up for updates:… https://t.co/pJxpZUXpCh",2,twitter
Merger Arbitrage Mondays - Novartis Confirms Acquisition Of The Medicines Company. Get more info on Seeking Alpha:… https://t.co/OJYNKIoTb9,2,twitter
"Merriam-Webster announced ""they"" as its Word of the Year. Searches for the term increased by 313% in 2019 https://t.co/QckhyvXIP8",2,twitter
Mexico Removes the Actual Jet From Its Presidential Jet Raffle,2,twitter
Might have to do one of these.... 🤔,2,twitter
Mike Piazza explains what separates Warren Buffett from other investors,2,twitter
Millennials are saving more and their money habits are improving https://t.co/H4W25O02lN,2,twitter
"Millennials 'are seeing their health decline faster' than Gen X, worrying experts",2,twitter
Millennials are spending their money differently than any other generation — and it's changing America's economy. https://t.co/ysMtPhMbNR,2,twitter
Mini-bond victims confront FCA chief Andrew Bailey https://t.co/GuskXSsi8d,2,twitter
Missouri American Water Wins Third Place in St. Louis Green Business Challenge https://t.co/B7FyUEloWx https://t.co/YDMkumghDs,2,twitter
Mixed bag for volatility as you would expect. https://t.co/AeVeAsGQ2W,2,twitter
Mnuchin says he is monitoring how the coronavirus spreads and its potential to harm U.S. economy,2,twitter
Mnuchin: Based on current coronavirus info don't expect any problems with China fulfilling phase one,2,twitter
Mnuchin: U.S. will have greater clarity on coronavirus impact in 2 weeks,2,twitter
Modern Monetary Theory: It's an unconventional economic theory made popular by progressive politicians Alexandria O… https://t.co/Ymg8sMShOj,2,twitter
Modi Government ‘Strangulating’ Kerala By Denying Funds: Thomas Isaac,2,twitter
"Modi Government Needs To Shed British-Style Bureaucracy And Move Faster, Says Gopichand  Hinduja",2,twitter
Money-Supply Growth Accelerates To 28-Month High. Get more info on Seeking Alpha: https://t.co/0GHittEtWm #markets #finance #stocks,2,twitter
More later. https://t.co/7P4a8ctwHq,2,twitter
More New York Businesses Using State Law to Avoid SALT Tax Cap -- Update #economy #MarketScreener… https://t.co/C80HFpd4LS,2,twitter
"More than 200,000 background checks for gun purchases were initiated on Black Friday, making it the second-highest… https://t.co/sObJbkbSRq",2,twitter
"More than half of Generation Z is already saving for a home, according to Bank of America's 2019 Fall Homebuyer Ins… https://t.co/G20gBc8DMo",2,twitter
"Morgan Stanley says forecasting just the next two months, let alone 2020, is hard right now https://t.co/f3ToNSUFXu",2,twitter
Most Americans Think They Won't Need Social Security. They're Wrong.,2,twitter
"MSCI arms all investors with ESG ratings of 2,800 top firms",2,twitter
Much of the electricity that will be used to recharge electric vehicles in the future will come from natural gas be… https://t.co/dCoddkApke,2,twitter
'Much worse than the incident itself is the fact that the company I thought was going to protect me then betrayed m… https://t.co/4pEab6Xt8I,2,twitter
"'Music is life, music is everything to me.â€ Rapper @fatjoe gets candid in his conversation with @jonfortt about sne... https://t.co/oBzf97E8Us",2,twitter
N.J. Screens 27 Passengers on Curise Ship for Virus; Risk ‘Remains Low’,2,twitter
"Nasdaq CEO @adenatfriedman thrives under pressure:

""Every time ... where someone’s taken a leap of faith and said,… https://t.co/tW98HHQ0hb",2,twitter
Nasdaq CEO: Companies going public need a 'path to profitability' https://t.co/A2AWscsngL by @MaxZahn_ https://t.co/oVEDuvnHy8,2,twitter
National Grid : Agreement reached with the State of New York #NationalGrid #Stock #MarketScreener… https://t.co/5m4ohx0oGk,2,twitter
Navarro says he's qualified to disagree with Fauci on coronavirus medication: 'I'm a social scientist' https://t.co/0ceRFHm25C,2,twitter
Navy says White House won’t intervene in SEAL’s disciplinary hearing https://t.co/yxdS4mewp3,2,twitter
Navy Secretary Fired Over SEAL Controversy https://t.co/oyXk25M11F,2,twitter
Navy Swaps Submarine for Destroyer in 2021 Budget Request Shift,2,twitter
NBA legend Magic Johnson: LeBron James is the favorite to win MVP https://t.co/QvWL61XDuX by @BrianSozzi https://t.co/cke2gOPyvS,2,twitter
Nearly half of millennials withdraw from their 401K: Survey,2,twitter
"Nearly half the supply of hydroxychloroquine to the U.S. comes from makers in India, which has banned exports of al… https://t.co/3PKMFEuPQ4",2,twitter
"Need an update on this week's #OPEC meetings? Tamar Essner, Senior Energy Director, weighed in on @BloombergTV:… https://t.co/pn2ClgW5X5",2,twitter
Negative Interest Rates And The Perpetuity Paradox. Follow this and any other stock on Seeking Alpha!… https://t.co/0OqvQisRJf,2,twitter
"Nepal has arrested the brother-in-law of a woman who died after she was banished to a cow shed during her period, t… https://t.co/HxUBdzWBJK",2,twitter
"Networks, once criticized for giving Trump free airtime, are cutting back because his rallies don't draw the same a… https://t.co/vftidtYXGl",2,twitter
"New for subscribers:  These stocks are 'good companies at better prices,' Morgan Stanley says… https://t.co/qJ9uZWNjKn",2,twitter
"NEW Global Electrification Platform, a one-stop-shop for: 

✅ public #data
✅ modeling tools
✅ Open Source, multifun… https://t.co/L4lHjDTMXc",2,twitter
"New Jersey closes most public parks, extends stay-at-home order as deaths surge https://t.co/O2hStuaOWn",2,twitter
New Jersey more than doubles offshore wind commitment,2,twitter
New Leak Shows Operating Manuals For 'Re-education Camps' For Chinese Muslims In Xinjiang Region https://t.co/wbCcrnS9KU,2,twitter
New Liberty Street Economics analysis takes a look at who is bearing the burden of high tariffs on Chinese goods. https://t.co/MQpEQXRVdu,2,twitter
"New NYC coffee chain aims to undercut Starbucks with China-inspired model
https://t.co/dt7yWjuZRl by @readDanwrite… https://t.co/TAONiYqWg2",2,twitter
NEW on the Yahoo Finance iOS app: We now support Dark Mode for all users on iOS 13! https://t.co/AITO9Nyvgp https://t.co/caZuBCUkoF,2,twitter
New OPCW Leak Further Vindicates Skeptics Of Establishment Syria Narrative https://t.co/AMb2Bpyiwi,2,twitter
"New Products, More Stores Won't Fix Pot's Woes: Cannabis Weekly",2,twitter
"New research suggests banks should think twice before they shut down their next bank branch: Many customers, especi… https://t.co/QMpaeoOAUh",2,twitter
New Schizophrenia Study May Usher in Game-Changing Standard of Care,2,twitter
"New York City will have enough N95 masks for the week but still faces other coronavirus shortages, Mayor says https://t.co/hzgDyBF9La",2,twitter
NEW YORK POST EDITORIAL. “Worse Than Pointless. All those hours of televised testimony plainly failed on their anno… https://t.co/1XAuOFHyVk,2,twitter
New York's new virus cases fall for third straight day https://t.co/13tYXUmuil,2,twitter
New Zealand Volcano Victims Identified as Search Continues,2,twitter
"New, old drugs may offer fresh ways to fight heart disease",2,twitter
News Highlights : Top Company News of the Day #NewsHighlights #economy #MarketScreener https://t.co/rkztU3tFkv https://t.co/LUPOLDNtFt,2,twitter
News Highlights : Top Financial Services News of the Day #NewsHighlights #economy #MarketScreener… https://t.co/GIAbOwySKx,2,twitter
"News On The Move: 11 dead after winter storm, 2 hackers found guilty over illegal streaming, House to vote on spending deal",2,twitter
Next week.,2,twitter
"NFL back in political crosshairs with Kaepernick tryout, potential Trump Super Bowl ad https://t.co/GLnAbzGwiU by… https://t.co/KZ9rt4XGN2",2,twitter
Niger Jihadist Raid Shows Speed of Islamic State Expansion,2,twitter
NIH Director weighs in on coronavirus,2,twitter
No Chinese allowed': Racism and fear are now spreading along with the coronavirus https://t.co/2JUO6VsZBX,2,twitter
"No, you're not watching an episode of Black Mirror. @MIT's mini cheetah robots can run, jump, trot, back-flip and… https://t.co/shjMusuIoy",2,twitter
Nooruddin Fidai | Creating magic out of moving averages - Moneycontrol.com,2,twitter
Nord Stream 2 Is “Past The Point Of No Return”,2,twitter
North Korea threatens to resume calling Trump a ‘dotard’ https://t.co/kYTni1RVVb,2,twitter
"Not a whisper, but a smash? Here's what the road to $500 a share looks for @ElonMusk's @Tesla $TSLA  https://t.co/6a249FS9S4",2,twitter
Not Referred Telecom Tariffs Floor Price Issue To TRAI: DoT Source,2,twitter
"Not so fast, Drake...
https://t.co/xU44ItbS5p",2,twitter
Not The Onion - Ivy League Students Push To Abolish Prisons https://t.co/PX7ToM97FL,2,twitter
"Nothing on standing repo facility. Somewhere, Pozsar is screaming",2,twitter
Notorious RBG Talks of Barmaids as She Accepts Berggruen Prize,2,twitter
"November 22, 2019 States, the Supreme Court & Sales Taxes: How to Prepare for 2020 Annual ... #ChannelAdvisor… https://t.co/gyfjVcLfeZ",2,twitter
Now available: Weekly data on the Assets and Liabilities of Commercial Banks in the United States: https://t.co/NSim8zRsNg #FedData,2,twitter
"Now's the time to be bold.
https://t.co/ds6EP0OjQo",2,twitter
Nutritional Outlook® Announces Winners of 2019 Best of the Industry Awards,2,twitter
NYC HAS FIRST CORONAVIRUS CASE IN QUEENS: NY DAILY NEWS,2,twitter
"NYC HEALTH SPOKESMAN: NO CONFIRMED, SUSPECTED CORONAVIRUS CASES",2,twitter
NYSE says industry will review circuit-breakers after vertiginous drops - FT https://t.co/ZdwKowxc8y,2,twitter
NYSE’s proposal to allow for fundraising in direct listings rejected by SEC https://t.co/rjrvsKjRgk,2,twitter
Officer Fired For Body Slamming Student,2,twitter
"Older Workers Are Being Pushed Out of Their Jobs, and It's a Problem",2,twitter
"On higher volatility days, I do put the TV on, on mute, and just check on the middle red box. That tells me all tha... https://t.co/oGy58n5Xxi",2,twitter
"On this day in 1893 the trademark ""Coca-Cola"" was registered in the United States Patent Office.",2,twitter
"One billion surveillance cameras will be watching around the world in 2021, a new study says https://t.co/lk4BWdwu5q",2,twitter
One of the Best Hedge Fund Managers of 2019?,2,twitter
One tariff man alone—even the U.S. president—can only do so much https://t.co/OXT5ZIxNDL,2,twitter
One Thing’s for Sure About Iowa—New Hampshire Is Next,2,twitter
Onetime Billionaire Says He’s Now Worth Nothing,2,twitter
Onetime Billionaire Says He's Now Worth Nothing,2,twitter
Only 66% of Baby Boomers Think They'll Have Enough Money in Retirement,2,twitter
Only one major cryptocurrency has outperformed industry bellwether Bitcoin this year—and it's one you might not exp… https://t.co/CgjP8xeiX2,2,twitter
Openview hoping to up fund size again in rapid return to capital raising,2,twitter
"Opinion: In past cycles, a decline in unemployment below its natural rate has been a signal that wage pressures are… https://t.co/fAGrBcXEZW",2,twitter
Opinion: The explosion of a volcano in New Zealand on Monday once again raised the question of whether eruptions ca… https://t.co/Zblrf6Ug5K,2,twitter
Our @Nasdaq employees this week have set out to create global impact by making meals to go and hygiene kits for the… https://t.co/iJRGHxowlC,2,twitter
Over 70 and Still Working? Here Are 3 Important Things to Know,2,twitter
"Over a year since releasing its first augmented reality headset to developers, Magic Leap is wooing companies with… https://t.co/NCtrWkCUTB",2,twitter
Pablo Escobar's brother is selling foldable phones: https://t.co/EOFNyHaDqw,2,twitter
Patient Engagement Solutions Market To Reach USD 30.36 Billion By 2026 | Reports And Data  https://t.co/XIbl0nUfXt,2,twitter
Paul Volcker's message for the next generation https://t.co/7ijOmy0sCP,2,twitter
Paul Wolfowitz's NYT Op-Ed: Blatherings Of A Sanctimonious Sicko https://t.co/LkTRWvBgTh,2,twitter
Paulson drops opposition to Callon-Carrizo merger,2,twitter
Paving The Way For The Last Hurrah. Read more and sign up for updates: https://t.co/wCvzjWoxp7 #economy #investing #stockmarket,2,twitter
Paying off debt versus investing the money is a common problem for U.S. households. Here's how to handle it. https://t.co/9qZ0pPYTbu,2,twitter
"Payments in high-value deals not a bribe, Mahathir says about AirAsia probe",2,twitter
"Payments in high-value deals not a bribe, says Mahathir when asked about AirAsia probe",2,twitter
"Pence dismisses idea of U.S. buying Nokia, Ericsson to challenge Huawei",2,twitter
"Penn Station Stinks, But the Neighborhood Is Looking Up",2,twitter
Pensacola Navy Base Shooter Identified As Saudi National  https://t.co/Hd7BDTYc0F,2,twitter
Pensacola shooting suspect was a Saudi national in the U.S. for flight training: ABC,2,twitter
Pentagon asks for Navy Secretary Richard Spencer to resign after controversy over Navy Seal case https://t.co/fMzuXTSLhW,2,twitter
Pentagon chief asks for Navy Secretary Richard Spencer to resign after controversy over Navy SEAL case https://t.co/KBIJmSANcl,2,twitter
Pentagon chief fires Navy secretary over SEAL controversy https://t.co/NqHe2XkKpS https://t.co/Y38ROjVRzT,2,twitter
Pentagon issues guidance to troops abroad as coronavirus outbreak spreads https://t.co/Qe0NljipMo,2,twitter
People Trying To Store Essentials; Potato Sold At Rs 80 A Kilogram In Guwahati,2,twitter
Philippine nickel miners and Chinese battery makers are exploring a potential collaboration ahead of Indonesia’s ba… https://t.co/qZ01YKBl0Z,2,twitter
Pioneers of Value Investing Are Trying to See If It’s Dead,2,twitter
"Planes will be packed this holiday season, as the grounding of Boeing’s 737 Max continues. https://t.co/w0EXnyZDGk https://t.co/8DJ9sgZWze",2,twitter
Plans for new global football competitions branded ‘insane’ https://t.co/iatk1Pt1uf,2,twitter
Platts: 5 Commodity Charts To Watch This Week https://t.co/u6hpTFPb7o,2,twitter
Politics And The Markets 11/25/19. Read more: https://t.co/NJCrDf1ooq #business #markets #economy,2,twitter
Pope Francis demanded world leaders renounce atomic weapons and the Cold War-era doctrine of deterrence during his… https://t.co/1TGslC32ps,2,twitter
Pope Francis Isn't Infallible on Economics,2,twitter
Porch pirates swipe packages from a third of holiday shoppers https://t.co/S2PsYxUn5s by @denitsa_tsekova https://t.co/3CBXS34Hqi,2,twitter
"Power Rankings: Retail roller coaster, crypto crash course & mock milk — top moments from the week https://t.co/b9SfAGUHs1",2,twitter
Predata does amazing things!,2,twitter
Preferred stocks offer investors an alternative to bonds #investinyou (In partnership with @acorns.) https://t.co/zCoO1zkmdp,2,twitter
Prepare for the day ahead with WSB,2,twitter
PRESENTANDO UNA REVOLUCIÓN EN BLANQUEAMINETO DENTAL: LA PASTA DENTAL COLGATE® OPTIC WHITE® RENEWAL,2,twitter
Presenteeism – the practice of being at work but not really all there due to feeling unwell or distracted – among i… https://t.co/rBKIY1CjJS,2,twitter
"'Priceless' Jewelry, Artifacts Stolen From German Museum",2,twitter
Priest tells Christians to practice social distancing as Easter approaches https://t.co/0mHJSiSCY1,2,twitter
"Prince Gets His $2 Trillion Aramco, But Victory Comes at a Cost",2,twitter
Private equity: the bottom line benefits from gender diversity https://t.co/a5c3Rw8Itm,2,twitter
"Priya Ramani’s Allegations Of Sexual Misconduct Figment Of Her Imagination, MJ Akbar Tells Court",2,twitter
Priyanka Chopra Jonas y Crocs Donarán 50 000 Pares de Calzado Clásico a UNICEF,2,twitter
Prohibition Ended Today 86 Years Ago https://t.co/tOM8CdQ9v3,2,twitter
Property Portfolio: Finding Safety in U.K.'s Six Biggest Cities,2,twitter
Putin Orders Payments for WWII Veterans in Russia and Baltics,2,twitter
"Q: How does the virus affect your Fed outlook?

Goldman : It slightly increases the downside risk to our call that... https://t.co/slAWy9i777",2,twitter
"Q: What is the significance of Nasdaq market makers? 

A: Jay Heller, Nasdaq VP and Head of Capital Markets, explai… https://t.co/WjcEB8QidE",2,twitter
Qatar’s $320 Billion Wealth Fund Seeks to Catch Up on Technology,2,twitter
"Quarantined Hong Kong Ship Passengers Turn to Mahjong, Buffets",2,twitter
Quarterly Service Report,2,twitter
Queen Cancels Prince Andrew's 60th Birthday For Being Besties With Dead Pedophile https://t.co/wMe2K09F3r,2,twitter
QuickTake: Malawi's 'Historic' Ruling,2,twitter
"Rabobank: ""The Key Reason We Are In This Mess Is Due To Volcker"" https://t.co/00F691xNlY",2,twitter
Racing on Ice,2,twitter
Raid on Egypt’s last independent news website causes chill https://t.co/o1CLzpOgpb,2,twitter
Ratings have been sagging. https://t.co/9WZAzlP8OZ,2,twitter
Ray Dalio fires back over hedge fund's reported $1.5B bet https://t.co/U12LP0cw9z via @FoxBusiness https://t.co/IOQZUBGFlf,2,twitter
Ray Dalio is now mentoring Sean Combs https://t.co/gcr7f2pL57,2,twitter
Ray Dalio isn’t disputing the investment that WSJ reported. But... he is definitely taking issue with the WSJ headl… https://t.co/tUmnpPET7o,2,twitter
"RBI Has Not Put Banks On Alert, Says Governor Shaktikanta Das",2,twitter
Read here for instant analysis of the Federal Reserve's interest rate decision and Chairman Powell's press conferen… https://t.co/VQPVjGegIT,2,twitter
"Real Christmas trees may cost 12x the national monthly minimum wage, but Venezuelans are buying them in droves https://t.co/Vq6hZGCgpj",2,twitter
Recap of the week’s #market activity https://t.co/GwYBbdq1xH,2,twitter
"Recession: Now you see it, now you don’t - Daily Maverick",2,twitter
Recommending life insurance doesn’t have to be complicated by conflicts of interest. Here’s how financial advisors… https://t.co/KvpaP27pDo,2,twitter
Record PE deal numbers in 2019 fail to hide global deal value drop,2,twitter
Recordjaar voor de Iberchem-groep met voltooiing van de overname van twee smaakstoffenfabrikanten en 19% omzetgroei,2,twitter
"Reducing bank complexity was a policy priority following the financial crisis. In new work, Goldberg and Meehl docu... https://t.co/723NzFHfow",2,twitter
Remember... $DIS $AMZN $TSLA 20k by end of week and 25k by end of month. FREE TRIAL OPEN TODAY AND TOMORROW HIT LIN… https://t.co/VCNjBJ6Xm9,2,twitter
Remembering JFK's Vision For The Future That Should Have Been https://t.co/2BYAYPGcfo,2,twitter
Report flags 'cracks' at Brazil Vale dam,2,twitter
Report identifies Ireland's most expensive street - BreakingNews.ie,2,twitter
Research by the American Bar Association reveals that women now represent just over 22% of all partners and 19% of… https://t.co/KBcD9DVM6c,2,twitter
"Researchers at internet nonprofit Mozilla have released its third-annual ""Privacy Not Included"" list of popular int… https://t.co/9kPjTXCefi",2,twitter
Researchers Defend Finding of Symptom-Free Coronavirus Spread,2,twitter
"Responses to Elon Musk's new song include: ""maybe stick to rockets."" https://t.co/oFVtTyrzNC",2,twitter
Resumen: Desktop Metal lanza el primer sistema de inyección de aglomerante de metal del mundo diseñado para talleres mecánicos,2,twitter
Retail Still Front And Center As Holiday Week Kicks Off,2,twitter
Retirement Advisor: Harbor Crest's Mike Hennessy On Purposeful Planning (Podcast). Continue reading:… https://t.co/SQrRjDWlvp,2,twitter
Riassunto: Kioxia sviluppa la nuova struttura semicircolare 3D per celle di memoria flash “Twin BiCS FLASH”,2,twitter
"Riassunto: Le giapponesi NEDO e Panasonic raggiungono il più alto rendimento di conversione al mondo, pari al 16,09%, per il modulo a celle solari perovskitiche dalla superficie più estesa",2,twitter
Riassunto: Priyanka Chopra Jonas e Crocs doneranno 50.000 paia di zoccoli classici all’UNICEF,2,twitter
Robert Shrimsley scours the archives to find a proud history of royal TV humiliation https://t.co/3lC1Gn6HVW,2,twitter
"Roger Federer has worked with several brands over the years including Nike, Rolex and Moet — now he’s teaming up wi… https://t.co/bLBe916xtJ",2,twitter
RPT-South Africa blocks arms sales to Saudi and UAE in inspection row,2,twitter
RT to agree: #Indigenous peoples and communities play a key role in protecting and maintaining the planet’s… https://t.co/tY5qOuvRc4,2,twitter
Russia has built an enormous pipeline running from Siberia to the Chinese border to feed China’s insatiable energy… https://t.co/MWXPajS1rj,2,twitter
"Russia pours cold water on U.S. and European plans for swift reconciliation between Serbia and Kosovo, with Moscow’… https://t.co/wDCse44h0e",2,twitter
Russia was banned from hosting Olympic and World Cup events for the next 4 years over its doping scandal https://t.co/TZjDQVr3iB,2,twitter
Samenvatting: Desktop Metal lanceert ‘s werelds eerste metaalbinderspuitsysteem dat is ontworpen voor machinewerkplaatsen,2,twitter
Samenvatting: Transphorm’s GaN gebruikt de nieuwste Power Supplies van AES voor grote passagiersvliegtuigen,2,twitter
Samoan families are hanging red flags outside their homes to request urgent measles vaccinations. The outbreak has… https://t.co/igtxo7dmdC,2,twitter
Santa Monica hotel built without permits can remain open,2,twitter
Sardines vs. Salvini: Italians packing the piazzas in protest against far-right politics https://t.co/sPJTZvaDrZ,2,twitter
Satellites Are Helping the Municipal-Bond Market Assess Climate Risk,2,twitter
"Saudi Arabia arrests writers in fresh crackdown, says rights group https://t.co/BJv0QiH0wD",2,twitter
Saudi Arabia to Block Return of Expats Who Travel to China,2,twitter
"Saudi Arabia’s embryonic efforts to turn the kingdom into a magnet for holidaymakers attracted 50,000 visitors sinc… https://t.co/bydbVLay4v",2,twitter
Schitt's Creek Pop-Up Shop,2,twitter
Scientists and citizens around the world are planting trees in an effort to regrow forests 🌴 https://t.co/HlZgIcjlDP,2,twitter
Scientists in Sweden have created a liquid that can absorb solar energy and store it as a thermal fuel for as long… https://t.co/mHKmpedUNO,2,twitter
Sea level rise will flood the homes of around 300 million people by 2050 https://t.co/KgsClAnnZO,2,twitter
"Seafood restaurant The Sea, The Sea shows how great food can come from the simplest of kitchens https://t.co/cF9iJkQfzc",2,twitter
Secret documents reveal how China mass detention camps work https://t.co/Qkh99mUoul https://t.co/iGyf6N3VD0,2,twitter
See the latest #broker #ratings changes https://t.co/f9jwmhJP5n $ARWR $CACI $DECK $DKS $ENR $HAS $JD $LYFT $NVDA… https://t.co/BIDhJPNHdU,2,twitter
"Seeing tilt to value in U.S., says Gabelli Funds Co-CIO Chris Marangi https://t.co/oRQrI4jAPP https://t.co/yt00OyrO7s",2,twitter
Sell Your Bonds! Buy Net Lease REITs Instead. Continue reading: https://t.co/YmjHN6AAcY #trading #markets #business,2,twitter
Sentiment Speaks: The Death Of Hedge Funds At A Time We Will Need Them Most. Read more and get updates on any stock… https://t.co/Qf7458d3PG,2,twitter
"Seriously, take a look at this whale of a plane. https://t.co/CshRv6LqlA https://t.co/tAPtOOQisJ",2,twitter
"Severe Thunderstorms, Snowstorms To Begin Messy Weather Week Across US",2,twitter
"Shanghai has a long way to go before it can claim to be a global financial centre, says European business group",2,twitter
"She wore black turtlenecks, charmed investors and became a self-made billionaire – but she was also a fraud. Gillia… https://t.co/13Irs4Tv4P",2,twitter
Shepard Smith made his first public appearance after he abruptly left Fox News last month to speak about press free… https://t.co/fEDflne95F,2,twitter
Short seller David Einhorn continued his spat with Elon Musk’s Tesla saying he was “beginning to wonder whether you… https://t.co/qRMNMbPHz8,2,twitter
Short-Sellers Are Winning Their Bet Against the Royal Mail,2,twitter
Shots Fired At Mar-a-Lago https://t.co/kxZiY2weRW,2,twitter
Should I Use a Pay Card?,2,twitter
Should investors be fearful of Elizabeth Warren? - The Irish Times,2,twitter
"SIGN UP for In Review, a monthly email that highlights the latest work from the New York Fed. Each edition will inc… https://t.co/NKUGtY18ON",2,twitter
"Since sports betting became legal in the US, the gaming industry has been on the hunt for American consumers. Tony... https://t.co/28tJdLCY3o",2,twitter
Singapore Frees Listed Local Developers From Home-Sale Rule,2,twitter
"Singapore Raises Response Level for Virus, Now on Par with SARS",2,twitter
"Singapore Raises Virus Response Level, Now on Par With SARS",2,twitter
Snowstorm Returning To The Northwest This Weekend,2,twitter
So is 25x EBITDA the new baseline purchase multiple? Because what bubble,2,twitter
So you crashed your $3 million Bugatti. Now what? https://t.co/EEsFl8f0Dn,2,twitter
Some 53% of children in low- and middle-income countries experience “learning poverty”—meaning they are unable to r… https://t.co/TtvqkLPkbo,2,twitter
"Some American homeowners are making a big retirement mistake, survey finds https://t.co/Gx8kvkRx3Q by @dsinghx https://t.co/Xhw5pLL4jG",2,twitter
Some Japanese companies are enforcing a no glasses rule for women employees. Why? Read more on @business… https://t.co/FGy1qGPsNa,2,twitter
"Some sweet, some dry, all good value – Jancis Robinson’s white wine picks for the festive season https://t.co/X1wpeK4X35",2,twitter
something monopoly something,2,twitter
Something to warm your frozen heart - $DIS had quite the weekend at the box office:  https://t.co/NzvIR5n7Sn,2,twitter
"Sorry, Seniors: 2020's Social Security Raise Is a Big Disappointment",2,twitter
South Africa President Objects to Airline Plan to Cut Routes,2,twitter
Space Weather Threatens Businesses,2,twitter
"Special #Holiday Offer: Save 33% on streaming #market commentary, #investing #trading #ideas… https://t.co/VHxQHmtMnn",2,twitter
SpendEdge Helped a Leading Steel Company to Minimize Inventory Costs by 40% – Request a Free Proposal to Know How,2,twitter
"SPONSORED: Biometric technology may soon replace boarding passes
https://t.co/l8DUd1ebb7 https://t.co/VD0rXilWre",2,twitter
"SPONSORED: How can science help address the dangers of crossing the street?
https://t.co/WrqQwccXEK https://t.co/444NsYCY8F",2,twitter
"Stakeholders won't live there, but will get a cut of the rent paid by the tenant who does https://t.co/qlfQvc9C6v",2,twitter
Stanford Grads Get School’s Backing for Blockchain Startup,2,twitter
'Star Wars' director J.J. Abrams on how a 'Rise of Skywalker' script ended up on eBay https://t.co/6wvk0Z3LuV,2,twitter
Startup Stories: The Making Of An Indian Superhero,2,twitter
"Startup Street: Learn To Code For Free, Pay Only If You Get A Job",2,twitter
State Department Warns CBD Consumers Not To Fly Internationally With Oils,2,twitter
"Steps Being Taken To Ensure Timely Completion Of Rs 5.72-Lakh Crore Highway Projects, Says Nitin Gadkari",2,twitter
Steve Lacy makes his charisma and idiosyncratic talent felt in London https://t.co/EhVsq1YLbm,2,twitter
Steven Cohen's Top 5 Buys in the 3rd Quarter,2,twitter
"Steven Schonfeld is a hoodie-wearing billionaire with a unique hedge fund strategy. 

His firm returned an annual a… https://t.co/SflpXTEeUn",2,twitter
Stock Exchange: Losing Money On A Good Trade - Seeking Alpha,2,twitter
Stocks Are a Victim of Their Own Success,2,twitter
"Stop asking ""how are you?"" Harvard researchers say this is how successful people make small talk. (via @CNBCMakeIt) https://t.co/YMWizjcJ0d",2,twitter
Story: Ugandan start-ups part of the solution during COVID-19 #economy #MarketScreener https://t.co/sCU0htpuPD https://t.co/iRl8KOtTtr,2,twitter
Strong Quake Sends People Out of Malls in South Philippines,2,twitter
Student Loan Forgiveness For All? 5 Important Questions,2,twitter
Student loan reform group sues Education Secretary Betsy DeVos and CFPB Director Kathy Kraninger… https://t.co/OJnPtOY7ni,2,twitter
Students who stormed the field at a Harvard-Yale football game last month to protest the use of fossil fuels have n… https://t.co/QVXrViCnhq,2,twitter
"Subject of the 'Serial' podcast, Adnan Syed, will not get a new trial https://t.co/lOFCiMPnYq",2,twitter
Subscriptions build revenue for companies but sap customers' wallets,2,twitter
Surveillance: David Herro on Credit Suisse (Podcast),2,twitter
"Surviving The Late Cycle, But Still Earning Something. Subscribe to Seeking Alpha for more: https://t.co/yv0EYfK3OZ… https://t.co/MDUXlx9Plj",2,twitter
Suze Orman keeps exactly $170 in her wallet—here's why. #investinyou (In partnership with @acorns.) https://t.co/d0DcRheX40,2,twitter
Swedish Bamboo Toothbrush Shows Allure of Sustainable Investing,2,twitter
Swedish man extradited to the US on $11m crypto fraud charges,2,twitter
Swedish prosecutor drops investigation into Julian Assange rape allegation: WSJ,2,twitter
Swedish prosecutor has dropped Julian Assange rape probe: reports,2,twitter
Swing trade ideas for this short week - Happy Trading Week Everyone 📈👍 https://t.co/npyz1upKGP,2,twitter
"Swiss Currency, Javid’s Ambitions, China Cuts Tariffs: Eco Day",2,twitter
Switzerland Plans to Send Its Old Fighter Jets Back to the U.S.,2,twitter
Sydney Declares Public Health Emergency,2,twitter
Sydney's Wildfire Smoke Declared a 'Public Health Emergency',2,twitter
Sylvia. Dalila. Aminata. Aurelia. Julie. French activists are plastering the names of women allegedly killed by cu… https://t.co/znH0ZDCbY8,2,twitter
Taiwan Blasts WHO for Saying It’s Part of China in Virus Report,2,twitter
Taiwan detains executives over China spying claims https://t.co/h9qNAKFN5H,2,twitter
Taiwan says it will help Hong Kong if violence continues https://t.co/8j9O545Rdb,2,twitter
"Take ""Bloomberg not covering Bloomberg"" and now extend to the fact that 6 corporations own 90% of US media outlets,… https://t.co/v6vl08f88I",2,twitter
Take a look inside the factory where robots work 24/7 to make the glass on your iPhone. https://t.co/TAxeF14JDH https://t.co/C5L9t1pHrR,2,twitter
Take Five: China's virus paralysis,2,twitter
"Takeda demonstra ímpeto nos negócios, sinergias de integração acelerada e eleva as orientações para o ano de 2019, incluindo lucro operacional positivo",2,twitter
Talk to work-from-home staff a lot to discourage disengagement https://t.co/tT17pKze6L via @BW,2,twitter
Tata Steel : Bhubaneswar Half Marathon steps up to its 5th edition #TataSteel #Stock #MarketScreener… https://t.co/61quK4hWJh,2,twitter
Taylor Swift dispute highlights music perils for private equity https://t.co/3CvNEE7Uwy,2,twitter
Teen used ‘ghost gun’ in California high school shooting https://t.co/AFzUEK7oi9,2,twitter
Teeny tiny martinis are taking over https://t.co/JxTR97Qxpj,2,twitter
Ten Entertainment : MEMA Congratulates House and USTR for Reaching USMCA Deal #TenEntertainment #Stock… https://t.co/XeErU4atFp,2,twitter
Ten Entertainment : Treasury Sanctions Individuals for Roles in Atrocities and Other Abuses #TenEntertainment… https://t.co/O82sqX2Jdk,2,twitter
Ten U.S. refineries emitted excessive cancer-causing benzene in 2019 -report,2,twitter
"Tender and full of flavour, the guinea fowl in this recipe is the stuff of dreams https://t.co/4QxW2FgYLR",2,twitter
"Tennis legend @rogerfederer’s financial advice for athletes? Be conservative. “I dream big, but yet we play it safe… https://t.co/FgeWluyLVg",2,twitter
Terms of Trade: Let the trade winds of clarity blow (via @sdonnan) https://t.co/LgNubMcU9U,2,twitter
Terms of Trade: Let the trade winds of clarity blow https://t.co/AxXyjLSgxG,2,twitter
Terrible call against Cowboys bails out Patriots...never fails In NE,2,twitter
Terror Strike Averted With Arrest Of Three With Improvised Explosive Devices In Assam: Delhi Police,2,twitter
Thai Minister Sorry For Saying Tourists Not Wearing Masks Should Be “Kicked Out”,2,twitter
Thanks for the Dance is a chance to hear Leonard Cohen’s voice once more https://t.co/Ocd315pTiK,2,twitter
Thanks to @WmMorrowBooks for making my book today’s special!,2,twitter
"Thanksgiving in its early form carried much of the moral savour of the Protestant calendar, which replaced saints d… https://t.co/G2ml4tG8ny",2,twitter
That’s all folks https://t.co/MKm1Th8TCi,2,twitter
"That's 42,000 BBG terminals for 1 year",2,twitter
"That's a wrap folks. Friday, last week of Jan and the month are in the can.",2,twitter
The £3bn hole in the Tory manifesto https://t.co/eSWRQRRDEL,2,twitter
The 1 Financial Product That Could Spell the Difference Between Retirement Readiness or Not,2,twitter
The 10 Most Surprising Health Complications From the Flu,2,twitter
The 10 Top-Selling Marijuana States in 2019,2,twitter
The 15 cities with the most billionaires,2,twitter
The 19 Dishes You Should Have Eaten in 2019,2,twitter
"The 1960s sexual revolution may have played a role in the cancer's rise, a researcher said.  https://t.co/Jns12grZ1p",2,twitter
"The 1960s sexual revolution may have played a role in the cancer's rise, a researcher said.  https://t.co/WeUxfWHXjw",2,twitter
The 2 Things You Have to Do to Retire by 50,2,twitter
The 3 Biggest Risks of Taking Out a Personal Loan,2,twitter
The 3rd HK Store of “A Happy Pancake” Finally Opens!! https://t.co/Lc5eG2lU8X https://t.co/2oFdwnYp2S,2,twitter
The 5 Best States to Retire in 2020,2,twitter
"The 8 steps I took to make my first million, according to a millennial millionaire. https://t.co/OB72mDhUQ1",2,twitter
"The author of this opinion piece retired at age 44, so you should probably listen to him. 
https://t.co/0usmcuNh1E",2,twitter
"The author of this opinion piece retired at age 44, so you should probably listen to him. 
https://t.co/hlUduk3zYr",2,twitter
"The auto industry may have been lulled into a “false sense of security” when it comes to tariffs, warns one analyst https://t.co/cJ4iUVN3ae",2,twitter
The best and worst airlines and airports of 2019 https://t.co/hdvINNZQDD https://t.co/2WgaTStgA4,2,twitter
The Best Books of 2019,2,twitter
The best business books we read in 2019,2,twitter
The Best CEFs To Buy For 10% Yields In 2020,2,twitter
The Best Cities for Frequent Flyers – 2019 Edition,2,twitter
The Best Company to Work for in Every State,2,twitter
"The Best Printer & Shredder Black Friday 2019 Deals: HP, Canon Laser, 3D, Color & Wireless Printer Sales Listed by Deal Tomato",2,twitter
The Best-Managed Companies of 2019 -- and How -2- #economy #MarketScreener https://t.co/4HDDgcmI5N https://t.co/Tt1goVZYDT,2,twitter
The Best-Managed Companies of 2019 -- and How -2- #economy #MarketScreener https://t.co/4WHW32mmgd https://t.co/NemgM7YzYe,2,twitter
The Best-Performing CEFs YTD - November 2019. Get more info on Seeking Alpha: https://t.co/IBsfyvpVtd #markets #business #trading,2,twitter
The Biggest Threat to Space Commerce Is the Sun,2,twitter
"The billionaire candidate said employees at his news organization ""just have to learn to live with some things"" whe… https://t.co/xqS7k5XlYO",2,twitter
The billionaire who controls luxury-goods giant Richemont is considering selling stakes in two South African fiber… https://t.co/eUxfUY60uT,2,twitter
"The buyer knows that bananas go bad in a week, right? https://t.co/G48cs3C9LA",2,twitter
The Catch-22 in a $50 Billion 5G Airwaves Fight,2,twitter
The Center of the U.S. Economy Is in Rural Missouri,2,twitter
The Climate-Obsessed Have a New Favorite Website,2,twitter
The collapse of a highway viaduct in northwestern Italy has underscored the country's failure to come to grips with… https://t.co/7qkNByokP9,2,twitter
The Credit-Ratings Business May Never Get Fixed,2,twitter
The Crypto Daily – Movers and Shakers -15/12/19,2,twitter
"The Daily Biotech Pulse: Assertio To Sell Opioid Pain Drug, Milestone Payment For Aduro, Myriad Genetics CEO Resigns",2,twitter
"The El Paso, Texas Walmart where 22 people were killed has finally reopened #ElPasoStrong https://t.co/iSQwOsAMpc",2,twitter
The equity rally that’s built on hopes for a growth rebound won’t last as the U.S. economy is heading for a “mild r… https://t.co/8fOuBdzYdg,2,twitter
The farewell is intentionally muted https://t.co/NiQwDOf4pj,2,twitter
The fate of these missing twin sisters may finally be revealed. The Disappearance of #TheMillbrookTwins premieres T… https://t.co/HZRhSV5XWb,2,twitter
The first big check @Pitbull ever received actually bounced. 😳 https://t.co/aXoNe6DREk (via @CNBCMakeIt) https://t.co/Vsq5Hc3viC,2,twitter
"The first solar high-heat “oven” can reach up to 1,500 degrees Celsius. https://t.co/tARzjX457Y",2,twitter
"The FJ Cruiser was not as popular as it is now when it was first released. So, where's all the hype coming from, an… https://t.co/xI9KBFtSfj",2,twitter
The FRED Blog maps economic uncertainty around the globe—from seemingly rock-steady in Morocco and Mongolia to shak… https://t.co/ke7dpuRF5Z,2,twitter
"The FRED Blog studies a housing puzzle: When interest rates are high, homebuyers tend to build their own homes; whe… https://t.co/vAmOsRCDOp",2,twitter
The Gifts Gen Z is looking for this Holiday Season,2,twitter
The Greatest Swindle In American History... And How They'll Try It Again Soon https://t.co/UpD5o8R5FB,2,twitter
The Growth of Private Debt markets,2,twitter
The holiday season will showcase the best and worst of the U.S. economy https://t.co/AMhE3OsfGj,2,twitter
The Hummingbird Project is a pretty good.,2,twitter
The Impending End Of A Mania https://t.co/ns4Oe3GHpm,2,twitter
The IRS has raised the limits for how much you can put away in your retirement accounts in 2020. Here’s how much yo… https://t.co/R7dkEheojS,2,twitter
The Jitters Are Back: Everything Is Turning Down Again... Except Stocks https://t.co/q5vt9FoUWZ,2,twitter
The key: focus on long-term capital gains and/or qualified dividends. https://t.co/HugPFtWZZh,2,twitter
The Lasting Toll of a Deadly Virus,2,twitter
The latest online-induced panic shows how viral Facebook posts can stoke paranoia and make people believe that spot… https://t.co/Og1beDnJot,2,twitter
The legacy and lessons of Paul Volcker https://t.co/4JxdvmxV5v,2,twitter
"The longer you wait to save, the more it will cost you in the long run. Here’s how much you need to start saving ri… https://t.co/T4581B5FO8",2,twitter
The Malaysian state of Penang is winning from global investors’ search for safe havens amid the U.S.-China trade te… https://t.co/PjQjBC28mw,2,twitter
The manager of some of the largest investment funds in Canada is favoring European and Asian stocks over North Amer… https://t.co/sG706aE3Fj,2,twitter
"The mid-engine 2020 Chevrolet Corvette isn't even in full production yet, but it has already been named MotorTrend'… https://t.co/Jb5NGxVUmG",2,twitter
The moment the windows get smashed on Tesla's new cybertruck https://t.co/5kQPPbnE80 https://t.co/KwO0J3m29O,2,twitter
The Most Innovative Jobs In The U.S. Are Clustering In A Handful of Cities https://t.co/NzqMT2riyR,2,twitter
The Most Popular Characters in ‘Sesame Street’s’ History,2,twitter
The mother of an Israeli woman imprisoned in Russia on drug-smuggling charges has asked Vladimir Putin to pardon her https://t.co/QiswIyFmzT,2,twitter
The myth among New York's highest earners is that being in Florida for 183 days is enough to get you out of the cit… https://t.co/HtkUrMVstw,2,twitter
The Nasdaq Could Be In Trouble Before 2019 Is Out. Read more and sign up for updates: https://t.co/rfYVcCfma3… https://t.co/HTcvorUn8n,2,twitter
"The NBA is mulling big changes, including a mid-year tournament https://t.co/6rilT6lb5H",2,twitter
The new normal: Cyber Monday is exciting deal-hungry shoppers more than Black Friday this holiday season. https://t.co/uBfz0T7fMK,2,twitter
"The New York Daily News, citing the Health Department, is now reporting there is no confirmed case of coronavirus i... https://t.co/btEiDIcezZ",2,twitter
The next big trend in technology will be smart glasses we wear everywhere. https://t.co/mTNBlmD0EO https://t.co/q6kfkuRQ9C,2,twitter
The No. 1 thing people with fat savings accounts scrimp on that you likely don't https://t.co/PrBO92RNT4,2,twitter
The number of 401(k) millionaires is rising — but there’s a catch. Some baby boomers are taking big risks. - The Washington Post,2,twitter
The number of new coronavirus cases in Indonesia surges by more than 200 for second consecutive day https://t.co/482HK2JttV,2,twitter
The owners of the New York Mets are in talks to sell up to an 80% stake of the Major League Baseball team to billio… https://t.co/rG7o7aw2tL,2,twitter
The Peak Oil Plateau Is Close. Get more updates here: https://t.co/LELAJ9lP6D #stockmarket #markets #stocks,2,twitter
"The people, not governments, should exercise digital sovereignty https://t.co/yBpErum8L8",2,twitter
The Places With China Travel Restrictions Due to Coronavirus Outbreak,2,twitter
The process of looking for a therapist is exhausting. Here's how the tech industry is trying to make the process ea… https://t.co/VYxx5dw8hN,2,twitter
The race is on to 3D-print fake-meat steaks https://t.co/HRwaTUq7hX via @BW,2,twitter
The reason why most traders fail is simple: Would you get into a formula 1 race car and expect to compete with the… https://t.co/yJepWRx9tt,2,twitter
The Retiree's Dividend Portfolio - Jane's October Update: Taking Advantage Of Zero Cost Trading. Follow this and an… https://t.co/vLI04cuRKE,2,twitter
The richest get half the pie... https://t.co/GS6d2grijs OPINION,2,twitter
The risk to one of Wall Street’s richest businesses https://t.co/maWcNLukbE,2,twitter
The rules governing the use of steel and aluminum in cars have emerged as the latest obstacle to completing a revis… https://t.co/gW5qhjysm8,2,twitter
The Russian cybercriminal group “Evil Corp.” allegedly stole more than $100 million from banks using malicious soft… https://t.co/gRZYGZWyPh,2,twitter
The second mouse gets the cheese @JeffCooperLive https://t.co/kRVjlFDpgq,2,twitter
The second pension-related U.K. university strike in two years will affect more than a million students https://t.co/qqlb9QeKZK,2,twitter
The SECURE Act is meant to aid Americans' ability to save for #retirement. What about access to savings for financi… https://t.co/abdEFgJWlz,2,twitter
"The smog in Sydney is forcing offices to evacuate, as it's rated 11x worse than the ""hazardous"" level.… https://t.co/dFw6VfXpc9",2,twitter
"The story today that we are sending 12,000 troops to Saudi Arabia is false or, to put it more accurately, Fake News!",2,twitter
The Strange Thing About Trump’s Anti-Semitism Order,2,twitter
"The Supreme Court rejected a new trial for Adnan Syed, whose case was made famous by the hit podcast ""Serial""… https://t.co/fICtPn9cWl",2,twitter
The trajectory of mortgage rates will largely dictate whether the good times keep rolling for the housing market in… https://t.co/JP8UU9IUpy,2,twitter
The U.K. reports a decline in the number of coronavirus-related deaths for the second day in a row https://t.co/RD7dWLp3kE,2,twitter
The U.S. has crazy-low taxes and this is why (via @bopinion) https://t.co/LS3Rxy6UIB,2,twitter
The U.S. Is Firing Blanks Against a New Iranian Threat,2,twitter
The U.S. Navy sailor who fatally shot two people at Pearl Harbor before killing himself was unhappy with his comman… https://t.co/ACPOHAtzzq,2,twitter
The U.S. Trustee overseeing bankrupt mortgage servicer Ditech says one law firm overbilled for work on the case by… https://t.co/L9Wpy3GM3W,2,twitter
The US economy just gave Trump leverage https://t.co/YizTeFwaJ3 by @ScottSaloway https://t.co/L8YWDV0w4f,2,twitter
"The warming climate is turning baby sea turtles into nearly all girls ♀️🐢

Sea turtle eggs that incubate in sand hi… https://t.co/zUvrNjssPs",2,twitter
The way to have a difficult money conversation with a family member is to just start talking #investinyou (In partn… https://t.co/BVR6RZK206,2,twitter
"The Week Ahead In Biotech: Avadel, Epizyme In Focus In A Quiet Week",2,twitter
The Week Ahead: Original 'Star Wars' saga wraps this week,2,twitter
"The West is failing to meet China’s state-driven push for greater global influence, ex-U.S. trade chief says https://t.co/RNfk4NDUgf",2,twitter
"'The Wolf of Wall Street' photo, with the real Jordan Belfort, sells for $200,000 https://t.co/9igl2IgV1W",2,twitter
"'The World Athletics track and field governing body issued its new competition guidelines for shoe apparel, and the... https://t.co/GxDZ1zJHNp",2,twitter
The World Has Gone Bananas https://t.co/EG73o9djiT,2,twitter
The world's 100 richest people gained more than half a trillion dollars this year https://t.co/n7hNe0eO6N,2,twitter
"The world's first commercial mobile phone cost $10,000 in today's money and weighed about half as much as a 13-inch… https://t.co/hJPXtJs4IW",2,twitter
The world's most-watched YouTube channel is from India. This is @TSeries https://t.co/5zocSyb0bO,2,twitter
"The world's tallest atrium just opened in China. At 636 feet with four skybridges, it rises between the building's… https://t.co/scGmNz373S",2,twitter
"The world's two richest people, Jeff Bezos and Bill Gates, could soon find themselves worth less than Bernard Arnau… https://t.co/5WnKUyJ1nc",2,twitter
"Themes driving sentiment toward the U.S. stock market this year:

1. the economy

2. the Federal Reserve

3. the U.… https://t.co/oIBLKRfy0V",2,twitter
"There are 4 main paths to becoming a millionaire—and this one is the easiest, says money expert. (via @CNBCMakeIt) https://t.co/2LoGP6orbe",2,twitter
There are enough options in the world of all things alcoholic to find a gift to suit every sipper on your list. https://t.co/QVs1Pokh4O,2,twitter
"'There is more to Europe than the EU.' On #BrexitDay Louis de BerniÃ¨res, author of Captain Corelli's Mandolin, offe… https://t.co/d107tKjLZD",2,twitter
"'There is more to Europe than the EU.' On #BrexitDay Louis de BerniÃ¨res, author of Captain Corelli's Mandolin, offeâ€¦ https://t.co/d107tKjLZD",2,twitter
There's a run on surgical masks despite no data' showing they prevent coronavirus https://t.co/834dHn3yzI by... https://t.co/uVDKaVea3q,2,twitter
These 2020 cars and trucks are the most likely to hold their value on the used market,2,twitter
These 5 rules helped make this guy rich by 35. https://t.co/yZ4JEw6hJd,2,twitter
These are the best business schools in Canada https://t.co/ISxIByPtxp,2,twitter
These are the biggest challenges facing the global economy https://t.co/LXFbUKGJiF,2,twitter
These are the top 10 best places to retire. https://t.co/nClRwr8Pv5,2,twitter
These People Own the Most Land in America,2,twitter
"They're buying a list, they're checking it twice.. https://t.co/wodVDiO8Id",2,twitter
Thieves made off with jewelry and artifacts worth a reported $1.1 billion after an early-morning burglary at a Germ… https://t.co/a5j7a9evKs,2,twitter
Thieves steal 18th-century jewellery in Dresden museum heist https://t.co/zBklwnoY8o,2,twitter
"Think BIG, then think BIGGER.",2,twitter
"Think changing your password often will keep you safe? Think again.

Bloomberg reporter @WilliamTurton explains som… https://t.co/E3kCqdmR7u",2,twitter
This #CNBCClassic comp reel from the 1990s features the late CNBC Anchor Mark Haines. Mark was part of CNBC for 22… https://t.co/FIf3dXUivT,2,twitter
This 1 Common Thing Could Devastate Your Finances,2,twitter
This 10.3% Dividend Loves A Pullback,2,twitter
"This 24-year-old is earning $230,000 a year—here are the 3 steps he's taking to become a millionaire by 30. (via… https://t.co/xsJYYm9I8b",2,twitter
"This 99-year-old woman is the world's oldest beauty adviser.

Kikue Fukuhara is helping Japan’s billion-dollar beau… https://t.co/ScYaLyjjI7",2,twitter
This Biotech Deal Is a $10 Billion Leap of Faith,2,twitter
This cat walks around with bionic legs,2,twitter
This couple ditched making more than $200K working at hedge funds to go sail the high seas. https://t.co/7ubfUtRr81,2,twitter
This floating robotic factory is using 3D printing to colonize space. https://t.co/f4yEYWLHc3 https://t.co/TB17vGaCGp,2,twitter
This former top Obama official says one silver bullet would raise $500 billion in personal-income tax https://t.co/DgBplbAdCO,2,twitter
This immersive art installation simulates air pollution in major cities. Would you enter a Pollution Pod? #COP25 https://t.co/9hnuTv8n4J,2,twitter
This is billionaire Jeff Bezos' daily routine and how it sets him up for success. https://t.co/ek82oxP7yi,2,twitter
"This is the best answer I ever received to the question, ""Tell me about yourself."" (via @CNBCMakeIt) https://t.co/O328RzdGIU",2,twitter
This is the largest ever deal in the luxury sector https://t.co/lAkl0AYD8g,2,twitter
This is the left’s plan to slip vote-swaying news into your Facebook feed https://t.co/kx9tbpdQO5 via @BW,2,twitter
This is the real story behind the Do Nothing Democrats!,2,twitter
This Is the Unhealthiest State in America,2,twitter
This is the world's first 3D-printed village https://t.co/YMXZWv1Eks,2,twitter
This Is the Worst Way to Afford the Holidays,2,twitter
"This is what distracted driving looks like in LA and New York.

New data shows drivers are distracted around 20% of… https://t.co/bODOEgK8PU",2,twitter
This Is What It Takes to Be in the 1% Around the World,2,twitter
This is what it's like to run a 112-kilometer trail over South Korea's tallest mountain. https://t.co/HO2nYKFTGg https://t.co/TG4O2dski8,2,twitter
This is what purchasing managers are saying about the economic outlook around the world https://t.co/04ektl4PFy https://t.co/UXqbyPeaoq,2,twitter
"This is where ""America's Top Giver"" Warren Buffett donated $3.4 billion last year. https://t.co/goXpdLZWlo",2,twitter
This Japanese hotel will give you a room for less than $1 per night if you agree to livestream your stay https://t.co/31fS0dYd2F,2,twitter
This Japanese longevity expert lived to 105 and generally ate the same thing every day. (via @CNBCMakeIt) https://t.co/velmN3Yzkd,2,twitter
This lifelike iPhone skin will respond to your touch: https://t.co/KlxlokgmU9,2,twitter
This Might Be A Short-Term Top (Technically Speaking For The Week Of November 18-22). Continue reading:… https://t.co/JK2IXApPNC,2,twitter
This Pig Farmer Is The World’s Fastest-Rising Billionaire,2,twitter
This robot helps people with disabilities avoid loneliness and isolation by allowing them to experience the outside… https://t.co/CG7M7dJdKO,2,twitter
"This robot picks a pepper in 24 seconds using a tiny saw, and could help combat a farm labor shortage.… https://t.co/3EDsXnXwpP",2,twitter
This Search Engine Is Planting Trees Every Time You Browse,2,twitter
"This small autonomous boat can be 3D-printed in less than 3 days, and could be used to taxi people and deliver good… https://t.co/J5Ysn2Q95D",2,twitter
This Underdog Could Soon Become The World’s Largest Oil Producer,2,twitter
This woman has been hunting for treasures and stories in London's River Thames for over 15 years. Here are the most… https://t.co/UIUfp62T07,2,twitter
This ZIP code is home to more millennial millionaires than any other: https://t.co/vPDGwzhjhm,2,twitter
Three breakfast reads,2,twitter
Three dead in shooting at Oklahoma Walmart: RPT,2,twitter
Three keys to avoiding new debt with a new baby #investinyou (In partnership with @acorns.) https://t.co/kyCywg5ex1,2,twitter
Three killed and several wounded in Walmart shooting in Oklahoma,2,twitter
Three Things You Should Check Before Buying KBC Ancora SCA (EBR:KBCA) For Its Dividend,2,twitter
Thriving in a trade war: Japan's Murata finds a way https://t.co/Bw89pdztqe,2,twitter
"Tickets for Obama fundraiser in Silicon Valley cost up to $355,000 https://t.co/tdtWxwt3QD via @FoxBusiness https://t.co/wNg6bJzBhx",2,twitter
"Ticking Time Bomb: Is This Powell's ""Subprime Is Contained"" Moment? https://t.co/VxlAhxUb0l",2,twitter
"Tim Berners-Lee, the inventor of the world wide web, has warned of a ""digital dystopia"" if the world fails to tackl… https://t.co/xrFQSeqxPu",2,twitter
Time to reconsider?,2,twitter
"Tiru Coffee Launches with Black Friday Specials, Giving Everyone the Opportunity to Experience Coffee from its Original Source",2,twitter
To Roth or not to Roth? That is the question. @MadMoneyOnCNBC's @JimCramer breaks down your retirement savings opti… https://t.co/3ghIKbSKis,2,twitter
"To save Venice after its latest flood, you can adopt a very specific piece of it https://t.co/OZxvLws89M",2,twitter
Today and tomorrow room is open for all! https://t.co/fd0acPKbT4 Click link to join into VIP. https://t.co/Fp2vUFtUZQ,2,twitter
"Today is #BrexitDay - so now what?

Here are your most-Googled questions about Brexit, answered by @Jess_Shankleman https://t.co/V72zSgbNnc",2,twitter
"Today, we launched a public platform to improve transparency in the market for green, social and sustainability bon… https://t.co/pwD5emx4qn",2,twitter
"TODAY: Don’t miss our first Healthy Communities event, bringing together health, housing and community development… https://t.co/TWNVafN4wT",2,twitter
TODAY: The U.K. is officially leaving the EU after 47 years in the bloc #BrexitDay https://t.co/wdvvpPB3My,2,twitter
"Today's Free Feature: Strategy Meeting Key Points: Bullish Close to 2019 But Risks Remain $FDX, $FSLR, $CLDR, $CLF,… https://t.co/h3WxSzP1MF",2,twitter
Tokyo's 2020 Olympic Stadium,2,twitter
Tokyo's Haneda airport is the fifth-busiest airport in the world. But it delivered more than 85% of its flights on… https://t.co/QhgH5AZGDm,2,twitter
Tom Brady is struggling — is it time for him to revisit that Wall Street gig? https://t.co/TYEkxMwOkT,2,twitter
"Tonight's business headlines: ▪ US markets close higher, but post weekly losses ▪ Tesla shares down after unveilin… https://t.co/xdMDJAj4XI",2,twitter
Top 5 credit cards for 2020,2,twitter
Top 5 Things to Know in the Market on Thursday,2,twitter
Top Executive Calls on Government to Help Hong Kong Hotels,2,twitter
Top Facebook VP launches charity to find a cure for her currently incurable cancer https://t.co/YdAUH6ViZR by… https://t.co/w3BRVKdxc9,2,twitter
"Top Google Pixel 3, 4, 4 XL Black Friday Deals 2019: All The Best Pixel Savings Rated by Consumer Walk",2,twitter
"Top Instant Pot Black Friday Deals 2019: Instant Pot Ultra, DUO & LUX Multi-Cooker Savings Rated by Consumer Articles",2,twitter
Top Momentum Set-ups for tomorrow; $CRUS $VIPS $RNG $ZBRA $RAD  1. What is swing trading? 2. The short-term edge ac… https://t.co/Qvji8I7VtE,2,twitter
Top Turkey Bankers Say They Were Fired on Regulators’ Orders,2,twitter
Top Turkish Bankers Say They Were Fired on Orders of Regulators,2,twitter
Total : Résultats du quatrième trimestre et de l’année 2019,2,twitter
Tracking Jeffrey Ubben's ValueAct Portfolio - Q3 2019 Update. Subscribe to Seeking Alpha for more:… https://t.co/tDMAsSJSir,2,twitter
Trade Talk Euphoria Dominates But The Hong Kong Bill And Huawei Threaten To Upset The Apple Cart,2,twitter
"Trade update, Toll Brothers earnings, impeachment watch: 3 things to watch in the markets on Monday https://t.co/kHJvfXou5N",2,twitter
Transportation is ‘broken’ — head of GM’s driverless car unit https://t.co/EJFrrux7y1,2,twitter
Trump Campaign Aide Gates Gets Jail Time in Mueller Case,2,twitter
Trump's Bi-Lat Trade Strategy Failed With China Deal (Podcast),2,twitter
Trump's Bi-Lat Trade Strategy Leads To China Deal Fail (Radio),2,twitter
Tuesday's economic calendar,2,twitter
"Turn to the beaches of the Southeast, according to @CateyHill.
https://t.co/18GcluhWX2",2,twitter
Turn Valentine’s Day Into a Romantic Weekend at One of These Lovely Hotels,2,twitter
Turning 65 in 2020? 3 Things You Need to Know,2,twitter
U.K. in Final Stages of Choosing Next Bank of England Governor,2,twitter
"U.S. Anti-Tax Sentiment Linked To History Of Slavery, Economists Argue In Book",2,twitter
U.S. FAA must boost oversight to address Allegiant Air maintenance issues: audit,2,twitter
"U.S. Payrolls, German Recession Risk, BOE’s Mystery: Eco Day",2,twitter
U.S. Treasury lifts Iran sanctions on Dalian unit of Chinese shipper COSCO #economy #MarketScreener... https://t.co/zqd5QLOY5G,2,twitter
"U.S. Working ‘Closely’ With China on Virus Response, Trump Says",2,twitter
Uefa explores move into Champions League streaming https://t.co/Ifdw0O5RDm,2,twitter
UK film and television are jewels in the crown https://t.co/O8qQZlMteZ,2,twitter
UK government admits Covid-19 antibody tests don't work https://t.co/u0mIhbtAjb,2,twitter
Ukraine’s Zelensky stands firm in first encounter with Putin over Crimea https://t.co/9HmMpNGbrx,2,twitter
Ultra-Short Obligation Funds Wrap Up Their Third Consecutive Year Of Impressive Net Inflows. Follow this and any ot… https://t.co/CA1OwTZUGX,2,twitter
UNESCO United Nations Educational Scientific an : Launch of the 2019 SDG 4 Data Digest #UNESCO #economy… https://t.co/EkNi6jX24I,2,twitter
"Unlock our LIVE #market #analysis, exclusive #investingideas, #earnings coverage and more. Test drive Briefing In P… https://t.co/vCa6SQG7LZ",2,twitter
Up to 88% of Hong Kong’s 7.4 million residents have been exposed to tear gas fired at protesters by police https://t.co/uTFPskBGES,2,twitter
UPDATE 10-Besieged Hong Kong campus protesters seek escape routes,2,twitter
UPDATE 1-Company logos vanish from Prince Andrew's website as sex scandal grows,2,twitter
UPDATE 1-Proposed standards for mining waste dams draw concerns from industry trade group,2,twitter
"UPDATE 1-Thyssenkrupp, Kone discuss multi-billion euro break-up fee - sources",2,twitter
UPDATE: @NYCHealthCommr says no Coronavirus in NYC,2,twitter
"UPDATE: The death toll from the global #coronavirus outbreak has risen to 805, passing the SARS death toll in two m… https://t.co/M2alVaYZ7r",2,twitter
"Upper-class individuals are less likely to focus on people, and more likely to dwell on ""things,"" researchers found… https://t.co/BBvZ0821ro",2,twitter
US asset manager puts pressure on Japan’s TBS to offload assets https://t.co/pdqSsnTx3R,2,twitter
US Crypto Firms Will Soon Have Another Banking Option,2,twitter
US Forces Attack Boats Caught Smuggling Oil To Syrian Government https://t.co/sNowxtNXpw,2,twitter
Vail Resorts missing snow in early part of season,2,twitter
VC Firms’ Next Step After Hiring a Woman: Hiring a Second Woman,2,twitter
Venezuela’s Opposition Should Go Back to the Future,2,twitter
ViacomCBS rang the opening bell at the Nasdaq this morning after CBS and Viacom completed their merger yesterday. https://t.co/My09KqpF8L,2,twitter
Video of Serena Williams & Olympia Dancing to Pampers’ “Wild Child Wiggle” Available on Business Wire’s Website,2,twitter
Video-conference app Zoom is a rare winner in Hong Kong protests https://t.co/0q6Lo4d2GW,2,twitter
Virus Fallout Lays Bare Vulnerability of Persian Gulf Assets,2,twitter
Virus Forces Nomura to Rethink Bets on Low-Yield Currencies,2,twitter
"Viveve Medical : MSP Narcotics Task Force Arrests Two, Seizes Nearly 3 Kilos Cocaine in South Shore Operation… https://t.co/W3FdvT5G0W",2,twitter
Wall Street Breakfast: What Moved Markets This Week. Get more updates here: https://t.co/venuKDjdjl #economy #stocks #stockmarket,2,twitter
"Wall Street strategist is skeptical of Russia-Saudi 'dance,' says investors should wait https://t.co/tbWAyfVt5y",2,twitter
Wall Street Weekahead: Conditions may be set for Santa Claus rally https://t.co/yt7UvJZW9n https://t.co/Rrugv5b0ZD,2,twitter
Want to Be Student Loan-Free in 2020? Do These 5 Things,2,twitter
Want to Do Better at Work? This 1 Thing Might Really Help.,2,twitter
Want to increase your net worth? Start by reading these books. https://t.co/SCZk7OG82d,2,twitter
Want to see holograms overlayed on the world around you? Microsoft has made its augmented reality device — HoloLens… https://t.co/51qLbTU6x1,2,twitter
Warehouses in Canada are piled high with enough marijuana to cover two-and-a-half years of demand after cannabis pr… https://t.co/eMFHLYGDFp,2,twitter
Warren Buffett Lunch Turns Into Dinner for Crypto Faithful,2,twitter
Warren Calls Out Blackstone for ‘Shameless’ Profits From Housing,2,twitter
"Warren’s Wealth Tax Would Raise Up to $2.7 Trillion Over 10 Years, but Less Than She Projects: Report",2,twitter
WATCH - ‘We did not initiate this trade war and this is not something we want’: Chinese President Xi Jinping says h… https://t.co/tgMUQllm6M,2,twitter
WATCH - ‘We want to work for a ‘phase one’ agreement on the basis of mutual respect and equality’: Chinese Presiden… https://t.co/X4updjqC97,2,twitter
WATCH - President Xi Jinping says China wants to work out an initial trade pact with the U.S. His comments sent glo… https://t.co/GKHWFnjZ27,2,twitter
Watch an energy focused #NYSESlice interview with @DominionEnergy From their beginnings in 1787 to their goals in… https://t.co/qF29kVZzhs,2,twitter
Watch what happens when a small drone hits a plane at 238 miles per hour. https://t.co/2lBvTtI1Tb,2,twitter
WATCH: A crane pulls debris from the shoreline of Scardovari as northeastern Italy recovers from severe flooding https://t.co/m8dqOVOFZF,2,twitter
"WATCH: New York City Mayor Bill de Blasio holds a news conference on the coronavirus outbreak, which has infected t… https://t.co/rhJRyIBLFm",2,twitter
WATCH: News conference is held in Washington to introduce the turkeys that will receive a presidential pardon https://t.co/fBOaUvIYMN,2,twitter
WATCH: Protesters took to the streets of Rome demanding the Italian government take action to stop violence against… https://t.co/Wj0iILxBD1,2,twitter
Watch: World Health Organization updates on coronavirus outbreak https://t.co/a9zaEP39eI,2,twitter
Watchdog Questions $6.7 Billion in Medicare Payments,2,twitter
We asked FT readers about New York’s best spots for a morning meeting. Here’s what you told us: https://t.co/NSYfUvvkHM,2,twitter
We asked FT readers to share their favourite books published in 2019 and you pointed us towards @jiatolentino… https://t.co/FP3nDTicUv,2,twitter
We asked people Elon Musk's favorite interview question and only 1 could guess the answer correctly. Can you?… https://t.co/Jd5Kf5NNfB,2,twitter
We can learn from others' mistakes and simplify the federal tax code to slow the growth in income inequality and im… https://t.co/X9doiBMAD7,2,twitter
We had a number of scholars here presenting new research at our “Workshop on Expectations Surveys.” This emerging f… https://t.co/bhssfShDZg,2,twitter
We have a number of scholars here presenting new research at our “Workshop on Expectations Surveys.” This emerging… https://t.co/FY1x241gut,2,twitter
We Shouldn’t Strip U.S. Terrorists of Citizenship,2,twitter
We sit down with legendary five-time Grammy award-winning artist @_DionneWarwick moments before her performance at… https://t.co/OSGqSFBpaX,2,twitter
We want your story. Click here for a secure link to Bloomberg reporters https://t.co/4hcRhyMlWZ https://t.co/0Uf2tgDQ7A,2,twitter
We’ve made our daily UK election live updates free to read so everyone – not only FT subscribers – can keep up with… https://t.co/eJrXGnK5hp,2,twitter
Web inventor has an ambitious plan to take back the net https://t.co/lG9L25hCdU https://t.co/fYm3NaW1YO,2,twitter
Wednesday's economic calendar,2,twitter
"Weekend reads: Earn $100,000 a year and pay no federal income tax https://t.co/i73wJLTBNn",2,twitter
"Welcome back, Wall Street! @JimCramer and @byKatherineRoss are breaking down all the latest on the markets and the… https://t.co/lzJSAKAv7s",2,twitter
Western democracies are struggling to balance the geopolitical challenge of China with their need for 5G technology… https://t.co/8VYK3Jcdcr,2,twitter
Western Union und italienisches Unternehmen Postepay ermöglichen grenzübergreifende Zahlungen,2,twitter
WeWork’s escape plan is buried in the books at its Tokyo office https://t.co/Rh0dIEOqbE,2,twitter
"What are the biggest economic or political risks in 2020? Former U.S. Economic Adviser Gary Cohn, Gro Intelligence… https://t.co/6uKws6RXJk",2,twitter
What are the biggest money mistakes you've made? We asked our coworkers — Here's what they said. #CNBCMoneyMistakes… https://t.co/eueA191Xbk,2,twitter
What are you paying in your state and how does it stack up?  https://t.co/LH8QIgDXD9,2,twitter
What can be done to improve #GenderEquality around the world? Watch @KGeorgieva’s conversation w/ @PoliticoRyan  –… https://t.co/GFNBc4nrEa,2,twitter
What career advice would you give to your younger self? We asked CEOs and other leaders at #neweconforum… https://t.co/kvZYiqejaF,2,twitter
What changed for D-Street while you were sleeping - Economic Times,2,twitter
What do you do if the lottery makes you an instant millionaire? Step 1: don't tell anyone. https://t.co/qTVYUARSrG,2,twitter
What does a Bridget Riley painting sound like? https://t.co/m7oXEPU4sa,2,twitter
What happened in the world economy this week – in charts (via @DoubleTGolle & @ZSchneeweiss) https://t.co/i2FRELdxfw https://t.co/QPmmkxMRnX,2,twitter
What India’s Top Three Mutual Funds Bought and Sold in November,2,twitter
What is a cyclical stock? A defensive one? Here's the answer: https://t.co/n7pG0Kw8qQ,2,twitter
What is a Litecoin halving?,2,twitter
What kind of an animal is this?,2,twitter
What Matters For 'Newly Christened Macro Bulls'. Follow this and any other stock on Seeking Alpha!… https://t.co/kzzahcB8Ue,2,twitter
"What the Disney+ ‘hack’ should teach you about your own security
https://t.co/fOYsL227cJ by @DanielHowley https://t.co/qTBbGoaJjS",2,twitter
What to Do If You're One of the 7.5 Million Seniors Who Can't Afford Prescriptions,2,twitter
What to watch in the markets: Week of December 16,2,twitter
"What to watch today: Dow to rise, merger Monday's big deals and Bloomberg enters 2020 race https://t.co/wkie8urHCU",2,twitter
What’s Better Than a Valentine Card? A Valentine Biscuit!,2,twitter
What’s happening to Uber in London isn’t just a local challenge. It’s a test of how it can do business anywhere out… https://t.co/hK5bgl6OFB,2,twitter
What’s missing from your Thanksgiving table? A cranberry-flavored beer https://t.co/v3GsPOvrXc,2,twitter
"What's a country's most valuable resource? @Noahpinion says it's you, dear reader https://t.co/24k4x7U1e0 via @bopinion",2,twitter
What's driving Asia markets right now https://t.co/40P0AvBd2J,2,twitter
"What's in the black box?

Two recent incidents are exposing biases in decision-making algorithms used by finance an… https://t.co/6Jotq1t8ny",2,twitter
What's on kids' wish lists? Here are 12 of the hottest toys for the holidays https://t.co/Rrd2wquvjM,2,twitter
What's the best novel you've read recently? Swap book recommendations in our online book group FT Books Cafe:… https://t.co/96LbqlO8UN,2,twitter
What's the best novel you've read this year? Our favourite authors of 2019 include: @MargaretAtwood @taffyakner… https://t.co/DklppqCBmY,2,twitter
What's the Best Social Security Strategy for Me?,2,twitter
When business journalists become the product,2,twitter
"When God Appears in Contracts, That’s ‘Force Majeure’",2,twitter
"When God Appears in Contracts, That's 'Force Majeure'",2,twitter
"When in Rome, do as the Romans do... and recycle your plastic bottles and aluminum cans for subway commuter credits… https://t.co/7u0Bc5Eep3",2,twitter
"When it comes to company culture, Ben Horowitz, co-founder of VC firm Andreessen Horowitz, says CEOs need to be the… https://t.co/rbHLg1lNke",2,twitter
When should you bring up money in a relationship? Here's how to navigate that tricky conversation.… https://t.co/NiqSJHxUuC,2,twitter
When staffers in WeWork's New York City headquarters received a calendar invite for a mandatory meeting with a note… https://t.co/dB8igjtRCt,2,twitter
"When technology meets art, magical things can happen. This drone light show rivals the beauty of fireworks.… https://t.co/Ud7vsUlLH3",2,twitter
When trading a news driven market have to keep stops wide on swings or more cash until resolution.,2,twitter
When you've lost Tom Lee...,2,twitter
"Whenever the cannabis rebound comes, it will be bumpy
https://t.co/s2z8isV654",2,twitter
Where The World Is Going,2,twitter
Which Countries Spend The Most On Obesity? https://t.co/xC7eABxS3f,2,twitter
WHO Director-General Says Infection-Fighting Equipment Stocks Insufficient,2,twitter
Who Gets Face Masks in a Pandemic? Politicians Aren’t So Sure,2,twitter
WHO Pushes Countries to Share More Patient Details to Combat Coronavirus,2,twitter
WHO says coronavirus vaccine and treatment research has 'accelerated at incredible speed' https://t.co/m2gv0nciVL,2,twitter
Who votes on interest rates? What monetary policy tools does the Fed have? Answers to these questions and more:… https://t.co/CPiU4cQraG,2,twitter
WHO worries about 'shortage' of protective equipment,2,twitter
Who’s coming to #RVAilluminates tonight? Gautam and his family will hit the button at 6PM to help us light up our b… https://t.co/J2ZU8vzGqa,2,twitter
Wholesale Trade,2,twitter
"Who's watching our behavior, and what are they doing with this information? @edmundlee and @robotodd explain.… https://t.co/heTL8zWN92",2,twitter
Why am I watching Arkansas v LSU?,2,twitter
Why does a company become a monopoly? @Noahpinion looks at an intriguing theory https://t.co/cpvzbRLD74 via @bopinion,2,twitter
Why I Fear This Bear Rally. https://t.co/X1NQekCltO #investing #business #stockmarket,2,twitter
Why it’s too late to be defensive,2,twitter
Why NFL great Joe Theismann is trading risky stocks https://t.co/rw6rjypybF by @BrianSozzi https://t.co/U51mR9SPvf,2,twitter
Why Passive Investing Might Be Distorting The Market (Podcast),2,twitter
Why Reports of Drugs for Coronavirus Are Premature,2,twitter
Why Russian Compliance With The Last And Latest OPEC+ Agreements Is Doubtful. Follow this and any other stock on Se… https://t.co/uXT5LDt5eP,2,twitter
Why The 2008 Bear Market Didn't Debunk Leveraged ETFs. Get more updates here: https://t.co/JUhy9et1KN #investing #markets #business,2,twitter
"Why the Disney+ 'hack' shows data is like 'oil' that needs to be secured
https://t.co/UdUMRuYRQp by @GreteSuarez https://t.co/M9jaT6TpcB",2,twitter
Why This Multiple Sclerosis Study’s Positive Results May Not Be Enough,2,twitter
Why U.S. power forecasters don't like Thanksgiving https://t.co/9KWtmDlF8O,2,twitter
Wildfires Cause Sydney to Declare Health Emergency,2,twitter
Will China Declare Force Majeure If Virus Situation Worsens?,2,twitter
Will smart machines kill jobs or create better ones? https://t.co/oGQFVeGoum,2,twitter
Wingstop enters France,2,twitter
"Winter is coming, so book your next meeting in the Game Of Thrones conference room

Walk This Way for a tour of the… https://t.co/UchpdZTnxV",2,twitter
Winter Storm Keeps Trucking Across Eastern US,2,twitter
Wipro erhält mehrjährigen strategischen IT-Auftrag von Marelli,2,twitter
Wipro赢得Marelli的多年战略性IT协议,2,twitter
"With A Return On Equity Of 16%, Has Wabash National Corporation's (NYSE:WNC) Management Done Well?",2,twitter
"With consumer preferences shifting, holiday hiring needs have also changed, with more emphasis on speed and e-comme… https://t.co/IImLhy2AbK",2,twitter
"With every 11-pound load of laundry, between 600,000 and 17 million clothes fibers are released, according to a Dut… https://t.co/OC7NkAmiTJ",2,twitter
"With so many enticing products out there, it’s easy to lose track of how you’re spending your money. Here are some… https://t.co/GbIvSPO6Wz",2,twitter
"With the good news that came out today, you think that once the markets opened it no longer was good? It’s still go… https://t.co/26ZVn79Xyp",2,twitter
"With the right safeguards, frontier economies can take advantage of low-cost loans to help their economies and rais… https://t.co/VlxBL9f6Ng",2,twitter
Woke Sachs,2,twitter
"Women-led businesses, which make up just 20% of venture-capital backed companies, took in $46.3B in capital last ye… https://t.co/aTnjQyRh2U",2,twitter
Womply 2020 State of Local Restaurants Report Finds Mother’s Day Weekend Still Top for Consumer Spending,2,twitter
Woodside anticipates reserve base tripling as new projects progress,2,twitter
World’s Biggest Hedge Fund Returns Are Found in Tiny Singapore,2,twitter
World’s Top Instant-Coffee Shipper Targets Southeast Asia Market,2,twitter
World’s Top Steelmaker Sounds the Alarm as Virus Spreads Through China,2,twitter
Would you like your index fund to pay you a regular rate of return? Try one of these.  https://t.co/zhzUzlqU4S,2,twitter
Wow  https://t.co/L9mDvwlyhx,2,twitter
Wow this Dallas team sucks #DALvsCHI,2,twitter
WTF???? Trey Gowdy? bad hair day? https://t.co/9ZXwdrz1Qv,2,twitter
WWF World Wildlife Fund USA : Response to the Release of the America's Pledge Report  #economy #MarketScreener… https://t.co/HvxxUGfge3,2,twitter
"XFL Players Who Kneel During the Anthem Will Face ‘Consequences’, Commissioner Says",2,twitter
"XFL Players Who Kneel During the Anthem Will Face 'Consequences', Commissioner Says",2,twitter
��Yes! We have no bananas.🎶 Watch the full video and learn why the banana could go extinct. https://t.co/a8LmzX6jKN https://t.co/Zvk25r2EUM,2,twitter
"Yes, and I like a bit on oysters with a little cocktail sauce.",2,twitter
"Yes, retailers are going to try to trick you into spending more... and more... and more.
Here's how to avoid their… https://t.co/rKEtGKMNvB",2,twitter
Yet another reason to unplug: Cellphone injuries have risen over the past 20 years https://t.co/iUIC2yQjgK,2,twitter
Yield Curve Self-Defense. Read more and get updates on any stock! https://t.co/9INpreY6Kg #markets #stockmarket #economy,2,twitter
You Can Teach an Old Netflix Some New Streaming Tricks,2,twitter
"You don't need alcohol to enjoy Thanksgiving.

Instead, celebrate 'Drygiving' with these non-boozy alternatives.

R… https://t.co/a50vrNnfgn",2,twitter
You might not need as much sleep as you think. https://t.co/yNOZtR3uPP,2,twitter
You never know when you're going to have to tap into your emergency fund. Here's how much money you should have in… https://t.co/uTQozBgz8K,2,twitter
"You’re Looking at Methane Emissions All Wrong, Industry Says",2,twitter
You’re probably using the wrong credit card. Here’s how to fix that. https://t.co/AYFcW9safO https://t.co/bzPqPfBVj9,2,twitter
YouGov’s U.K. Director of Political Research warns readers that there is a fake YouGov poll being distributed onlin… https://t.co/nvijjwpAlY,2,twitter
Your cup of coffee is going to cost you more in 2020. Here's why https://t.co/jb79j2op8Q,2,twitter
"Your first trade for Tuesday, Nov. 19",2,twitter
Your student debt could balloon out of control before you even realize it. From finding the right repayment plan to… https://t.co/2ZV42rv0Sr,2,twitter
Your Warren Buffett Update: 48 Stocks With 33 Paying Dividends As Of December. Follow this and any other stock on S… https://t.co/HQFoQXVOqe,2,twitter
"🇨🇱 Clashes erupt in Santiago during ongoing demonstrations in Chile.

President Piñera has acknowledged that excess… https://t.co/600Dqfgodl",2,twitter
"🇰🇵 North Korean leader Kim Jong Un has supervised military drills.

""We urge North Korea to cease all military acti… https://t.co/5FSTMEAGXq",2,twitter
��🌍🌏Wind speeds are up globally. That's good news for renewable energy https://t.co/5HlsbJMYBR,2,twitter
"🎤What does the rhythm of Sydney sound like? 

📰 From our Australia offices, the #NasdaqFam is setting the pace and… https://t.co/hFU6Y6EU1t",2,twitter
"🎧 SOUND ON: @FatboySlim sampled @GretaThunberg's UN speech in a remix of his 1998 hit, “Right Here, Right Now” https://t.co/3fQqKPeuXD",2,twitter
"🏎 This electric car can reach 60 mph in 1.69 seconds, making it the fastest accelerating car in the world https://t.co/fkwMspRy1H",2,twitter
"🏞️ China wants a national park like Yellowstone, near Tibet https://t.co/9d7iKBdKhN",2,twitter
"📱 When will 5G become mainstream?

Here's what @Infosys co-founder @NandanNilekani says https://t.co/beRgcNY2N9",2,twitter
"😷 Children will experience more health problems like diarrhea than their parents as a result of global warming, acc… https://t.co/Tl96heeZ8I",2,twitter
UK and EU must avoid punch-up over finance - next BoE boss Bailey https://t.co/uiXlUxuNKZ https://t.co/O1UaCKuZUV,2,twitter
Bankers say guidance for the small business program isn't clear https://t.co/vuYj2OHjwh,2,twitter
EU not allow epidemic to boost euro zone divergence - EU's Gentiloni https://t.co/uEaHvDaHtR https://t.co/M5RNGQVEtY,2,twitter
Euro zone crisis response must include solidarity fund - France https://t.co/yJd5MX6T0K https://t.co/1H2h0H5T0j,2,twitter
"April gold falls 0.3% at $1,565.60/oz.",0,twitter
"December gold off 0.1% at $1,1469.90/oz.",0,twitter
Gold dips as trade deal optimism benefits riskier assets https://t.co/RWN6oROmRi https://t.co/YDYtPtJpJ9,0,twitter
Gold edges back from modest gains after data,0,twitter
Gold edges lower as investors turn cautiously upbeat on trade outlook https://t.co/hXm8MQnuxr,0,twitter
Gold Falls After Strong Jobless Report #Silver #Stock #MarketScreener https://t.co/sgJSZrfvJE https://t.co/JZ5Pu0GTuN,0,twitter
Gold prices add to losses after jobs report,0,twitter
Materials Down On Mixed Trade-Negotiations Messages -- Materials Roundup #economy #MarketScreener… https://t.co/zehF7KVS7g,0,twitter
Price of Gold Fundamental Daily Forecast – U.S. Dollar Uptick Limiting Gold’s Gains,0,twitter
Silver Weekly Price Forecast – Silver Markets Drop Significantly,0,twitter
Why is gold lower on the day? https://t.co/5F3GjdTMZU,0,twitter
China iron ore surges to over 4-month high as supply uncertainties loom https://t.co/rVOVaCaTrh https://t.co/A28seQYCDe,0,twitter
Brazil's Vale loses spot as world's top iron ore producer to Rio Tinto https://t.co/9LY9M6wN8L https://t.co/morrhHmo94,0,twitter
$RIO $ACH $TRQ - Rio Tinto says virus slowing copper ore shipments from Mongolia https://t.co/ayoOqNBFjq,0,twitter
Gold Falls After Strong Jobless Report #Silver #Stock #MarketScreener https://t.co/Oc9YF2qFrI https://t.co/02RqJbTnaD,0,twitter
Materials Down After Weak Chinese Export Data -- Materials Roundup #economy #MarketScreener https://t.co/2QogIzdFkK https://t.co/8uzHAliRs1,0,twitter
Materials Down On Coronavirus Fears -- Materials Roundup #economy #MarketScreener https://t.co/ca0dXtTIb6 https://t.co/TpYQewRNVg,0,twitter
Gold prices slip after hitting more-than-6-year high https://t.co/HgKNB8gzdm,0,twitter
"$PALL - Palladium Should Fall Soon, Why This Could Be Important For Gold. https://t.co/OMMk0rkHS4 #investing #economy #finance",0,twitter
Gold Suddenly Hammered By Multi-Billion-Dollar Sale  https://t.co/aZrE20B3DJ,0,twitter
"Gold's haven reputation took a serious beating, with prices tumbling as investors sought to free up cash amid a bro… https://t.co/59kM1nufrI",0,twitter
Materials Down As Stimulus Bill Stalls In Senate -- Materials Roundup #economy #MarketScreener… https://t.co/GgFSrLh54j,0,twitter
"$GLD $IAU $PHYS - Gold creeps towards $1,600 as market jitters rise https://t.co/2pJU2fk8cl",1,twitter
5 Gold-Mining Stocks Still Expected to Surge Higher and Outperform in 2020,1,twitter
"April gold up 0.3% at $1,567.30/oz.",1,twitter
"Dec. gold settles at $1,471.90/oz, up $3.40, or 0.2%",1,twitter
"Feb. gold climbs by 10 cents, or 0.01%, to settle at $1,480.60/oz",1,twitter
Gold futures gain 1.1% for the week,1,twitter
Gold Price Forecast – Gold Markets Rally Into The Weekend,1,twitter
Gold Price Forecast – Gold Markets Recover After Initial Selloff,1,twitter
Gold Price Forecast - Gold Markets Recover After Initial Selloff - FX Empire,1,twitter
Gold Prices Inch Up; Trade Talks Remain in Focus,1,twitter
Gold prices settle higher for a second straight session,1,twitter
Gold prices settle higher to post a weekly rise of over 1%,1,twitter
"Gold rises above $1,700 as bullion buyers hedge upbeat stock bets https://t.co/lSOF52tCJ6",1,twitter
Gold scales more than 3-week peak as coronavirus hits global economies https://t.co/b5j3WLUOz7 https://t.co/cbdfhAZYZD,1,twitter
Gold steadies as virus concerns stall stock markets - Nasdaq,1,twitter
Hold Iamgold to Benefit From Next Gold Bull Market,1,twitter
Materials Up After Xi's Comments On Trade Relations -- Materials Roundup #economy #MarketScreener… https://t.co/SSSX4EEXJl,1,twitter
Materials Up As Investors Hedge On Pandemic Outlook -- Materials Roundup #economy #MarketScreener… https://t.co/lEkrDPdD4c,1,twitter
Silver Price Forecast – Silver Markets Continue Forming Support,1,twitter
This chart setup signals a major rally ahead for gold and silver (via @TradingNation) https://t.co/VHHVxcDvPI,1,twitter
Gold Mine Output Falls For First Time Since 2008 https://t.co/W6LYcZvzxt,1,twitter
Gold bars in short supply due to coronavirus disruption https://t.co/EWyq7sdECJ,1,twitter
Gold has surged this year thanks to the trade war and rate cuts. Analysts say 2020 may bring more rewards.… https://t.co/t85Oydg8Bl,1,twitter
"Gold prices move up as focus turns to Fed meeting, China trade deal https://t.co/s3o6R9LARM",1,twitter
"$PPLT $PLTM $PTM - Palladium roars to record $1,900/oz. on South Africa power cuts https://t.co/J7V4TpvteI",1,twitter
"Gold is going to $2,500, $3,000 an ounce: investment expert https://t.co/hlkzcR2CaY https://t.co/74Nz6TV9Qn",1,twitter
Gold firms ahead of tariff deadline and central bank decisions https://t.co/EZFDczi5P9 https://t.co/kE9ngOnIBA,1,twitter
"Gold is going to $2,500, $3,000 an ounce: investment expert https://t.co/Kc41XEEQLH https://t.co/dyXrizEju8",1,twitter
Gold hits 4-month high after U.S. strike kills key Iran military leader https://t.co/zWPGVNbFHn,1,twitter
Copper Buyers Call Force Majeure Amid China's Efforts To Control Coronavirus Outbreak. https://t.co/PwX6DOz94q… https://t.co/8USCGeqPSA,1,twitter
"Gold on track for a fourth straight gain, buoyed by coronavirus outbreak https://t.co/cpi5yGY54R",1,twitter
Gold holds gain after WHO chief's 'tip of the iceberg' warning https://t.co/oZn2yd2JQ4 via @business https://t.co/3GdcWuMfIK,1,twitter
China Fears Are Still Propelling Gold Demand. https://t.co/RAB1hQkW6r #stockmarket #economy #markets,1,twitter
"Gold hovered near $1,700 an ounce, extending its rally to the highest in more than 7 years https://t.co/frfLbMdeVp https://t.co/dNMkIo8PEY",1,twitter
History suggests there's a good chance gold will bounce back strongly after this month's pummeling… https://t.co/2B4ciDnlmW,1,twitter
$XAUUSD:CUR $GLD $IAU - Gold gets jiggy after Fed actions https://t.co/gRrR8mCP0d,1,twitter
History suggests there's a good chance gold will bounce back strongly after this month's pummeling https://t.co/2fgldMWXV6,1,twitter
Gold gains more than $80 an ounce in largest daily dollar climb on record https://t.co/WR0A7nyXi1,1,twitter
History suggests there's a good chance gold will bounce back strongly after this month's pummeling https://t.co/3O0fLqhdws,1,twitter
Gold extends surge after Fed unveils measures to support economy https://t.co/alMBM87pTh,1,twitter
"Most-active gold futures jumped 6.6% to $1,671.20 a troy ounce in New York. Silver, platinum and palladium all rose… https://t.co/aDRGg4L1ya",1,twitter
$HG1:COM $FCX $TECK - Copper pops to biggest gain in six years on stimulus bet https://t.co/RMjaEyvsZ8,1,twitter
"Gold gains for a second straight day, up 6% in biggest daily rise in 11 years https://t.co/ijqZlh8kjF",1,twitter
"Goldman On Gold: ""Time To Buy The Currency Of Last Resort""  https://t.co/xOgpsBr7jd",1,twitter
Goldman Sachs tells clients it is time to buy gold https://t.co/L61H0PQxTR,1,twitter
"Goldman Sachs pushes gold, based in part on growing popularity of deficit-spending theory https://t.co/GHCumq1QS8",1,twitter
Stock Market Update: Gold Grabs Fourth-Straight Advance,1,twitter
$COMDX: Metals Settlement Prices https://t.co/AS20EVgY5E,2,twitter
$COMDX: Metals Settlement Prices https://t.co/Qu7V0v0IFC,2,twitter
$PPLT - Platinum: Its Relatively Poor Performance Since 2016 Is Set To Keep Its Investment Demand Buoyant In 2020.... https://t.co/uJT3ggmR1d,2,twitter
♻️ Is aluminum the green alternative to plastic we've been looking for? https://t.co/gqJpfiO0P6,2,twitter
6 Gold Companies Investors Can’t Ignore In 2020,2,twitter
6 Gold Companies Investors Can’t Ignore In 2020 - Yahoo Finance,2,twitter
$COMDX: Metals Settlement Prices https://t.co/77GfASR4lX,2,twitter
Barron’s on MarketWatch: Gold has taken a beating — here’s how to play a rebound,2,twitter
"China’s rare-earth production boost threatens U.S., Australia growth plans https://t.co/5sKBmYH9yQ",2,twitter
Gold little changed after economic reports,2,twitter
Gold Price Forecast – Gold Markets Relatively Stable,2,twitter
Gold Prices Near Flat Despite Uncertainties Revolving Around Prolonged Trade Spat,2,twitter
"GOLD, Tuesday forecast, November 19",2,twitter
Indian gold sold at discount as wedding demand disappoints,2,twitter
Jeff Clark’s Market Minute: This Needs to Happen Before Gold Runs Higher,2,twitter
Price of Gold Fundamental Daily Forecast - Direction Dictated by Demand for Higher-Yielding Assets - FX Empire,2,twitter
"Price of Gold Fundamental Weekly Forecast – Underpinned by Weaker Dollar, Cautious Response to Trade Deal",2,twitter
RPT-ASIA COPPER WEEK-Freeport sees sharp drop in copper treatment charges next year,2,twitter
Silver Lingering at $17.00,2,twitter
Stock Market Update: Gold Little Changed,2,twitter
Copper belt miners turn to Tanzania as South Africa lockdown hobbles ports https://t.co/7Z2rR2OcCt https://t.co/pfZyNAISzp,2,twitter
Philippine nickel miners and Chinese battery makers are exploring a potential collaboration ahead of Indonesia's ba… https://t.co/qZ01YKBl0Z,2,twitter
$NUGT $JNUG - Exposure of two Direxion 3X gold ETFs slip to below 300% https://t.co/vaE9c7yOpH,2,twitter
"The technical levels to watch on gold, oil and U.S. treasuries https://t.co/QfiTV4DidR https://t.co/T1VdsU9uu3",2,twitter
2019 Research Report on the Copper Switch-off: Will It Come Soon? - https://t.co/guyiBzPH8C https://t.co/2EmaRMmfKQ https://t.co/2ABl2h8MvR,2,twitter
Gold: Viruses And Interest Rates. https://t.co/2hrokrSypR #finance #stocks #stockmarket,2,twitter
$COMDX: Metals Settlement Prices https://t.co/k0ZB6QOEW5,2,twitter
$COMDX: Metals Settlement Prices https://t.co/4ZolcvQLoM,2,twitter
What Is Holding Gold Back. https://t.co/G7nYRY2yUI #finance #stockmarket #economy,2,twitter
Silver to Play a Critical Role in 5G Technologies  https://t.co/7POOYN8ZhV,2,twitter
$penn coin,2,twitter
$COMDX: Metals Settlement Prices https://t.co/hmvmSd73Gc,2,twitter
Copper belt miners turn to Tanzania as South Africa lockdown hobbles ports #copper #Stock #MarketScreener… https://t.co/zEAWb6jVmy,2,twitter
Copper belt miners turn to Tanzania as South Africa lockdown hobbles ports https://t.co/YCyHO65NXN https://t.co/fHcLtedTee,2,twitter
$COMDX: Metals Settlement Prices https://t.co/4GZyjFaFIv,2,twitter
Innodisk Group Strengthens AIoT Vision with Sysinno Acquisition,2,twitter
$BILL - https://t.co/quBd925hQa Could Be One Of 2019's Stronger IPOs. Get more updates here:… https://t.co/laqOHQxPGG,2,twitter
$EH - IPO Update: EHang Holdings Files IPO Proposed Terms. Sign up for updates on Seeking Alpha!… https://t.co/5wlB0I3L4N,2,twitter
$MKD - Molecular Data Starts U.S. IPO Process. Subscribe to Seeking Alpha for more: https://t.co/On9c78FkzN #economy #trading #business,2,twitter
$RMD - ResMed buys CPAP resupply software developer https://t.co/33RiIDdfn5,2,twitter
$SMRT - Stein Mart accepts buyout offer https://t.co/GYl9PnUOPe,2,twitter
$WMGC - Warner Music Group Begins IPO Effort. https://t.co/mmiiPbeA5d #business #finance #markets,2,twitter
AEGIX Global Acquires Legendary Suppressor Manufacturer AMTAC,2,twitter
Airbnb may choose direct listing over IPO,2,twitter
Ameritrade-Schwab approval may take up to 10 months - Morgan Stanley,2,twitter
Angolan State Diamond Company Says It’s Preparing for an IPO,2,twitter
"Aramco IPO: It's a thanks, but no thanks from Malaysia's Petronas #economy #MarketScreener https://t.co/RYnK2fQCtv https://t.co/GhmXBphTxX",2,twitter
"At the heart of Prince Mohammed’s economic reforms, the IPO was at one time seen as a mechanism to raise $100bn fro… https://t.co/2coXulCDMe",2,twitter
Beam Therapeutics prices upsized IPO at $17,2,twitter
BRP Group to acquire Lanier Upshaw,2,twitter
"Carlyle, Hellman backed PDD raises $1.6bn from IPO",2,twitter
"Carlyle, others invest in Amex corporate-travel business",2,twitter
"Carlyle, Qatar Fund Acquire Stake in AmEx Corporate Travel Unit",2,twitter
Casper Sleep expected to open above IPO pricing,2,twitter
"Casper's stock indicated to open $13-$14, or 8.3%-17% above $12 IPO price",2,twitter
CI Can Am Small Cap Fund Invests in REIT and Wood Products Manufacturer,2,twitter
CRH Medical acquires 51% stake in Florida Panhandle Anesthesia Associates,2,twitter
CSB Bank IPO Subscribed 4.35 Times On Second Day Of Bidding,2,twitter
Dongfeng Is Poised to Sell Down Stake in PSA to French Investor,2,twitter
Dongfeng to reduce PSA stake in merger deal with Fiat: sources,2,twitter
EaseMyTrip Files Rs 510-Crore IPO Papers With SEBI,2,twitter
"Financial software services provider Bill.com prices IPO at $22 a share, above price range",2,twitter
"For Saudi Arabia’s Richest, the Aramco IPO Is Payback Time",2,twitter
Here’s Everything To Know About Airbnb’s 2020 IPO—Which Could Be Nontraditional,2,twitter
Highlight: 'We're really in this for the long run' One Medical CEO Amir Dan Rubin says about announcing their IPO... https://t.co/UWmcKv0INF,2,twitter
How Did Last Week's IPOs Perform?,2,twitter
"If You Invested $1,000 in Square's IPO, This Is How Much Money You'd Have Now",2,twitter
"If You Invested $10,000 in Chesapeake Energy's IPO, This Is How Much Money You'd Have Now",2,twitter
"If You Invested $10,000 in Google's IPO, This Is How Much Money You've Have Now",2,twitter
"If You Invested $5,000 in Shopify's IPO, This Is How Much Money You'd Have Now",2,twitter
JAB Weighs IPO for Coffee Business Including Peet’s Brand,2,twitter
JABÃ‚Â Adds Goldman Sachs to Lead Banks on Coffee Unit IPO,2,twitter
"Lenders, Homebuyers Approve NBCC’s Bid For Jaypee Infra",2,twitter
"Level of interest in $WORK
VWAP from the IPO https://t.co/hg90hnwESu",2,twitter
"Memorable MarketSite moments: hosting @datadoghq for its IPO in 2019.
See more key moments as we celebrate… https://t.co/NpcVNzAcY1",2,twitter
Mondelez International holds a piece of new coffee IPO,2,twitter
"OneWater Marine IPO prices at $12, at the bottom of the expected range",2,twitter
OneWater Marine prices IPO at bottom of recently lowered range,2,twitter
"PPD indicated to open at $32, or 19% above IPO price",2,twitter
PSA board signs off on Fiat Chrysler merger: source,2,twitter
PSA's Board Approves Merger With Fiat Chrysler,2,twitter
Sacklers withdrew over $10 billion in a decade from Purdue Pharma: New York Times,2,twitter
Saudi Arabia’s government invested over $2 billion in Aramco IPO https://t.co/RkzkE0Up5x @business https://t.co/U93cpiGJvH,2,twitter
"Saudi Aramco meets ADIA, Abu Dhabi funds in IPO pitch: sources",2,twitter
Saudi Aramco Set to Pay Banks Only $64 Million for Record IPO,2,twitter
Saudi Healthcare Firm Is Said to Seek Up to $700 Million in IPO,2,twitter
Takeaway declares $7.8 billion Just Eat takeover unconditional #ProsusNV #Stock #MarketScreener... https://t.co/pFgYopW23P,2,twitter
Tencent-Backed Yeahka to Seek $300 Million in Hong Kong IPO,2,twitter
These are best performing IPOs of 2019,2,twitter
Vacasa Grows Investment in Colorado Through Acquisition of Resort Lodging Company,2,twitter
VC Deals: AbbVie Joins $50M For Inflammatory Disease Treatments. https://t.co/SmETKanfUt #stockmarket #markets #stocks,2,twitter
What’s next for IPOs in 2020,2,twitter
"When Neal Froneman acquired Stillwater three years ago, critics said he had overpaid for the palladium producer. No... https://t.co/y88SJK6nat",2,twitter
$AMZN (+0.4% pre) Amazon files lawsuit contesting Pentagon's $10 billion cloud contract to Microsoft $MSFT - Reuter… https://t.co/Zcune2EHeD,0,twitter
$CMCSA $LHX - Comcast sues L3Harris in patent dispute https://t.co/kWReshGbvz,0,twitter
$CVX $CHK $EQT - Many more energy writeoffs likely following Chevron $10B-plus charge https://t.co/CckjTWAUHG,0,twitter
$VC - Visteon faces lawsuit on home turf https://t.co/TX8UiKK5ZJ,0,twitter
$XLF $FAS $FAZ - Banks may face legal actions over margin calls - FT https://t.co/SAACWM7yNa,0,twitter
‘Judge Judy’ $47 million salary case closed but second lawsuit looms,0,twitter
A group of investors sued 4 cryptocurrency exchanges and 7 issuers claiming they sold billions of dollars of unregi… https://t.co/awo2JBfMUd,0,twitter
"A man is suing Burger King because the meatless Impossible Whopper is cooked on the same grill as meat products, th… https://t.co/2WEnjgoIr1",0,twitter
"Amazon could be forced to spin off AWS, Oppenheimer says",0,twitter
Amazon files suit protesting Microsoft's JEDI cloud contract with Pentagon https://t.co/BKm8VNsADQ,0,twitter
Amazon sues over loss of Pentagon cloud deal to Microsoft https://t.co/8V4JiazrzH via @business https://t.co/sI3cF5Guz4,0,twitter
Amazon sues U.S. over loss of Pentagon cloud deal to Microsoft https://t.co/LkW7j36pGn,0,twitter
Australia's Westpac accused of 23 million money laundering breaches,0,twitter
"Ban on flavored vapes could lead to loss of 150,000 jobs, $8.4 billion sales hit: report https://t.co/rBpi75OKM5 https://t.co/oXLLryarER",0,twitter
Banks could lose over $100 Million from loan made to China's Luckin Coffee chairman https://t.co/8GODE9VpnT,0,twitter
Burger King faces class action over Impossible Whooper,0,twitter
Business owner sues Target for copyright infringement,0,twitter
California governor rejects $13.5 billion PG&E settlement,0,twitter
California Intensifies Fossil Fuel Fight With Drilling Ban,0,twitter
California is slapping CVS with a $3.6 million fine for not following state recycling laws https://t.co/JDcPfP5Dd3,0,twitter
California sues Juul,0,twitter
CBS is sued by an investor who is seeking files on the $11.7 billion Viacom deal https://t.co/ervelXnx3T,0,twitter
Cisco Sues Ex-Employees Over Alleged Trade Secrets Theft,0,twitter
Congo Palm-Oil Producer Implicated in Environmental Report,0,twitter
Credit Suisse faces £68m lawsuit from banker arrested in Romania https://t.co/fHtmKazqwv,0,twitter
Crypto Exchange BitMex Hit With $300 Million Investor Suit,0,twitter
CVS and Walgreens in red on NY lawsuit over billing practices,0,twitter
Denver Nuggets network sues Comcast for antitrust,0,twitter
Deutsche Bank has agreed to pay €15 million in penalties to end a probe into possible money-laundering and tax evas… https://t.co/szMpp0frcf,0,twitter
Deutsche Bank staffers cleared but bank fined in money laundering case https://t.co/TKJwkQIkfQ https://t.co/7nBJWdOUQr,0,twitter
Deutsche Bank sues over $1.6 billion in claims against Bernard Madoff’s bankrupt investment advisory business https://t.co/0AuOETdUyR,0,twitter
DOJ preps legal action against Live Nation - WSJ,0,twitter
DOT watchdog probes pilot training requirements after Boeing 737 Max crashes https://t.co/e59aKdBi3e,0,twitter
Elliott Risks $22 Million Fine From French Market Regulator,0,twitter
Ex-Och-Ziff Manager Sentenced to 3 Months in Bribery Case,0,twitter
"FAA predicted Boeing 737 Max, facing more delays, would crash 15 times over its lifetime https://t.co/rehAx6OJWy vi… https://t.co/JhJAStsIJG",0,twitter
FCA Investigates Fraud in Collapse of Two Listed Companies,0,twitter
FCC Bigfoots Satellite Companies,0,twitter
Germany Fines Steelmakers 646 Million Euros for Price Fixing,0,twitter
Huawei initiates legal action against Verizon,0,twitter
Huawei Sues Verizon in U.S. for Multiple Patent Violations,0,twitter
Indonesia Files WTO Lawsuit Against EU Over Palm Oil Limits,0,twitter
INVESTOR ALERT: Law Offices of Howard G. Smith Announces the Filing of a Securities Class Action on Behalf of HEXO… https://t.co/GU2DtXiAyp,0,twitter
Is Ben & Jerry's misleading consumers? Lawsuit says 'happy cow' representation not quite true,0,twitter
JPMorgan under the microscope for metals spoofing,0,twitter
Large gender bias class action vs Sterling Jewelers revived -US appeals court,0,twitter
Lawsuit against Boeing seeks to hold board liable for 737 MAX problems,0,twitter
Live Nation Falls After Report DOJ Is Preparing Legal Action,0,twitter
Morgan Stanley fined $22 million for digging bond markets https://t.co/Uh3QzkQ3IB via @business https://t.co/Pe16MdWRNj,0,twitter
New lawsuit seeks to pin blame for 737 MAX on Boeing's board,0,twitter
"New York City may ban flavored vapes as soon as next week
https://t.co/WmRxcb4InQ via @guardian https://t.co/jifPXgr6gm",0,twitter
New York joins states suing e-cigarette maker Juul,0,twitter
New York State AG investigating WeWork,0,twitter
"Newspaper fights Warner Bros, 'Richard Jewell' over depiction of reporter trading sex for a scoop https://t.co/DYG3hz2Kst",0,twitter
Papa John’s founder John Schnatter has filed a lawsuit against an advertising firm and its parent company related t… https://t.co/YSuMfyA7cM,0,twitter
"Papa John's founder sues ad agency; his wife files for divorce, saying marriage is 'broken' https://t.co/Hc10XTgidf",0,twitter
Qualcomm Faces EU Probe Into Smartphone Technology,0,twitter
Samsung Electronics executive receives jail term over union-busting: media,0,twitter
Samsung Heavy Industries to pay $75 million to resolve foreign bribery case: U.S. #SamsungHeavyIndustries #Stock… https://t.co/XgTBQMro1V,0,twitter
SEC opens preliminary probe of Vale in dam tragedy - report,0,twitter
Shareholder Investigation Alert: Halper Sadeh LLP Investigates Whether the Sale of These Companies is Fair to Share… https://t.co/GoZXvE70O2,0,twitter
SHAREHOLDER INVESTIGATION: Halper Sadeh LLP Investigates Whether The Sale Of These Companies Is Fair To Shareholder… https://t.co/SPKfERlLfU,0,twitter
Swiss watchdog continues Credit Suisse probe after CEO goes,0,twitter
The SEC issued suspension orders for dental supplier No Borders Inc. and apparel maker Sandy Steele Unlimited Inc.… https://t.co/eb0ZFlNgjl,0,twitter
Toyota says labor officials found it responsible for worker suicide,0,twitter
U.S. Justice Department preparing legal action against Live Nation: source,0,twitter
U.S. safety board chair criticizes Uber for 2018 fatal self-driving crash,0,twitter
"UK lawmaker blames HSBC, Standard Chartered, Bank of Baroda in South Africa corruption",0,twitter
"UK Regulator Names, Shames And Imposes £1.9m Fine On Closet Index Manager. Continue reading:… https://t.co/KhlmVsm62t",0,twitter
UK watchdog probing Google-Looker deal,0,twitter
UPDATE 1-California sues e-cigarette maker Juul for selling nicotine products to youth,0,twitter
UPDATE 1-California toughens drilling oversight in setback for industry,0,twitter
UPDATE 1-Influential U.S. doctors group calls for ban on vaping products,0,twitter
UPDATE 2-U.S. safety board wants Boeing to redesign 737 NG part after fatal Southwest accident,0,twitter
"UPDATE 2-UK lawmaker blames HSBC, Stanchart, Baroda in S.Africa corruption",0,twitter
Walmart hit with wrongful-death lawsuit by estate of worker who died of coronavirus https://t.co/8Zza8pLmfA,0,twitter
Westpac hit with class-action suit in U.S. linked to money-laundering case https://t.co/70WSjlGyhY https://t.co/pM6x0ZREzr,0,twitter
WeWork Special Committee Files Lawsuit Challenging SoftBank's Wrongful Decision to Terminate Tender Offer… https://t.co/UaVzmLIJQq,0,twitter
WeWork sues SoftBank for backing out of $3bn deal https://t.co/l1e6iCiS0T,0,twitter
WeWork sues SoftBank over withdrawal of $3 billion tender offer https://t.co/Zifk6BgyyP,0,twitter
Wirecard says 2017 audit of Singapore unit not concluded due to probe,0,twitter
X FINANCIAL INVESTOR ALERT: Wolf Haldenstein Adler Freeman & Herz LLP announces that a  securities  class  acti… https://t.co/NW7EFXwvMD,0,twitter
$AMC $CNWGY $CNK - DOJ files motion to roll back movie distribution rules https://t.co/kcMPj68GCL,1,twitter
"$BAYRY $BAYZF - Bayer, plaintiffs agree to postpone glyphosate lawsuits for settlement talks https://t.co/qVd2jpfZtC",1,twitter
$DISH $I $SGBAF - Dish spectrum sale shouldn't face FCC issue - New Street https://t.co/m2nqyRxjBt,1,twitter
"$FNJN 'Finjan wins IPR patent trial as the PTAB rules that Juniper Networks failed to prove that Finjan '844 ""Downl… https://t.co/wlOmfcLSK3",1,twitter
$MCD - McDonald's settles class action lawsuit https://t.co/9SoYTIcr1L,1,twitter
"$TMUS $S - Texas AG settles with T-Mobile, Sprint https://t.co/Beup6Aqvqv",1,twitter
Airbus to pay $4 bln to settle corruption probe - French prosecutor #economy #MarketScreener https://t.co/yNFl0nOD6B https://t.co/Qko6XJCAwK,1,twitter
"Airbus will pay around $4 billion to settle corruption probes by the U.S., British and French authorities into cont... https://t.co/EMakbF7H9G",1,twitter
Alio Gold Settles Arbitration With Maverix Metals  https://t.co/DA3DrYrybW,1,twitter
"Banks settle Fannie, Freddie bond-rigging suit for $337M",1,twitter
China’s antitrust authority has suspended a probe of Tencent Music https://t.co/W7LjB2MvTa,1,twitter
Exxon Mobil : Found Not Guilty of Fraud in Climate-Change Accounting Case #ExxonMobil #Stock #MarketScreener… https://t.co/BAAL3ZX7Af,1,twitter
Exxon Mobil prevails in New York climate change lawsuit #economy #MarketScreener https://t.co/nzUeEz2G4O https://t.co/4TQpxKLlzM,1,twitter
"Exxon was found not guilty in New York climate change case, ending the 4-year saga for the oil company. https://t.co/T2Zdt3jNiy",1,twitter
ExxonMobil wins climate change court fight with New York https://t.co/3WQw4XLbqo,1,twitter
Fiat settles tax issue in Italy,1,twitter
French regulator ends probe into supermarket Casino and short-seller Muddy Waters,1,twitter
HSBC agrees to pay $192 million to resolve U.S. tax probe https://t.co/UP1jTOYd2x via @business https://t.co/FikIgPdI06,1,twitter
Judge will not force Uber to convert drivers to employees,1,twitter
McDonald : to Pay $26 Million in Wage Suit -- Update #McDonalds #Stock #MarketScreener https://t.co/zoeZqlt5Qo https://t.co/vK42itd5sU,1,twitter
McDonald's is paying $26 million to settle a class action lawsuit over wage theft. It's the latest development in a… https://t.co/Aem5z1qESj,1,twitter
McDonald's settles class action lawsuit,1,twitter
McDonald's to pay $26 million to settle California wage lawsuit https://t.co/ZoqatIJIoU https://t.co/b1fIfJerMN,1,twitter
NEW: Goldman Sachs' fine for its role in the 1MDB scandal could be under $2 billion -- far less than what some anal… https://t.co/AY59vwz3iW,1,twitter
PG&E nears $1.7B settlement tied to 2017 California wildfires - Bloomberg,1,twitter
PG&E Reportedly Nears $1.7 Billion California Wildfires Settlement,1,twitter
"Teva, Drugmakers in Talks With U.S. to End Generics Probes",1,twitter
"Texas settles with T-Mobile, Sprint over merger: statement",1,twitter
U.S. SAID TO DISCUSS GOLDMAN 1MDB SETTLEMENT BELOW $2 BILLION,1,twitter
$BAYRY $BAYZF - Bayer seeks reversal of $86M Roundup cancer verdict https://t.co/5bIlpQMyht,2,twitter
$EFX - Four Chinese military hackers charged in Equifax breach https://t.co/QmmOX866Ey,2,twitter
$GOOG $GOOGL - Google rivals want EU to investigate vacation rentals https://t.co/8nXAOxhcqG,2,twitter
$HSBC - HSBC to pay $192M under deferred prosecution agreement https://t.co/lX9m3MsDmm,2,twitter
$VHC: VirnetX Holding confirms appeals court ruling; affirms infringement with respect to VPN-on-demand feature of.… https://t.co/xCVXpaiLRE,2,twitter
6 Citgo executives were released Monday and placed under house arrest after being jailed in Venezuela since Nov. 20… https://t.co/H7ER8hdTHp,2,twitter
A federal grand jury has charged four members of the Chinese People's Liberation Army with hacking Equifax and stea… https://t.co/WlH2V7Nk2e,2,twitter
A judge has temporarily blocked New York's new ban on broker fees paid by renters https://t.co/1QET3Td6Co,2,twitter
"Amazon com : seeks to depose Trump, Esper in lawsuit over cloud computing contract #Amazoncom #Stock… https://t.co/VV5RlkaAZd",2,twitter
Amazon has asked a federal court for permission to get testimony from President Trump and Defense Secretary Mark Es… https://t.co/qfaxvEHtfB,2,twitter
Amazon Moves Court Seeking Stay On Competition Commission Order,2,twitter
Amazon Moves To Depose Trump In Lawsuit Over $10 Billion 'JEDI' Contract | #FreeZeroHedge https://t.co/859jQwnr69,2,twitter
Amazon seeks testimony from Trump in cloud contract appeal https://t.co/0j1Ud0cX5L,2,twitter
American regulators voted to impose new restrictions that prohibit US carriers from using federal subsidies to buy… https://t.co/4frzqlJ2Ey,2,twitter
Anil Ambani Ordered to Pay $100 Million Deposit in Loan Fight,2,twitter
Appeals court tosses Democrats’ emoluments suit against Trump,2,twitter
Attorney General William Barr just announced the U.S. has indicted 4 Chinese hackers in connection with the 2017 Eq… https://t.co/wBtknfTnOQ,2,twitter
AURELIUS Equity Opportunities : files criminal complaint against the responsible managers ... #AURELIUS #Stock… https://t.co/tE0294n6dl,2,twitter
Barr says he’s aiming to wrap up Big Tech antitrust probe next year https://t.co/qC3QCSmAJx,2,twitter
Bayer : faces lengthy Roundup appeals and settlement talks continue #Bayer #Stock #MarketScreener... https://t.co/VNB8mDNAJX,2,twitter
Bayer asks California court to reverse $86 mln Roundup cancer verdict,2,twitter
"Berkeley, California banned gas stoves in new buildings. Here's why some chefs are not happy about it https://t.co/sNOyAQmBz5",2,twitter
Breaking - SEC rejects NYSE proposal to allow companies to raise capital in direct listings,2,twitter
California tells property insurers not to drop policies for homes in wildfire-prone areas https://t.co/sIue2GP0dr,2,twitter
Canada's Transportation Safety Board Investigates Crude Train Derailment,2,twitter
CDC says no single brand is likely responsible for the outbreak of vaping lung disease https://t.co/zY05O5FgNQ,2,twitter
Computer programmers plead guilty to operating popular illegal streaming service sites,2,twitter
CORRECTED-Ex-British Airways executive indicted over alleged JFK Airport bribery scheme,2,twitter
Court: Company must pay for toxic waste on Idaho tribal land,2,twitter
"Daimler, Volvo Win Dismissal of $950 Million Cartel Suit",2,twitter
DOJ Charges 4 Chinese Military Hackers In Equifax Breach | #FreeZeroHedge https://t.co/EmdkTiF5Ib,2,twitter
Emissions fight escalates as California issues ban,2,twitter
Eskom Loses Bid for Higher Tariffs as Court Defers to Regulator,2,twitter
"Expedia, TripAdvisor and dozens of other travel firms ask the EU to investigate Google, claiming it favors its own… https://t.co/fB7GaRtHF1",2,twitter
Ex-Pimco CEO Douglas Hodge Gets Nine Months in College Admission Scam,2,twitter
Exxon Says N.Y. Used Fraud Claims to Score Political Points,2,twitter
FAA may overhaul plane-certification process,2,twitter
FAA weighs plane approval revamp,2,twitter
FCC Chairman Calls for Public Auction of C-Band Airwaves,2,twitter
Fiat Fights Back: Chairman Rejects GM's Allegations Of Union Bribery https://t.co/Zz0vW9I0Cl,2,twitter
Former FedEx manager pleads guilty in package theft scheme,2,twitter
"FSIS Issues Public Health Alert for Products Produced with Romaine From the Salinas, California, Growing Region  https://t.co/PXrcPRAXM1",2,twitter
Ghana Charges Ex-Finance Minister After Collapse of Bank,2,twitter
Hunt for Deadly Vapes Hindered by Marijuana's Legal Patchwork,2,twitter
Justice Department indicts four members of China's military for Equifax hack https://t.co/0NoHkrWqaN,2,twitter
LIVE: U.S. attorney general and FBI deputy director announce cyber-related enforcement action https://t.co/1GNrZOiztO,2,twitter
Microsoft : Amazon files lawsuit contesting Pentagon's $10 billion cloud contract to Micro... #Microsoft #Stock… https://t.co/i66vgcLHZP,2,twitter
N.Y. Broker Commission Ban Is Temporarily Blocked by Judge,2,twitter
New York Sues Trump Administration Over Global Entry Ban,2,twitter
NEW: Student loan reform group sues Education Secretary Betsy DeVos and CFPB Director Kathy Kraninger… https://t.co/TCh02JAAX4,2,twitter
NMC Health : UK's FCA looking into NMC Health's disclosure of co-chair's stake being under... #NMCHealth #Stock… https://t.co/r1sAF1OqSD,2,twitter
NYSE direct listings proposal rejected by SEC https://t.co/iZofLwXuQX,2,twitter
Plea In Supreme Court Against Trial Of WhatsApp Payment Service In India,2,twitter
PMC Case: Supreme Court Puts Sale Of HDIL Assets On Hold,2,twitter
REFILE--Swedbank says it is not aware of alleged violation of U.S. sanctions,2,twitter
Russian manipulators are still abusing Facebook and other platforms. But politics isn't the point. https://t.co/riOQHpiTiT via @bopinion,2,twitter
SEBI Mulls Raising Penalty On Rating Agencies In IL&FS Case,2,twitter
Shopin CEO pleads guilty to two counts of fraud,2,twitter
Social Media Firms Face New U.K. Regulator in Planned Crackdown,2,twitter
Temple Bar Investment Trust : Tackling the illegal wildlife trade as a financial crime #TempleBarInvestmentTrust… https://t.co/92WE7noqWN,2,twitter
"Texas settles with T-Mobile, Sprint over merger: statement https://t.co/gaFw4CS25E https://t.co/A6oBUdPBYA",2,twitter
The future of the U.S. wireless industry hinges on a legal battle kicking off Monday in federal court https://t.co/FUJR3gWAUX,2,twitter
The global warming lawsuit against the oil industry goes to the appeals court https://t.co/nzTEs5IXX3,2,twitter
The National Transportation Safety Board recommended that Boeing redesign part of the outer covering of all 737 Nex… https://t.co/leIFnfMtBW,2,twitter
Transportation Department IG to audit FAA pilot training requirements after Boeing 737 MAX crashes,2,twitter
Transportation Department IG to audit FAA pilot training requirements after Boeing 737 MAX crashes... https://t.co/MDI9CY4Y8F,2,twitter
Turkey Stiffens Manipulation Penalties in Banking Overhaul,2,twitter
U.S. appeals court denies Apple bid for rehearing in VirnetX patent case,2,twitter
U.S. Department of Justice Sides With Global Music Rights https://t.co/MOYNT7XhZ2 https://t.co/6Kjbeilzc2,2,twitter
U.S. Justice Department to review Google's deal for Fitbit - source #Stock #MarketScreener https://t.co/G2O4PZUjNh https://t.co/TbDKLJ0j6E,2,twitter
Uber Urges California Court to End Law That Gives Gig Workers Benefits,2,twitter
United States District Court Sides Again With Park Assist on Motion of Patent Infringement Case,2,twitter
UPDATE 2-VW rejects anti-competitive allegation by parts maker Prevent,2,twitter
US charges four Chinese military officers over Equifax hack https://t.co/VJvbbOlOOm,2,twitter
Washington State's Ban on Flavored and THC Vapes Expires,2,twitter
Wirecard Defends Accounting After Report of Unit’s Delayed Audit,2,twitter
$PYPL - PayPal's Honey Acquisition Makes No Sense. Subscribe to Seeking Alpha for more: https://t.co/wBY7mOoVa5… https://t.co/tulizfE8Vb,0,twitter
$VIR: Vir Biotechnolog: GlaxoSmithKline (GSK) to make $250 mln equity investment in the company https://t.co/qJxY2yHrb0,1,twitter
"Stock Market Live Updates: Merger fever boosts stocks; Schwab, LVMH soar",1,twitter
$AHEXF - Adecco cleared for sale of Soliant Health https://t.co/dfWdcgAivy,2,twitter
$AJX - Great Ajax selling stake in Gaea unit https://t.co/ZpFNWzgGEN,2,twitter
$ALKS - Alkermes completes acquisition of Rodin Therapeutics https://t.co/JOFHZTfnlA,2,twitter
$AMTD: TD Ameritrade to be acquired by Charles Schwab (SCHW) for approximately $26 bln in all-stock transaction https://t.co/y7ZBqeQhis,2,twitter
$BHP $SLGGF $NCMGF - BHP buys additional stake in SolGold for $22M https://t.co/076XRNBkSi,2,twitter
$CB - Chubb to purchase additional 15.3% stake in Huatai Insurance https://t.co/bh96BckrDC,2,twitter
$CB: Chubb to purchase additional 15.3% of Huatai Insurance Group Company Limited https://t.co/uIoFJErZtw,2,twitter
"$CBS $VIA $VIAB - CBS, Viacom hope to close merger next week https://t.co/9JVG5J9CV9",2,twitter
$COP - ConocoPhillips seeking sales of Alaska assets - report https://t.co/fhl0FmdTfa,2,twitter
"$COTY - Kylie Cosmetics Deal, Potential Professional Beauty Spin-Off Make Coty A Buy. Keep reading:… https://t.co/ba6Yn3vGxy",2,twitter
$DTEGY $DTEGF - Hungary's 4iG calls off purchase of T-Systems unit https://t.co/mY43nNN45s,2,twitter
$EBAY - EBay nears deal to sell StubHub - WSJ https://t.co/AtzNmPTVTw,2,twitter
$EBAY could disclose an agreement to sell StubHub to Viagogo for about $4 billion  https://t.co/ZjlBlkXGlg,2,twitter
$EBAY: eBay confirms deal to sell StubHub to viagogo for a purchase price of $4.05 billion in cash https://t.co/bYgcYAylWY,2,twitter
$EVI $CLE - EVI Industries to acquire Commercial Laundry Equipment Company https://t.co/P1o8hQjea4,2,twitter
$FLOW $APO - Apollo near deal to buy SPX Flow power unit for $700M - Bloomberg https://t.co/PQFYbjxRss,2,twitter
$FLOW $APO - SPX Flow confirms deal to sell part of power and energy unit to Apollo Global https://t.co/5BJSd7mGqM,2,twitter
$FLOW: SPX FLOW confirms deal to sell substantial portion of former Power and Energy reportable segment to Apollo... https://t.co/THAiKLuD8X,2,twitter
$FQVLF $RIO - First Quantum pours cold water on takeover talk https://t.co/MsgBAiYuO9,2,twitter
$GATX - GATX to sell American Steamship Company business segment https://t.co/AXjJVbiib6,2,twitter
$HCHC: HC2 in advanced discussions for the potential divestiture of its 100%-owned indirect subsidiaries Continenta… https://t.co/OwcQ2uuvD4,2,twitter
$HCHC: HC2 says it is in advanced discussions for the potential divestiture of its 100%-owned indirect subsidiaries… https://t.co/zVLYq1O4JK,2,twitter
$HPQ: HP: Xerox (XRX) increases offer price for HPQ to $24/share in cash and stock https://t.co/yACZ4Jdyjn,2,twitter
$ISRG - Intuitive Surgical acquires Orpheus Medical https://t.co/Tb9qA8h7Zp,2,twitter
$ISRG has acquired privately held Orpheus Medical to deepen and expand its integrated informatics platform.,2,twitter
$KKR - KKR to buy Novaria Group https://t.co/RH5qmI58ky,2,twitter
$KL $DRGDF - Kirkland Lake Gold to buy Detour Gold in C$4.9B deal https://t.co/c2ZQzgDVOK,2,twitter
$KL: Kirkland Lake Gold to acquire Detour Gold in C$4.9 bln deal https://t.co/Vj3LzZHAmt,2,twitter
$MDCO $NVS The Medicines Company Enters Into Definitive Agreement to be Acquired by Novartis AG for $9.7 Billion https://t.co/QiNxdjMJSV,2,twitter
$MDCO: The Medicines Co to be acquired by Novartis (NVS) for $85.00/share in cash https://t.co/GpqTlDjz2h,2,twitter
$MGI: Moneygram announces that Ripple has made the final $20 mln investment in MoneyGram equity pursuant to Ripple'… https://t.co/VYjf2tso5Z,2,twitter
$MGM $GXYEF $GIGNF - MGM officially in pursuit of Osaka casino https://t.co/W1gsScdOoh,2,twitter
$NVT - nVent Electric acquires WBT Business https://t.co/bWZN82o86E,2,twitter
$RDS.A $MSBHF $RDS.A - Mitsubishi beats out Shell to buy Dutch power firm Eneco https://t.co/wEeCJwJEBE,2,twitter
$RPAY - Repay Holdings buys Ventanex for up to $50M https://t.co/ubwzgCg3EW,2,twitter
$SFTBF $SFTBY - SoftBank-backed Brandless is closing down https://t.co/gdASMbcLp5,2,twitter
$SIEGY $SIEGY $GCTAY - Siemens weighs buying Iberdrola's Siemens Gamesa stake https://t.co/LwEjpARnWf,2,twitter
$TIF France's LVMH close to buying Tiffany after sweetening offer https://t.co/bL97SiEMkp,2,twitter
$UTX - United Tech's Collins to expand landing systems operations https://t.co/iTyYsH2BEi,2,twitter
$VAL - Valaris discloses 18.7% active stake by Luminus https://t.co/Cpo84JjXRd,2,twitter
$VWDRY - Google drops plan to buy stake in Africa's biggest wind park https://t.co/rW0gmfJTVS,2,twitter
$XEL - Xcel Energy to sell Mankato Energy Center for $680M https://t.co/AhvZetDCIA,2,twitter
$XPO - Elliott Capital sells its stake in XPO Logistics Europe https://t.co/WaUGaF6n5C,2,twitter
$XRX $HPQ - Xerox's new bid could force HP reconsideration - Wells Fargo https://t.co/dzDegwTTSO,2,twitter
6 Potential M&A Targets For Tesla,2,twitter
Advent International Demonstrates Further Commitment to Boutique Fitness Sector Through Acquisitions of Zingfit and Triib,2,twitter
Aerie Pharma to acquire Avizorex Pharma,2,twitter
Africa Capitalworks picks up minority stake in drinks maker Gaselia,2,twitter
AlayaCare Announces Acquisition of Arrow Solutions,2,twitter
Alkermes to acquire Rodin Therapeutics for up to $950 million,2,twitter
AngloGold has picked Harmony as the buyer for its last remaining South African operations https://t.co/QF6CfgLI5q,2,twitter
Asbury Automotive to acquire luxury dealerships from Park Place in cash deal valued at $1 billion,2,twitter
"Audax picks up controlling stake in government info management, access business Kofile",2,twitter
Aurora Property Buy Write Income Trust : NTA Estimate - $6.32  #Stock #MarketScreener https://t.co/4gu6ZAiPLI https://t.co/uPTBWhurE1,2,twitter
Austral Gold : AGD to acquire remaining 30% of Casposo Mine in Argentina #AustralGold #Stock #MarketScreener… https://t.co/arSya9Sjjh,2,twitter
Avery Dennison buys Smartrac’s RFID inlay business for €225M,2,twitter
"Bain Capital buys Apax-backed Engineering Group in reported €1.6bn deal, Neuberger Berman reinvests",2,twitter
Bass Metals : increases Mahefedok North graphite resource by 54% #BassMetals #Stock #MarketScreener… https://t.co/BspqmJqWjU,2,twitter
BHP buys additional stake in SolGold for $22M,2,twitter
"BHP is plans to increase its stake in SolGold, which develops projects in copper hot spot Ecuador https://t.co/JRxd5ww9Sy",2,twitter
BHP Plans to Become Largest Shareholder of Ecuador-Focused SolGold -Bloomberg #BHP #Stock #MarketScreener… https://t.co/XSAzjYsW0L,2,twitter
"Billionaire Investor Bill Ackman Trims Stake In Chipotle, But Is Still Betting Big On Burritos With 5% Stake",2,twitter
BlackRock Cuts Stake in U.S. Coal Giant After Climate Pledge,2,twitter
Blackstone set for good return through $2.7bn FGL buyout by Fidelity National,2,twitter
Blackstone to Invest in Engineers Gate After Founder Dubin Exits,2,twitter
Boost founder says willing to pay up to $2 billion to buy brand from Sprint,2,twitter
Boost founder says willing to pay up to $2 bln to buy brand from Sprint,2,twitter
Boost Mobile founder offers to buy prepaid brand - CNBC,2,twitter
Broadridge acquires Clearstructure Financial Technology,2,twitter
"Brookfield a potential suitor for Trans Mountain, analyst says",2,twitter
"Brookfield a potential suitor for Trans Mountain, analyst says #economy #MarketScreener https://t.co/HfbphtvKDy https://t.co/aj2iI9qxiK",2,twitter
Brookfield seen as 'dark horse' buyer for Trans Mountain after equity raise,2,twitter
Cambrian Innovation Acquires Baswood and Accelerates Progress Toward Sustainable Industrial Wastewater Management,2,twitter
"Capgemini will not be pressured into higher Altran bid, CEO says #AltranTechnologies #Stock #MarketScreener… https://t.co/adRagEdABM",2,twitter
Catalent Completes Acquisition of MaSTherCell,2,twitter
"CBS, Viacom hope to close merger next week",2,twitter
Charles Schwab : Investment Advisers Fear Losing Out in a Schwab-TD Ameritrade Deal #CharlesSchwab #Stock… https://t.co/Z3dRZSdYgb,2,twitter
Charles Schwab : to Buy TD Ameritrade for $26 Billion #CharlesSchwab #Stock #MarketScreener https://t.co/e87lZk14fs https://t.co/sAAxwz5a2p,2,twitter
Charles Schwab to buy TD Ameritrade for $26 billion,2,twitter
China Mengniu Dairy : DISCLOSEABLE TRANSACTION ACQUISITION OF LION-DAIRY & DRINKS PTY LTD ... #ChinaMengniuDairy… https://t.co/yR1BImTJ9Y,2,twitter
China’s BAIC Mulls Raising Daimler Stake to Almost 10%,2,twitter
China’s State Grid Nears Oman Electricity Stake Purchase,2,twitter
China's State Grid Nears Oman Electricity Stake Purchase,2,twitter
Chinese owner looks to tighten grip on PizzaExpress https://t.co/0jNyexOX8j,2,twitter
Chubb to purchase additional 15.3% stake in Huatai Insurance,2,twitter
CIT gets OCC approval for Mutual of Omaha Bank purchase,2,twitter
Comfort Systems USA Announces Acquisition,2,twitter
Coty buys majority interest in Kylie Jenner beauty line,2,twitter
Coty takes $600 million bet on reality star Kylie Jenner's beauty brands,2,twitter
Coty to buy 51% ownership of the partnership for $600 mln,2,twitter
Coty to take a 51% stake in Kylie Cosmetics for $600 million,2,twitter
"Cresco Labs Closes Acquisition of Hope Heal Health, Inc., Launches First Day of Adult-Use Cannabis Sales in Massachusetts",2,twitter
Cybersecurity company Forescout to be acquired by Advent in all-cash deal valued at $1.9 billion,2,twitter
DealerSocket Completes Acquisition of Auto/Mate,2,twitter
Delivery Hero Nears Agreement to Buy Woowa in $4 Billion Deal,2,twitter
Delta's private jet business to gain equity stake in merger with Wheels Up,2,twitter
Deutsche Bank Adds Capital Group as Investor in Lift for Sewing,2,twitter
Deutsche Bank welcomes Capital Group with 3.1% stake,2,twitter
DHL Invests $136 Million In New Logistics Hub,2,twitter
Diamond Hill Capital Trades Devon for Chevron,2,twitter
Did TCF Financial's Chemical Merger Spark a Positive Reaction for Investors?,2,twitter
"Diodes, Lite-On deal facing Chinese scrutiny - Bloomberg",2,twitter
"DXP Enterprises Completes Acquisition of Turbo Machinery Repair, Inc.",2,twitter
eBay $EBAY reportedly nears deal to sell StubHub for $4 billion,2,twitter
EBay : Nears Deal to Sell StubHub to Viagogo for Roughly $4 Billion #eBay #Stock #MarketScreener… https://t.co/95SK8Ahi0b,2,twitter
Ebay confirms StubHub sales to Viagogo for $4.05B,2,twitter
EBay nears deal to sell StubHub - WSJ,2,twitter
EBay selling StubHub to Viagogo for $4 billion–plus,2,twitter
EBay selling StubHub to Viagogo for $4 billion–plus https://t.co/S4OcldqojY,2,twitter
EBay Sells StubHub For $4B,2,twitter
Ebay sells StubHub to ticket marketplace Viagogo for $4.05 billion in cash,2,twitter
EBay Sells StubHub to Viagogo for $4.05 Billion,2,twitter
"EBAY STUBHUB SALE DONE AT 25X EBITDA, CNBC'S FABER SAYS https://t.co/kqTpl0abRM",2,twitter
EBay to sell ticketing unit StubHub for $4.05 billion,2,twitter
Emami Agrees To Sell Cement Unit To Nirma,2,twitter
Estee Lauder buys its first Asia-based beauty brand,2,twitter
Estee Lauder to acquire shares of Dr. Jart+ it does not already own,2,twitter
Estee Lauder to acquire shares of Dr. Jart+ parent it does not already own,2,twitter
Euronext sifts coronavirus market rubble for takeover targets https://t.co/1G9gizg7og https://t.co/a7x1cPlpPf,2,twitter
Exclusive: BP eyes sale of Algerian gas plant after Rosneft talks fail - sources,2,twitter
Exclusive: Daimler seeks majority control of its main China joint venture,2,twitter
"Experience Management Leader Medallia to Acquire Video Feedback Platform, LivingLens",2,twitter
"Famur S A : TDJ Equity I Sp. z o.o. takes up controlling stake in Famur Famak S.A., subsid... #FamurSA #Stock… https://t.co/thTiJRRSIB",2,twitter
"Fed, FDIC approve BB&T, SunTrust merger",2,twitter
"Fed, FDIC approve merger of BB&T, SunTrust banks",2,twitter
Fidelity National Financial to buy FGL Holdings in a deal valued at $2.7 bln,2,twitter
Fidelity National to buy FGL Holdings in a deal valued at $2.7 billion,2,twitter
Fidelity National to buy FGL Holdings in diversification play,2,twitter
"Fidelity National to pay $12.50 for each FGL share, a 2.9% premium to Thursday's closing price",2,twitter
Flügger A/S : Flügger buys majority stake in paint manufacturer Unicell #Flügger #Stock #MarketScreener… https://t.co/YzD4A97pRJ,2,twitter
Forescout acquired for $1.9B,2,twitter
Forescout to be acquired by private-equity firm Advent in all-cash deal valued at $1.9 bln,2,twitter
Fortress Seeks $1 Billion for Transportation Firm Trac,2,twitter
Francisco and Eliott are in talks to buy LogMeIn https://t.co/GcpwctBhkZ via @business https://t.co/7LxGD2pOBX,2,twitter
French luxury goods owner LVMH has agreed to buy U.S. jeweler Tiffany for $16.2 billion in its biggest acquisition… https://t.co/YFFwqXHs2r,2,twitter
Gamma Communications : acquires Unified Communications infrastructure provider Telsis ... #GammaCommunications… https://t.co/OgVdyerr9w,2,twitter
GATX to sell American Steamship Company business segment,2,twitter
Geely and Volvo Cars chairman proposes merging groups https://t.co/87Yr5Dsbqy,2,twitter
General Atlantic Invests $200 Million In Byju’s,2,twitter
Google acquires CloudSimple to ease VMware implementations,2,twitter
Google Makes Another Cloud Acquisition During Antitrust Probe,2,twitter
"Google's plan to buy a stake in Africa's largest wind farm has ended after delays to the project, Danish wind turbi… https://t.co/PCK3gO1dAa",2,twitter
Hillhouse Capital to bid for Thyssenkrupp elevator unit - Bloomberg,2,twitter
Hitachi nearing deal to sell chemical unit to Showa Denko - Nikkei #Hitachi #Stock #MarketScreener… https://t.co/EQHKqfkuwp,2,twitter
HP is preparing to reject Xerox’s request to open its financial books after turning down its unsolicited merger off… https://t.co/OTi70ZRgza,2,twitter
"HP Rejects Xerox 'Unsolicited' Buyout Offer, Open To Further Discussion",2,twitter
HP rejects Xerox&apos;s $33.5B hostile takeover attempt,2,twitter
HP Rejects Xerox's Buyout Offer: Experts Debate What's Next,2,twitter
Hudson's Bay Investor Group Said to Consider Shelving Takeover,2,twitter
ICYMI: 81% of U.S. small businesses are 'nonemployer' firms — meaning they have no employees other than the owner(s… https://t.co/ekY7cowJqt,2,twitter
IFF to Merge with DuPont’s Nutrition & Biosciences Business,2,twitter
IFF to merge with DuPont's $26.2 billion nutrition unit,2,twitter
IFF Wins DuPont Nutrition Unit Over Kerry in $26.2 Billion Deal,2,twitter
"Illycaffe, one of Italy’s largest coffee roasters, has kicked off the sale of a minority stake to support its expan… https://t.co/z3ZhsErs3I",2,twitter
Ingram Micro Further Enhances European IT Services Capabilities with Acquisition of Ictivity,2,twitter
INSERTING and REPLACING Diversified Search Acquires Storbeck Search & Associates,2,twitter
"Interlink Plus, Inc. and Loop Media, Inc. Close Merger",2,twitter
Intuitive Surgical Expands Into Hospital Informatics With Orpheus Medical Acquisition,2,twitter
IVE : Strategic Acquisition of Salmat Marketing Solutions #IVE #Stock #MarketScreener https://t.co/34RQHqBr4Q https://t.co/pb1Q0Tkd1p,2,twitter
KKR is fashioning $8B bid for Coty beauty division - Sky News,2,twitter
Koch Buys Rest of Infor in Deal Valuing Software Maker at $11 Billion,2,twitter
Kylie deal seen as a positive for Coty,2,twitter
Kylie Jenner Sells $600 Million Stake in Beauty Line to Coty,2,twitter
Kylie Jenner-Coty Deal Led by Little-Known Adviser Tiger Chark,2,twitter
L Brands Is Looking to Sell Victoria's Secret,2,twitter
Luxury giant LVMH is reportedly nearing an agreement to add Tiffany & Co. to its portfolio. The acquisition deal wo… https://t.co/Bb7qhNWJj1,2,twitter
LUXURY PURCHASE: French conglomerate LVMH is close to a deal to buy Tiffany & Co. for more than $16 billion https://t.co/E4ndLmMNHu,2,twitter
Luxury Tycoon Said to Mull $1.5 Billion South African Fiber Sale,2,twitter
LVMH agreed to buy Tiffany for more than $16 billion in the largest luxury-goods deal ever https://t.co/gfzUFgNgxI,2,twitter
LVMH and Tiffany & Co. are finally getting together after weeks of anticipation. The French luxury group will pay $… https://t.co/RiGYN8XRMh,2,twitter
"LVMH is buying Tiffany & Co. for $16,200,000,000. Here’s what this deal means for the iconic jewelry brand.… https://t.co/OZ69ZbInVb",2,twitter
LVMH Moët Hennessy Vuitton : Bets It Can Restore Tiffany's Shine With $16 Billion Deal -- ... #LVMH #Stock… https://t.co/6HLBnTYokF,2,twitter
LVMH targets affluent tourists with Paris department store revamp https://t.co/fMdP81qP7Z,2,twitter
LVMH targets tourist shoppers with revamp of historic Paris store,2,twitter
LVMH to buy Tiffany for $16.2 billion,2,twitter
LVMH will acquire Tiffany for $16.2 billion in a $135-per share cash deal that will help the French luxury goods ow… https://t.co/oAZITRhqK8,2,twitter
LVMH/Tiffany: diamond geezer https://t.co/0PTxd9ySFX,2,twitter
LVMH's $16 billion purchase of Tiffany & Co. wins applause from analysts and investors https://t.co/sn6cY4DX5s,2,twitter
"Manna Pro Products Acquires Promika, LLC Pet Brands to Expand Category Leadership in Companion Pet Care and Wellness",2,twitter
"Mediaset set to win more time to complete merger of Italy, Spain units: sources",2,twitter
Medical Properties highlights $861M of acquisitions in Q4,2,twitter
"Merger Monday roars back — LVMH buys Tiffany, Charles Schwab buys TD Ameritrade https://t.co/ZlwYRDABW8 by… https://t.co/og4F2vlk7S",2,twitter
Mitsubishi-led consortium to buy Eneco for €4.1bn https://t.co/nmhA9WTTGn,2,twitter
Molson Coors said to be weighing sale of European business,2,twitter
Mr. Greens Announces Acquisition of Cawoods Produce,2,twitter
NOVARTIS : CHF0.50(REGD) Novartis To Acquire The -2- #Novartis #Stock #MarketScreener https://t.co/gI0SKGYNlW https://t.co/Rk5KD2zpUK,2,twitter
Novartis : Nears Deal to Buy Cholesterol-Drug Maker Medicines Co. #Novartis #Stock #MarketScreener… https://t.co/a4yI3vTbYU,2,twitter
Novartis Confirms Deal To Acquire Medicines Company For $9.7B,2,twitter
Novartis Finally Comes Through With Its Acquisition of Medicines Co,2,twitter
Novartis has agreed to buy Medicines Co. in a $6.8 billion deal https://t.co/CLYLXTAIhr,2,twitter
Novartis nears $9bn deal to buy The Medicines Company https://t.co/B9zAuMHg0g,2,twitter
"Novartis takes on Sanofi, Amgen with $9.7 billion takeover of heart drug maker
https://t.co/zW0AdcOXGJ https://t.co/xfzY36qNJ3",2,twitter
NV5 Global to acquires Quantum Spatial for $303M; and announces $20M Owner’s Representative Contract,2,twitter
nVent Electric acquires WBT Business,2,twitter
"NYSE Opening Bell 🔔:
 
Quaker Houghton (NYSE: $KWR) celebrates its merger with Houghton International https://t.co/rFIn06EInY",2,twitter
Perelman’s Discount Drug Company Brushes Off Buyout Approaches,2,twitter
Pixelle Acquires Specialty Papers Business from Verso,2,twitter
"Qiagen takeover likely, just further away - Evercore",2,twitter
Ramelius Resources to scoop up Spectrum Metals,2,twitter
Ray-Ban Tycoon Eyes Bigger Mediobanca Stake in Italy Bet,2,twitter
Raytheon Shows Its Strength Heading Into United Technologies Deal,2,twitter
Religare Group To Sell Equity In Health Insurance Arm To Kedaara Group For Rs 400 Crore,2,twitter
REPAY Announces the Acquisition of Ventanex,2,twitter
Riddell Sells Kollege Town Sports Apparel Division to BSN SPORTS,2,twitter
"Rimkus Consulting Group, Inc. Acquires Mechanical and Electrical Engineering Consulting Firm Amset Technical Consulting, Inc.",2,twitter
"Robertson's Tiger Management Buys Adobe, Facebook",2,twitter
Sage Group to Sell Payments Business to Elavon for $300 Million,2,twitter
"SAIC to Acquire Unisys Federal in Accretive, Strategic and Value Creating Transaction",2,twitter
SAIC to acquire Unisys Federal unit for $1.2B,2,twitter
San Francisco Tries to Rally Public to Buy Piece of PG&E,2,twitter
"Saracen Mineral : Super pit acquisition now unconditional, hedging update #SaracenMineral #Stock #MarketScreener… https://t.co/qkK2gmjA8x",2,twitter
SB Financial to buy Edon Bancorp for ~$15.5M,2,twitter
Schick Parent Company Edgewell Drops Bid for Harry's Razors,2,twitter
Science Applications International to buy Unisys's U.S. Federal business for $1.2 bln,2,twitter
Siemens Considers Buying Iberdrola’s Siemens Gamesa Stake,2,twitter
Siemens Considers Buying Iberdrola's Siemens Gamesa Stake,2,twitter
Siemens is considering buying Iberdrola’s stake in a wind-turbine maker https://t.co/3TGvl3Hp1w,2,twitter
Simon Property to buy mall owner Taubman in $3.6bn deal https://t.co/NKyvTrVtnZ,2,twitter
Simon's High-Premium Buyout of Taubman May Not Be as Pricey as It Looks,2,twitter
"Singapore Government, Monetary Authority Hike Stake In Zee Entertainment",2,twitter
Sonoco Products buys healthcare packaging medical device thermoformer for $187M,2,twitter
SPX Flow confirms deal to sell part of power and energy unit to Apollo Global,2,twitter
Stericycle offloads environmental unit to Harsco,2,twitter
Stericycle to divest DES unit for $462.5M,2,twitter
"Sterling Organization announces the acquisition of a 244,917-square-foot grocery-anchored property in Colleyville,... https://t.co/kPcF4a54Tp",2,twitter
Stock Market Update: Carlyle Group adds stake in American Express' travel business,2,twitter
Stock Market Update: Novartis acquires The Medicines Co. for nearly $10 billion,2,twitter
Strides To Acquire 18 Abbreviated New Drug Applications From Pharmaceutics International,2,twitter
"Sun Kissed Acquires Hakuna Supply, an Award-Winning Commercial Stage CBD Products Company  https://t.co/8HELNTuPgC",2,twitter
"Taurus Investment sells $614m logistics portfolio, exits fund",2,twitter
"TD Ameritrade stockholders would get 1.0837 Schwab shares for each TD Ameritrade share, representing a 17% premium. https://t.co/6vD7yz0TNz",2,twitter
Telidyne Announces Purchase of 56% Stake in Ducon Infratechnologies Ltd,2,twitter
"The big LVMH-Tiffany deal is getting closer 
https://t.co/Vg8rD4SMSp",2,twitter
"Tiberius Acquisition : CFTC Approves One Final, Two Proposed Rules at December 10 Open Meeting #TiberiusAcquisition… https://t.co/XelZOiCiwl",2,twitter
"Tilray, Privateer Holdings Close Merger Deal",2,twitter
T-Mobile CEO takes the stand in T-Mobile/Sprint merger trial,2,twitter
"T-Mobile is eyeing a price cut in its merger with Sprint, sources say https://t.co/T1SPHlDuQ1",2,twitter
Toronto-Dominion to Own 13% Charles Schwab Stake After Ameritrade Deal #TorontoDominionBank #Stock #MarketScreener… https://t.co/8fB54Aedy3,2,twitter
Total gets Libya's approval to acquire Marathon Oil concession https://t.co/d58beiqsNH,2,twitter
UniCredit cuts further its stake in Turkey's Yapi Kredi,2,twitter
"United Bankshares to buy Carolina Financial for a 16% premium, in a deal valued at $1.1 billion",2,twitter
United Bankshares to buy Carolina Financial in a stock deal valued at $1.1 bln,2,twitter
UPDATE 1-Canadian Competition Bureau clears Pembina's Kinder Morgan buy,2,twitter
UPDATE 1-Novartis eyes Medicines Co to boost cardio franchise - report,2,twitter
Upland Software acquires Localytics for $67.7M,2,twitter
Vonovia : Hembla Acquisition Becomes Final #Vonovia #Stock #MarketScreener https://t.co/w5EgkLQW4s https://t.co/Oc0rgZs0Kt,2,twitter
Winklevoss brothers acquire crypto collectible startup,2,twitter
Zayo Group to Consider Sale of Colocation Division,2,twitter
"#DailyDataPoint: For the U.S., the December tariff round on China would have more costs than benefits (via… https://t.co/LV4HS19c7g",0,twitter
$ECONX: Nonfarm Payroll Revisions- October revised to 135K from 189K; September revised to 193K from 180K https://t.co/WOg237QKLC,0,twitter
$ECONX: November Nonfarm Private Payrolls 125K vs 153K https://t.co/M9gpUZQoF7 consensus https://t.co/fav5NvyRH3,0,twitter
$ECONX: November Unemployment Rate 4.9% vs 4.1% https://t.co/M9gpUZQoF7 consensus https://t.co/p5wq6wH9wr,0,twitter
$FXC $EWC $BBCA - Canada reports 71K job loss in November https://t.co/aT4reenZBC,0,twitter
$NSANY - Coronavirus impact hits auto supply chain https://t.co/rr0mlGVZXn,0,twitter
2019 jobs gains revised down slightly to 2.09 million,0,twitter
"A new WTO ruling is allowing for $7.5 billion in tariffs on EU goods, meaning your favorite French wine is about to… https://t.co/3YeRmxas8m",0,twitter
A railway strike is gripping Canada’s $1.7 trillion economy https://t.co/eXeBOeMfyO,0,twitter
A surge in the number of people who can’t pay their debts is raising eyebrows in Canada (via @fournierwire &… https://t.co/s9LVxRxbj1,0,twitter
About half of U.S. small businesses haven't paid their full rent or mortgage yet this month as a result of the coro… https://t.co/dAA1uF6zsj,0,twitter
Americans are predicted to fall behind on their credit card bills at the highest rate in a ten years https://t.co/2H0KeDljXe,0,twitter
Americans' outlook on the economy faltered significantly last month as the coronavirus crisis began to take hold in… https://t.co/5jeCXLXrrR,0,twitter
Americans' outlook on the economy faltered significantly last month as the coronavirus crisis began to take hold in… https://t.co/dRbKISId8O,0,twitter
"Australia Cuts Forecasts for Wage Increases, Economic Growth and Budget Surplus",0,twitter
Blue-collar hiring in the U.S. has slowed to a trickle: Rex Nutting,0,twitter
Brazil tropical fruit exports to EU hit by coronavirus - industry group #economy #MarketScreener… https://t.co/IVpiidIc4w,0,twitter
Brazil's Current Account Deficit Widened in October #economy #MarketScreener https://t.co/1dGgeQT3Ce https://t.co/1NhFZdGTcf,0,twitter
"BREAKING: Mortgage forbearance requests jump nearly 2,000% as borrowers seek relief during coronavirus outbreak https://t.co/5vbo5C2VC9",0,twitter
Business growth in Dubai stalled while jobs disappeared at the fastest pace in at least a decade in the latest sign… https://t.co/pIYpJqwLGv,0,twitter
"California boosts pot taxes, shocking unsteady industry https://t.co/0j0HPPfZAv https://t.co/bYQcDUrQZ3",0,twitter
Canadian Business Optimism Was Fading Before Pandemic Concerns Intensified #WTI #Stock #MarketScreener… https://t.co/zhRhHEhkvw,0,twitter
Canadian consumers filed the largest number of insolvencies in almost a decade at the end of last year https://t.co/ge8vHcmvBX,0,twitter
"Capacity Utilisation In Manufacturing Sector Drops To Lowest In A Decade, RBI Survey Shows",0,twitter
Chain store sales cool down https://t.co/wNCTgnXdpu,0,twitter
Chain store sales fall back from recent pace,0,twitter
China debates drastically reducing or even abandoning its economic growth target https://t.co/teaFgtMN0p,0,twitter
.@KansasCityFed labor market conditions indicators for March register the largest single-month declines in the hist… https://t.co/42NahsEKmB,0,twitter
China Virus Crisis Roils Supply Chains for Global Manufacturers,0,twitter
China won't resort to massive infrastructure stimulus as investment slows,0,twitter
China’s Trade Likely Shrank in January Ahead of Holiday Shutdown,0,twitter
"China's electric car sales slump, squeezing automakers https://t.co/JizkYc3JRz https://t.co/g9nC7IuOvD",0,twitter
"China's GDP growth this quarter will be 0%, according to top economist Ed Hyman",0,twitter
China's Hebei province imposes total ban on P2P platforms,0,twitter
China's house price growth to hit five-year low in 2020 - Reuters poll #economy #MarketScreener… https://t.co/YeX2IUjYw1,0,twitter
China's Skyscraper Boom Comes Crashing Down Amid Developer Default  https://t.co/5J9bdNR3XT,0,twitter
"Chinese investment in clean energy is plummeting — down from $76bn during the first half of 2017, to $29bn during t… https://t.co/S4WgJBV9Px",0,twitter
"CN Rail Strike Begins in Threat to Canadian Oil, Grain Cargo",0,twitter
"CN Rail Strike Begins, Threatening Canada Oil, Grain Shipments",0,twitter
Janet Yellen says second-quarter GDP could decline by 30% and unemployment is already at 12%-13% https://t.co/9d7jmffI3B,0,twitter
Consumer Insolvencies Approach Record in Debt-Weary Canada,0,twitter
Core US PPI surprises on the downside,0,twitter
CPI Inflation Surges To 5.54% In November,0,twitter
Credit Suisse's James Sweeney expects a modest move higher in core inflation https://t.co/ZcOZJwxfI3 https://t.co/KW2WeBGgYz,0,twitter
"Customer Complaints Spike In FY19, Up 50% In Three Years, Says RBI Report",0,twitter
"Dozens of U.K. retailers have been forced to close stores and slash rents as they compete with online rivals, sendi… https://t.co/KuZFSSKIv4",0,twitter
Dubai's jobs disappeared at the fastest pace in at least a decade in the latest signs of strain on the Middle East'… https://t.co/7DTizm6doS,0,twitter
Dubai's Jobs Vanish at the Fastest Pace in a DecadeÃ‚Â,0,twitter
Egypt's inflation inched higher for a third straight month in urban parts of the country https://t.co/DoJPWNnsC1,0,twitter
"The New York Fed's March survey of consumer expectations showed ""a substantial deterioration in financial and econo… https://t.co/jKdqGTgCm9",0,twitter
Employee furloughs in the retail industry are now well over 1 million after one of America's biggest clothing store… https://t.co/eFPius4T5H,0,twitter
EU Poised to Send Warning to China on 5G,0,twitter
Eurozone Manufacturing Recession Although Not The Eurozone As A Whole. https://t.co/f9kKcyjte6 #markets #economy #finance,0,twitter
"Fed's ""National Activity Index"" Plunges To 2-Year Low https://t.co/8EuearHROW",0,twitter
Fmr. White House advisor says Trump will slap tariffs on China in December,0,twitter
Fourth-quarter unit-labor costs climb 1.4%,0,twitter
German industrial orders fell unexpectedly in October as demand at home and from outside the euro zone weakened. Mo… https://t.co/fuE7VQvUbu,0,twitter
German Industry Slump Set to Cast Shadow on Economy Through 2020,0,twitter
German Recession Risk Returns With Crisis-Era Plunge in Output,0,twitter
"Global growth could slow by 1% if the coronavirus outbreak continues, Blackstone's Byron Wien says.... https://t.co/SfG4QEayRp",0,twitter
"Higher Real Rates Affect Economic Growth, Says Bank of America Securities",0,twitter
"Household debt jumps the most in 12 years, Federal Reserve report saysÂ https://t.co/kmqxVS6co3",0,twitter
IHS Markit sees U.S. GDP growth falling to 2.1% in 2020 from 2.5% in 2017-2019,0,twitter
"IMF Likely To Downgrade India’s Growth Forecast Significantly In January, Says Gita Gopinath",0,twitter
India IIP Data: Industrial Production Contracts 3.8% In October,0,twitter
Indonesia Braces for Export Hit as Virus Saps Chinese Demand,0,twitter
Indonesia is grappling with surging garlic prices as the coronavirus spurs fears over supply disruptions in China https://t.co/63v9j4DRPS,0,twitter
"January jobs report isn't a 'breakout to the upside', economists say",0,twitter
Japan declares state of emergency #economy #MarketScreener https://t.co/BYlwBlIT6r https://t.co/sPp5Rj5b8i,0,twitter
Japan Recession Risks Prompt Forecasts of 2020 Contraction,0,twitter
"Japanese companies prepare to close retail stores, restaurants, movie theaters and offices, after the government de… https://t.co/bda0Cq7VAf",0,twitter
JPMorgan anticipates ‘disorderly’ year-end funding pressures again as banks retrench https://t.co/ASCMlBxIpn,0,twitter
Kenya GDP growth to drop to 3% or less in 2020 due to novel coronavirus - finance minister #economy #MarketScreener… https://t.co/o7Zmwn9GT6,0,twitter
Kudlow says China tariffs still on table for Dec. 15 https://t.co/dfmtWDxMVj,0,twitter
KUDLOW SAYS TRUMP IS NOT READY TO SIGN ANY TRADE DEAL WITH CHINA,0,twitter
"KUDLOW: NO PLANS FOR CHINA, U.S. LEADERS TO MEET AT PRESENT

Tariff deadline is in 9 days",0,twitter
Lackluster U.S. retail sales cast shadow on fourth-quarter economic growth,0,twitter
Leading institutes see German economy shrinking 4.2% this year - sources https://t.co/ZNtGA6FTPx https://t.co/7c8TzKNnbN,0,twitter
"Loss of working hours to equal 195m full-time jobs, UN agency warns https://t.co/Ww1kXzUS6G",0,twitter
Majority of U.S. firms in China see revenue hit from coronavirus: AmCham survey,0,twitter
"Many small businesses in the U.S. were vulnerable even before the coronavirus crisis hit, a New York Fed report sho… https://t.co/5Tx0aSTkWq",0,twitter
Mass layoffs push Canada consumer confidence to all-time low https://t.co/lj9u4joHbv,0,twitter
Mexican Economy Stagnated in Third Quarter #economy #MarketScreener https://t.co/tIiIpe0xGG https://t.co/GgsUtNYmc3,0,twitter
Mexico’s Economy Suffered Slight Recession in First Half,0,twitter
More foreign firms abandoned U.S. deals amid Trump administration scrutiny: report https://t.co/sOjbLwVU87 https://t.co/6sCfpgNoBa,0,twitter
New wind farm financing in Europe to face delays in 2020: report https://t.co/PRnWG0VQtu https://t.co/LDU3NrEcye,0,twitter
NEW: Sentiment among U.S. small businesses collapsed in March by the most on record https://t.co/Xbcd2Qga4z https://t.co/54O5fUrHu7,0,twitter
November retail sales fall short of expectations amid holiday shopping season,0,twitter
Optimism among U.S. small businesses plummets by most ever https://t.co/VDRgZaincK via @business https://t.co/dyFcwSxnbQ,0,twitter
"Panic buying, trade curbs cause shortages of coronavirus drugs in EU #economy #MarketScreener… https://t.co/9zP3OinI0D",0,twitter
Policy changes to reduce global warming could force a net $1.6 trillion repricing in sectors from energy to agricul… https://t.co/5c5hIGJcc1,0,twitter
Potential global slowdown stokes expectations of a cut in interest rates    https://t.co/9yTZa2vCnY,0,twitter
Prices for key food staples are starting to soar in some parts of the world https://t.co/DZBxH4MynX,0,twitter
Protests Hit Hong Kong Property Market,0,twitter
Retail sales growth softens,0,twitter
"Retail sales minus gas, autos flat in November",0,twitter
Risk of recession returns to Germany,0,twitter
S.F. Fed's Daily News Sentiment Index shows mood worsened in January https://t.co/unbipUYtg1,0,twitter
Small Business Optimism Crashes By Most Ever https://t.co/RWqy5LU6x8,0,twitter
South African Business Mood Has Worst Start to Year Since 1993,0,twitter
State Borrowings Set To Surge In FY21 Amid Revenue Slowdown: ICRA,0,twitter
Stock Market Update: NAHB Housing Market Index ticks down in November,0,twitter
Stock Market Update: Trade enthusiasm continues to wane,0,twitter
Strong demand for the small business relief program is “a really good sign for what the economy might look like 2-3… https://t.co/2QRCX5iuAJ,0,twitter
Surprise German Factory Order Slump Shows Worst Isn't Over,0,twitter
Taiwan Exports Plummet as Coronavirus Threatens Trade Recovery,0,twitter
The biggest U.S. retail organization warns that imports are falling sharply -- a sign that supply chains will be di… https://t.co/CcPLQVseCe,0,twitter
The euro-area economy came close to a halt in November as the steep decline in manufacturing spread further into se… https://t.co/PKMjM0loEx,0,twitter
"The longer coronavirus dents China's industrial output, the bigger the risk to global supply chains https://t.co/xz44XU5LQy",0,twitter
The number of U.S. homeowners who have stopped making mortgage payments is surging https://t.co/JSOBwPRkkf,0,twitter
The number of U.S. homeowners who have stopped making mortgage payments is surging https://t.co/TiYCwxQG3m,0,twitter
"The outlook for Finland's economy has dramatically worsened due to the coronavirus outbreak, with the country's cen… https://t.co/RZBkoqrsm0",0,twitter
The U.S. resident population may have grown at its slowest peacetime rate ever in 2019 https://t.co/jr82QLbGaq https://t.co/XeP4Kp2bnh,0,twitter
This State’s Unemployment Rate Is 70% Higher Than America’s,0,twitter
This week in Trumponomics: 'Phase one' fizzles https://t.co/D9rtXUJXsB by @rickjnewman https://t.co/3kO62Lsqdf,0,twitter
Tobacco exports from Tanzania-a key crop and source of foreign exchange-could drop as much as 20% this year because… https://t.co/PBj4l4Emi3,0,twitter
Tobacco exports from Tanzania-a key crop and source of foreign exchange-could drop as much as 20% this year because… https://t.co/tphI9DEicz,0,twitter
Trucking companies failing at nearly triple the rate of 2018,0,twitter
Trump Has Few Options to Juice the Economy Ahead of November,0,twitter
Trump threatens China with higher tariffs if trade deal not made,0,twitter
Trump's Dec. 15 China tariffs threaten a long list of Christmas favorites https://t.co/Jk8taRaq3I https://t.co/DBbtlVhYBl,0,twitter
U.K. labor market freezes during Brexit and election uncertainty https://t.co/CXASj1Hyna,0,twitter
U.S. consumer debt grew in February by the most in 7 months https://t.co/tWHZnsEPW2,0,twitter
"U.S. consumers fear for jobs, debt payments because of coronavirus: New York Fed survey https://t.co/rKzcOAejIE https://t.co/q1H7vftWjJ",0,twitter
U.S. December wholesale inventories revised lower,0,twitter
U.S. deficit soars to $342 billion in two months https://t.co/7vmoZbPptk via @FoxBusiness https://t.co/wBdMuWnmmt,0,twitter
"U.S. economy is in a contraction, says Larry Kudlow, adding that it could reopen in four to eight weeks https://t.co/W2mMm5MIVH",0,twitter
U.S. farms face crop losses due to foreign worker delays #economy #MarketScreener https://t.co/iwMpBCyP52 https://t.co/pb8NNtZRea,0,twitter
U.S. job cuts double in January: Challenger,0,twitter
"U.S. job openings remained elevated in February, prior to the unprecedented surge in layoffs https://t.co/0XdZbEhmKj https://t.co/qX0INGsJYQ",0,twitter
U.S. Productivity Rose Less Than Forecast in Fourth Quarter,0,twitter
U.S. Retail Sales Miss Forecasts as Restaurants Decline,0,twitter
"U.S. retail sales rise 0.2% in November, below forecast",0,twitter
U.S. wholesale inventories drop 0.2% in December,0,twitter
UK housing market on hold due to coronavirus crisis - Halifax https://t.co/8D4d4gglsF https://t.co/VTgijLEfGA,0,twitter
"Unemployment could already be at 12-13%, and second-quarter GDP could decline by at least 30%, former Fed Chair Jan… https://t.co/ydfcSXwuPw",0,twitter
US Fertility Rate Hit Record Low In 2018 https://t.co/tZ83z6vVCZ,0,twitter
Vehicle sales dropped by almost 2 million from only two years ago. How will car companies respond? (via @bopinion) https://t.co/6ae1OL5QkI,0,twitter
Wholesale inventories in the U.S. slip 0.2% in December,0,twitter
Wholesale trade underwhelm in December,0,twitter
Why China's coronavirus is more dangerous for the global economy than SARS was in 2003 https://t.co/diuqsVLFOD via @BW,0,twitter
"With milk prices plunging to lows, dairy farmers are dumping the product to curb an oversupply during the… https://t.co/SuhBWCcDjd",0,twitter
World trade drops sharply in September https://t.co/VKcNBVVJUy,0,twitter
"World trade to remain below trend as tensions continue, WTO says",0,twitter
WTO expects tariff to threaten global goods trade,0,twitter
$ECONX: January University of Michigan Consumer Sentiment- Revision 99.8 vs 99.1 https://t.co/M9gpUZQoF7 consensus;... https://t.co/dRPj9oqjis,1,twitter
$ECONX: Nonfarm Payroll Revisions- October revised to 156K from 128K; September revised to 193K from 180K https://t.co/WOg237QKLC,1,twitter
"$ECONX: November Average Hourly Earnings M/M +0.2% vs +0.3% https://t.co/M9gpUZQoF7 consensus, prior +0.36% from +0… https://t.co/wWgQrqkNXh",1,twitter
$ECONX: November Nonfarm Private Payrolls 254K vs 175K https://t.co/M9gpUZQoF7 consensus https://t.co/fav5NvyRH3,1,twitter
$ECONX: November Unemployment Rate 3.5% vs 3.6% https://t.co/M9gpUZQoF7 consensus https://t.co/p5wq6wH9wr,1,twitter
$SOYB $MOO $FTAG - Soybeans rebound as China trade talks make progress https://t.co/1mf2YHIujB,1,twitter
$SUMRX: Economic Summary: Nonfarm Payrolls in November blow past expectations; Unemployment ticks lower to 3.5% https://t.co/cS5AJkoKmU,1,twitter
$TALKX: Market Briefing: Broad-based jump on employment data https://t.co/hfBDo7KqCi,1,twitter
2019 productivity advances to 9-year high of 1.7%,1,twitter
A Chinese move on intellectual property is a promising sign for trade talks. The Open panel discusses… https://t.co/K7sRyhXOtB,1,twitter
America’s states are increasing their spending at the fastest pace since the end of the Great Recession https://t.co/TbYaIrKXGO,1,twitter
"At the end of October, housing inventory nationwide fell to a 3.9 month supply, according to NAR. A healthy market,… https://t.co/RexchXRzyA",1,twitter
"BofA: ""the gradual pickup in wage growth should keep the Committee cautiously optimistic and overheating the econom… https://t.co/d9RLe97ql6",1,twitter
Building permits rise to highest level since 2017,1,twitter
Business activity in France picked up slightly this month as the euro zone’s second-biggest economy battles to keep… https://t.co/H7OSQ8k8io,1,twitter
Canada’s Labor Market Picks Up Steam for Second Month,1,twitter
Canada’s trade deficit of goods narrowed in October and came in slightly ahead of expectations https://t.co/9AkmEkES7u,1,twitter
Central Bank of Philippines : Inflation Eases Further to 2.5 Percent in March #CentralBankofPhilippines #economy… https://t.co/BXqDnEXNqV,1,twitter
Atlanta Fed hikes Q4 GDP estimate,1,twitter
"Chile Stuns Markets as Unemployment Falls, Manufacturing Rises",1,twitter
"China Becomes Top Filer of International Patents in 2019 Amid Robust Growth for WIPO's IP Services, Treaties and Fi… https://t.co/EcEAy3ZmwW",1,twitter
China Bucks Global Research Cuts as Analyst Count Hits Record,1,twitter
China set to cut tariffs on $75B in U.S. imports by 50%,1,twitter
China Set To Halve Tariffs On $75 Billion Of U.S. Goods,1,twitter
China suspends planned tariffs scheduled for Dec. 15 on some U.S. goods,1,twitter
China suspends planned tariffs scheduled for December 15 on some U.S. goods,1,twitter
"China to buy additional $32 billion in U.S. farm goods over two years, sign deal in January: USTR",1,twitter
China to Suspend Additional Tariffs on Certain U.S. Goods,1,twitter
"China, U.S. had 'constructive' phone call on trade - Xinhua",1,twitter
Conference Board's Employment Trends Index Rises in January #economy #MarketScreener https://t.co/JOB8ZhCp0V https://t.co/LAjY5flBIC,1,twitter
Consumer Credit Growth Rebounds In October #economy #MarketScreener https://t.co/Q24jOfYhMs https://t.co/QUq0lgYCaq,1,twitter
Consumer sentiment improves quite a bit in December https://t.co/7z8UtlSz2g,1,twitter
Consumer sentiment up in Decemeber https://t.co/sM9ApsEGnK,1,twitter
CoreLogic Reports February Home Prices Increased by 4.1% Year Over Year https://t.co/AfjHcwfb5n https://t.co/DPrLjn1AK8,1,twitter
"Cowen survey forecasts stores to reopen in June, Ulta and Planet Fitness will recover quickly https://t.co/4mZfwsPqgV",1,twitter
"Demand for HK Property Is Very Strong, Says Midland Realty's Lau",1,twitter
"Dubai economy grew 2.1% in first half of 2019, says Emirate's Media Office https://t.co/2cHUCc8CsD",1,twitter
E-Commerce retail sales up 5% Q/Q,1,twitter
"Economist Slok sees no U.S. recession, ""benign"" markets in 2020 https://t.co/RlzUHUaie1 https://t.co/6DPYzKO1bo",1,twitter
"Ending joint filing would lead to a 15.5 percentage point jump in women's labor-force participation, the IMF found… https://t.co/5PW14HOPY2",1,twitter
Equipment and Event Rental Industry in the U.S. Continues Steady Growth Pattern,1,twitter
"Ethiopia's wheat output jumped about 70% this decade, it has failed to keep pace with rising demand https://t.co/5tMw3cHYbu",1,twitter
EU Trade Commissioner Phil Hogan says a political agreement on the shape of a new trading relationship with the U.K… https://t.co/TrAWPGQl0L,1,twitter
"European car sales up 8.6% in Oct, driven by VW rebound - ACEA",1,twitter
"Consumers, the engine of U.S. growth, still feel good, NY Fed says",1,twitter
"Financial Stability Report: Contagion Risk From NBFCs Falls, Says RBI",1,twitter
"First-time U.S. jobless claims drop to 202,000",1,twitter
Foot traffic at U.S. malls is on the rise as the Thanksgiving holiday approaches https://t.co/kCQ8ReNEBA,1,twitter
Fourth-quarter U.S. productivity rises 1.4%,1,twitter
"Four-week jobless claims average falls 3,000 to 211,750",1,twitter
France Won’t Exclude Huawei From 5G Networks: Pannier-Runacher,1,twitter
"From the new quarterly forecast: The estimate of long-term unemployment continues to inch lower, now being cut to 4… https://t.co/gEPOgO3DBf",1,twitter
Goldman sees the economy surprising in 2020 and these stocks benefiting most from the rebound,1,twitter
Government data showed hiring saw the biggest surge in 10 months in November. Employers added a much stronger-than-… https://t.co/vGvxANUBQE,1,twitter
Grain Futures Rise on U.S.-China Trade Hopes  #Stock #MarketScreener https://t.co/RGHc4FOFhO https://t.co/H8l70569iI,1,twitter
Hours worked in fourth quarter increase 1.1%,1,twitter
IHS Markit reduces global recession probability to 1 in 5; sees 'green shoots' sprouting in 2020,1,twitter
"In its 2020 equity outlook, Goldman predicts the S&P 500 will rise by 5% to 3250 in early 2020. ""However, rising po… https://t.co/3e9Zj6q3oQ",1,twitter
Increase in October sales raised to 0.4% from 0.3%,1,twitter
Indian sugar exports poised to hit record 5 million tonnes this year,1,twitter
"Initial U.S. jobless claims drop 15,000 to 202,000",1,twitter
Irish demand for social benefits soars as coronavirus bites #economy #MarketScreener https://t.co/T9hGEfJy23 https://t.co/iM1IVUPF3a,1,twitter
"January jobs report: Economy adds 225,000 payrolls, unemployment rate ticks up to 3.6%",1,twitter
Japan Edges Closer to Ratifying Trump’s Phase One Trade Deal,1,twitter
Job Openings in U.S. Unexpectedly Rose in October to 7.3 Million,1,twitter
Job Openings Smash Expectations In Delayed JOLTS Report  https://t.co/7tHGcCcxei,1,twitter
Jobless claims hit multi-year low,1,twitter
JPMorgan's Jamie Dimon said he expects to see a phase-one trade deal between the U.S. and China https://t.co/PzVxE4Cybv,1,twitter
Kudlow calls U.S.-China deal 'close' as talks in 'intense' phase https://t.co/Nv9zq3zqVX,1,twitter
Kudlow Says Xi Reassured Trump Trade Purchases Goal Will Be Met,1,twitter
Kudlow sees no signs U.S. economy is nearing end of the cycle,1,twitter
"Leafly Jobs Report: Cannabis is the fastest-growing American industry, surpassing 240,000 jobs",1,twitter
Lloyds Banking : Value of UK exports to non-EU countries rises in 2019 #LloydsBanking #economy #MarketScreener… https://t.co/s6TyiRYCVQ,1,twitter
Mild weather boosts U.S. job growth; unemployment rate rises,1,twitter
Morgan Stanley says global growth should recover in 2020 as trade tensions and monetary policy ease,1,twitter
New Residential Q4 origination production surges 85% Q/Q,1,twitter
"November job gains revised up to 261,000 from 256,000",1,twitter
October consumer credit up 5.5%; revolving credit up 8.8%; nonrevolving credit up 4.3% (SAAR): https://t.co/LNINoFNBWC,1,twitter
October Credit Card Usage Surges To All Time HIgh As Americans Regain Their Spending Mojo https://t.co/chtJ2kmqyk,1,twitter
October Housing Starts Maintain Solid Upward Trend,1,twitter
October Trailer Orders Hit 11-Month High,1,twitter
"Our December Snapshot was fairly positive. Payroll employment increased, the #unemployment rate fell and housing ma… https://t.co/OWRMZhdyGy",1,twitter
Output in fourth quarter up 2.5%,1,twitter
Pending home sales squeak past estimate,1,twitter
PMI Survey Comments Signal Calmer Waters Before Possible Coronavirus Storm. https://t.co/XSMHdsOnYV #markets #economy #stocks,1,twitter
POLL-U.S. housing outlook improves but not breaking new ground - Nasdaq,1,twitter
President Donald Trump said there is “a very good chance” to make a trade deal with China but that unrest in Hong K… https://t.co/iXCDD4JR1g,1,twitter
President Trump reportedly walks away from vaping ban,1,twitter
Probability of a recession pretty low: strategist,1,twitter
Retailers Call China Trade Agreement ‘Right Direction’ But Say a Final Deal is Needed,1,twitter
Retailers may be able to expect a boost from Black Friday sales as consumer sentiment stays strong. Insights via… https://t.co/LHDwVskYGP,1,twitter
Rise in U.S. Labor-Force Participation Led by Millennial Women,1,twitter
Soybeans are snapping out of a slump as officials signal optimism that the U.S. and China will reach a trade deal https://t.co/yWj1Vk8MPO,1,twitter
Soybeans Nudge Higher After China Makes Small Tariff Cut,1,twitter
Stock Market Update: January nonfarm payrolls exceed expectations,1,twitter
Stock Market Update: Trade balance deficit narrows in November,1,twitter
Stock Market Update: U.S. offers to cut existing tariffs and cancel Dec. 15 tariffs,1,twitter
Stock Market Update: Weekly jobless claims drop below consensus,1,twitter
Sunny days lift restaurant sales in January,1,twitter
The amount of electricity generated from coal jumped 7% in the developing world last year https://t.co/w7O7NKroiV,1,twitter
The Consumer Economy Continues to Shrug Off Industry's Woes,1,twitter
"The RBA Turns Dovish, with Focus on Trade to Persist Throughout The Day",1,twitter
The world is getting windier and it could mean a big boost for alternative energy,1,twitter
Toronto Home Prices Post Fastest Annual Gain in Over Two Years,1,twitter
Total construction spending in the U.S. rose 0.6% in November to a seasonally adjusted annual rate of $1.324 trilli… https://t.co/L2rwQTiHwv,1,twitter
Trump said that a long-negotiated trade deal with China is “potentially very close” this morning. https://t.co/d1Pf2FYoyE,1,twitter
Trump Warms to Doing China Trade Deal Soon Ahead of Key Meeting,1,twitter
Trump’s Farmer Base Will Make More Money Thanks to Trade Deal,1,twitter
"U.S. added 266,000 jobs in November, the biggest jump in ten months, despite a slump in the manufacturing sector an… https://t.co/5zc4fKP01f",1,twitter
U.S. Claims for Jobless Benefits Fall to Lowest Since April,1,twitter
U.S. consumer debt rose more than forecast in October https://t.co/854qz3rA4V,1,twitter
U.S. consumer sentiment rose to a 7-month high https://t.co/l43zdgFJRW,1,twitter
U.S. consumer sentiment rose to a seven-month high https://t.co/yAvqleN0hA,1,twitter
"U.S. creates 225,000 jobs in January, unemployment rises to 3.6%",1,twitter
"U.S. economy adds 225,000 jobs in January; 2019 annual figure revised downward",1,twitter
U.S. exports to China to nearly double in 'totally done' trade deal: Lighthizer,1,twitter
U.S. growth outlook in 2020 improves despite trade risk: Fannie Mae,1,twitter
"U.S. Hiring Strengthened in November, Fueling Expansion -- Update #economy #MarketScreener https://t.co/FeceVHW5ph https://t.co/pJFvqEaRrP",1,twitter
U.S. housing market regaining steam; manufacturing stabilizing,1,twitter
U.S. housing starts climb 3.8% in October,1,twitter
"U.S. Job Report Looks Likely to Show Hot 2020 Start, Cooler Past",1,twitter
U.S. jobs growth beats expectations for January,1,twitter
"U.S. Jobs Top Estimates With 225,000 Gain, Wages Accelerate",1,twitter
U.S. offers China tariff rate cut; announcement 'imminent',1,twitter
U.S. productivity rises in fourth quarter,1,twitter
U.S. Services Gauge Climbs to Five-Month High on Gain in Orders,1,twitter
U.S. trade deficit in goods drops to $63.2 billion in November,1,twitter
US Homeowner Equity Rises by $457 Billion in Past 12 Months,1,twitter
USMCA Deal a Victory for High-Tech Trade Blog: 12/10/19 #economy #MarketScreener https://t.co/Ed6cq7hSRC https://t.co/pudUfuBacF,1,twitter
We got 3 pieces of good news about the U.S. economy on Wednesday: Morning Brief,1,twitter
Wheat Futures Jump as Virus-Stricken Nations Seek Food Security  #Stock #MarketScreener https://t.co/J0EBT5yD2E https://t.co/9hvC9ibgAx,1,twitter
White House adviser says UK's 5G actions won't hinder trade deal,1,twitter
Germany Supports Rescue Loan For Italy Through Euro Area Bailout Fund  https://t.co/Vigr6cgofO,1,twitter
"St. Louis Fed Economic News Index, our #realGDP “nowcast,” projects growth in Q4 of 1.6%, up slightly from the prio… https://t.co/O04jDQI5Yt",1,twitter
St. Louis Fed Financial Stress Index declines to -1.319 in the latest reading (normal stress=0). See the longer-ter… https://t.co/9wIeq3gMYs,1,twitter
$ECONX: January Chicago PMI 42.9 vs 48.7 https://t.co/M9gpUZQoF7 consensus; December 48.9 https://t.co/XIXZuRksHp,2,twitter
$ECONX: November Average Workweek 34.4 vs 34.4 https://t.co/M9gpUZQoF7 consensus https://t.co/JH8SarplLp,2,twitter
$FNMA $FMCC - Fannie and Freddie tap the brakes on backing some riskier loans - WSJ https://t.co/XqbPCKipbu,2,twitter
$SUMRX: Economic Summary: No US data today; Consumer Confidence out tomorrow at 10:00 ET https://t.co/qArKnRP6XF,2,twitter
12-month rate of core PPI slips to 3-year low of 1.3%,2,twitter
12-month rate of increase in PPI stays at 1.1%,2,twitter
Administration Proposal to Create a Uranium Reserve Addresses a Glaring Vulnerability #Stock #MarketScreener… https://t.co/hBKzuNtGpP,2,twitter
Argentina May Return to Kirchner's So-Called Tourist Dollar Fees,2,twitter
Argentina Returns to Kirchner’s So-Called Tourist Dollar Fee,2,twitter
"As countries move up the income ladder, the proportion of people who work in agriculture declines https://t.co/nDctkFEz5y",2,twitter
Australia to Boost Recycling Innovation Through $69 Million Fund,2,twitter
Auto suppliers rally on tariff relief hopes,2,twitter
Boris Johnson Set to Back High-Speed Rail Project Despite Costs,2,twitter
Boris Johnson suggests the chances of London's Heathrow airport building a third runway anytime soon are lowÂ https://t.co/oKOQhfeRUy,2,twitter
"Both sides confirm U.S./China ""phase one"" deal",2,twitter
Brazil Pushes Its Great Downsizing and Rakes In $5.2 Billion,2,twitter
Brazil’s national security body is conducting a broad risk review before the country chooses a partner to build its… https://t.co/rGFpoS7hl1,2,twitter
Brookfield Office Properties : Black Knight's First Look at October 2019 Mortgage Data ...… https://t.co/MucgGXELEP,2,twitter
BTS Bureau of Transportation Statistics : Third Quarter 2019 U.S. Airline Financial Data #BTS #economy… https://t.co/qRPXQVJnkX,2,twitter
Budget 2020 Provides ‘Discreet And Considered’ Stimulus: Finance Minister,2,twitter
California Homebuilders Rush to Get Ahead of New Solar Mandate,2,twitter
Atlanta Fed Business Inflation Expectations declined in February https://t.co/koNJkJAQAQ,2,twitter
Atlanta Fed model for Q4 real GDP growth at 0.4%,2,twitter
"China Crypto Crackdown Elicits Binance, Tron Weibo Appeal",2,twitter
China is in preliminary talks to support the EU's backup plan for settling international trade disputes https://t.co/QJPr0IedLP,2,twitter
China targets 'around 6%' growth in 2020 - Reuters,2,twitter
China Was Willing to Sign Similar Trade Deal 18 Months Ago: Haitong International,2,twitter
China's Global Times releasing another trial balloon saying deal is done with tariff rollbacks. Same thing happened… https://t.co/Ruqqz1pTYa,2,twitter
"Chinese importers scoop up Brazilian soybeans amid U.S. trade uncertainty - Reuters

https://t.co/0zdyq5mhHT",2,twitter
Australia's Finance Minister: No Need for More Fiscal Stimulus,2,twitter
"Austrian Finance Minister Gernot Bluemel says the debate over coronabonds is ""hypothetical"" https://t.co/QV5hExZNzx https://t.co/ozPSxKekmE",2,twitter
Consumer Cos Up On Optimism Ahead Of Holiday Shopping Kickoff -- Consumer Roundup #economy #MarketScreener… https://t.co/5hCBNqLjZr,2,twitter
Consumer Credit beats consensus https://t.co/RaOEwA2OY5,2,twitter
"Consumer Credit Soared In February, Just Before The Economy Shut Down  https://t.co/o1Em3Aq0fG",2,twitter
"Corporate profits are down in 2019, S&P is up 24%, or as Goldman says ""these returns likely would not have been pos… https://t.co/gLG9n8ckE9",2,twitter
"Corporate profits are flat in 2018, S&P is up 24%, or as Goldman says ""these returns likely would not have been pos… https://t.co/3FNHDnb4Ov",2,twitter
CSA Canadian Securities Administrators : October 2019 Monthly Economic Review #CSA #Stock #MarketScreener… https://t.co/tQHCUMsSrr,2,twitter
Defence Expo: $5 Billion Defence Export Target To Be Achieved By 2024: Rajnath Singh,2,twitter
Delayed U.S. Corn Harvest Has Resulted In Chaos For Trade Routes https://t.co/MOG6u15RwC,2,twitter
Doubts Surface on $50 Billion in China Farm Buys Touted by Trump,2,twitter
DOWN UNDER TRUCKING: Australia's Unfinished Trucking Reforms,2,twitter
"Economic Calendar Mon 11/25/19
via Econoday

Chicago Fed National Activity Index
8:30 AM ET

Dallas Fed Mfg Survey… https://t.co/v3TneMwixW",2,twitter
"Edelweiss Launches Bharat Bond ETF, Targets Rs 15,000 Crore",2,twitter
"EU countries back tough line on 5G suppliers in potential blow to Huawei
https://t.co/SEtvQ3Tc1P https://t.co/uziGmGl0lX",2,twitter
EU goes into meeting frenzy ahead of February 20 summit on next seven-year budget,2,twitter
EU governments ratchet up demands ahead of contentious talks about the bloc's post-Brexit relationship with the U.K. https://t.co/cOeGWcHRjD,2,twitter
EU Toughens Negotiating Demands Before Brexit Trade Talks Start,2,twitter
Europe Braces for Trump's Tariff Carousel,2,twitter
Exclusive: France ramps up pressure to shift $200 billion euro clearing away from London - sources,2,twitter
"Exclusive: UK's Labour sticks to 'basic' $20 cyber defense after attacks, emails show",2,twitter
February consumer credit up 6.4%; revolving credit up 4.6%; nonrevolving credit up 7.0% (SAAR): https://t.co/Zujt3BSrcT,2,twitter
"FHFA to re-propose capital rule for Fannie, Freddie next year",2,twitter
"Finance Ministry Working On Financial Resolution And Deposit Insurance Bill, Says Sitharaman",2,twitter
Financial Leasing Sector in Serbia & Third Quarter Report 2019 #Stock #MarketScreener https://t.co/YwHJDxyJUB https://t.co/2ToUisTIEb,2,twitter
Fiscal stimulus needed to revive India's stuttering economy: analysts,2,twitter
Flight Centre Travel : FMI Applauds Agreement on the United States-Mexico-Canada Agreement #FlightCentreTravel… https://t.co/yPDVK6cl3q,2,twitter
"For the first time in history, India is investing more money in solar power than fossil fuels https://t.co/dYRwTw4hOi",2,twitter
France Ready to Back Consolidation Among Car-Parts Suppliers,2,twitter
France's 5G spectrum to be sold at floor price of 2.17 billion euros:  minister https://t.co/BdKKwlwTFb https://t.co/xbOIYtNAas,2,twitter
"From Farms to Silicon Valley, U.S. Businesses Stand to Gain From USMCA -- Update #economy #MarketScreener… https://t.co/fpxwDcClZh",2,twitter
Gauging Value In Mortgage REIT Preferreds. https://t.co/r1LlebrpKI #business #investing #trading,2,twitter
Germany’s Climate Targets at Risk After Underestimating Electricity Needs,2,twitter
"Global growth is projected to edge up to 2.5% in 2020, with advanced economies slowing to 1.4% and emerging market... https://t.co/EIeAVPdo5N",2,twitter
"Global health care benefit cost increases will vary widely in 2020, says Willis Towers Watson  https://t.co/yqLaldm0vu",2,twitter
Global military spending hit a post-Cold War high of $1.8 trillion in 2018. With a growing U.S.-China rivalry and f… https://t.co/XNeINcYeYG,2,twitter
Global Trade Momentum Rises for First Time in Four Months,2,twitter
Goldman is disappointed in trade deal: Tariff rollback 'smaller than expected',2,twitter
"Goldman on jobs and the Fed: ""We do not see significant implications of today’s report for monetary policy, beyond… https://t.co/uscEeRjqA9",2,twitter
"Goldman Sachs says the impact of the coronavirus will be ""limited"" -- global damage could be as low as 0.1 percenta… https://t.co/Z9M7PN38SZ",2,twitter
"Good news/bad news: Jobs growth continues, construction spending falters",2,twitter
GRAIN HIGHLIGHTS : Top Stories of the Day  #Stock #MarketScreener https://t.co/Ay5aZBNgQd https://t.co/6PuhYXuhsY,2,twitter
Greenhouse gas emissions in the U.S. are forecast to decline by a whopping 7.5% this year https://t.co/nxxvDqphKR,2,twitter
Growing U.S. Wage Pressure Coming From Lower-Paying Jobs,2,twitter
Hong Kong House Prices Stay Stubbornly High in Face of Unrest,2,twitter
House approves final part of spending package,2,twitter
House passes first part of spending package to avert shutdown,2,twitter
Housing Starts,2,twitter
How Chinese tariffs on U.S. imports will stand after February 14 cuts,2,twitter
"IHS Markit sees lower risk of global recession, while U.S. growth is expected to slow next year",2,twitter
IMO International Maritime Organization : Preparations intensify as 1 January 2020 global ... #IMO #economy… https://t.co/lsFUo42jBD,2,twitter
Income tax payments by the top 0.001% have surpassed those by the bottom 50% https://t.co/iDQ6vVqtAh,2,twitter
india confirms iPhone exports,2,twitter
India In Talks With Rosneft To Invest In Far East Russian Cluster,2,twitter
"India is planning to offer incentives to 324 companies, including Tesla, to set up factories there https://t.co/1alTtQsUOc",2,twitter
India's October 1-November 15 sugar output down 64% - industry body,2,twitter
India's Paytm raises $1 billion in fresh funding #economy #MarketScreener https://t.co/jsVtGdJvN3 https://t.co/g4fPvXDbrB,2,twitter
Indonesia is preparing $40 billion for a railway network to rival Singapore’s https://t.co/0Ccpbh9Qnn,2,twitter
Italy reported the lowest number of new coronavirus infections in nearly three weeks https://t.co/rfvTbyw70B,2,twitter
Italy’s Plans for a Minimum Wage Stay on Paper for Now,2,twitter
Italy’s Sardines Rally in Backlash Against League’s Salvini,2,twitter
Japan Approves Ship Dispatch for Middle East Intel Gathering,2,twitter
Jobs heatmap https://t.co/it2tmRBNZv,2,twitter
JUST RELEASED: Inflation Expectations Remain Unchanged in January https://t.co/3sMbihgMhY #SCE https://t.co/8cmQFWcRoi,2,twitter
Kenya needs to spend $10.2 billion over the next five years if it is to clear a backlog of required new roads and m… https://t.co/e0Lj1tmTUw,2,twitter
"Korea Hits New Record of 300,000 Industrial Robots in Operation – IFR Reports",2,twitter
"Kudlow: no arbitrary deadlines in U.S.-China trade talks, Dec 15 important https://t.co/jkR7GfeNgk https://t.co/3iwvB6V2cY",2,twitter
Labour sets out advanced world’s harshest corporate tax regime https://t.co/wOzEGxOe4E,2,twitter
Large migration flows from #Venezuela are expected to place immediate pressures on fiscal spending and labor market… https://t.co/DPz0zFUV2Q,2,twitter
LATEST: Top economic adviser Larry Kudlow says the Trump administration hasn’t made a decision about re-imposing st… https://t.co/1Jw5xdWQXg,2,twitter
Live: PM Modi Says Have Kept Fiscal Deficit And Inflation In Check,2,twitter
Maharashtra Chief Minister Devendra Fadnavis Announces Rs 5.3-Lakh Crore Relief For Farmers,2,twitter
Malaysia to Publish Oil-Palm Concession Maps in Traceability Bid,2,twitter
Mexico objects to labor enforcement provision in North American trade deal,2,twitter
Mexico Official Complains About 3-Way Trade Deal in Tweetstorm,2,twitter
Mexico will never accept 'disguised' labor inspectors under USMCA: foreign minister,2,twitter
"Mild weather boosts U.S. job growth in January, but momentum slowing",2,twitter
"Mnuchin: 'If we don't get it done this year, it will be top of the list' next year, on infrastructure",2,twitter
Mnuchin: 'Our big focus right now is implementing phase one',2,twitter
Mnuchin: President is willing to cut tariffs but as part of phase 2,2,twitter
Mnuchin: 'The president is very focused on getting an agreement with the EU' on trade,2,twitter
New tariffs are set to go into place on December 15 that would affect a variety of consumer products such as Chines… https://t.co/O9VG6iEBs7,2,twitter
"No Date Set for U.S.-China ‘Phase Two’ Talks, Lighthizer Says",2,twitter
"No 'phase two' U.S.-China deal on the horizon, officials say - Reuters

https://t.co/cktQrn4j9f",2,twitter
"No 'phase two' U.S.-China deal on the horizon, officials say #economy #MarketScreener https://t.co/WdiEAaZ17F https://t.co/CI7AVxHcTl",2,twitter
Norway hopes to cut carbon dioxide emissions by requiring airline suppliers to blend their aviation fuel with 0.5%… https://t.co/9WofEhsZ8p,2,twitter
November Payrolls Preview: This May Actually Matter https://t.co/QW1OITFtcz,2,twitter
OECS Organisation of Eastern Caribbean States : Music Talk held in Montserrat #OECS #economy #MarketScreener… https://t.co/j9Udq6yn5m,2,twitter
Poland has brought home about 100 tons of gold from the Bank of England in a bid to demonstrate the strength of its… https://t.co/oVUu5Nuvtf,2,twitter
Productivity and Costs increase 1.4% in Q4,2,twitter
Putin Aide Tells Companies to Prepare for Harsh EU Carbon Tax,2,twitter
"Quite Convinced There Will Not Be a Phase Two Trade Deal, Says Matt Gold",2,twitter
"RECAP 12/10 TRUMPSAYS:
 It will be the best and most important trade deal ever made by the USA.

Live Breaking trad… https://t.co/ZCqU2TAQTe",2,twitter
Record Gasoline Prices in Australian Cities Spark Boycott Call,2,twitter
Rural land reform upsets China’s villagers https://t.co/UwI9bUeZ0p,2,twitter
Scottish salmon producers say Brexit will cost them $11 million #economy #MarketScreener https://t.co/DAR1OdVkC5 https://t.co/65Go4dGCLg,2,twitter
Senate approves defense policy bill that includes Trump's Space Force,2,twitter
SGX Singapore Exchange : Metropolitan Area Employment and Unemployment (Monthly) #SGX #Stock #MarketScreener… https://t.co/3f0PJubMrv,2,twitter
South Africa Plans Duties on Poultry From U.S. And Brazil,2,twitter
South Africa's big supermarkets told to drop exclusivity clauses in mall leases #economy #MarketScreener… https://t.co/MyqK8XB3Wm,2,twitter
South32 : Rep. LaHood Statement on USMCA Agreement #South32 #Stock #MarketScreener https://t.co/vS1jnjt93n https://t.co/71xRaQ0eGz,2,twitter
"Swiss government is in favor of wholesale digital currency, but not retail",2,twitter
The Dutch government wants to shrink the nation's hog industry to improve air quality https://t.co/V30pjV7pi6,2,twitter
The EU’s trade chief warns that post-Brexit Britain and the EU would struggle to reach a free-trade agreement befor… https://t.co/RG2REXsqKQ,2,twitter
The January Survey of Consumer Expectations shows that both short- and medium-term inflation expectations remained… https://t.co/Sv2I4ZsE5y,2,twitter
"The measure for the expected change in the cost of medical care reached a new series low at 5.7 percent, according… https://t.co/WRfedWItff",2,twitter
The Recent Rebound In Monthly Employment: Contradictory Micro And Macro Indications. https://t.co/MBEYKBqnS3 #business #markets #investing,2,twitter
The threat of a new transatlantic trade war over a tech tax is diminishing after 137 countries agreed to continue n… https://t.co/8OLoecqT5J,2,twitter
The Trade Deal Will Intensify The U.S.-China Rivalry,2,twitter
The U.S. and China are trying to agree on the amount of American agriculture products that Beijing is willing to pu… https://t.co/OrDpbgZPfY,2,twitter
The U.S. lifted sanctions against a unit of China's biggest shipping company that was accused of hauling Iranian cr... https://t.co/MiNvxfMwq3,2,twitter
This chart shows that the U.S.-China trade war has dominated discussions since August. https://t.co/gBlWLR2pXc https://t.co/7hJf0UA7sW,2,twitter
"Trade talks with China have been “intense,” Larry Kudlow says. “This is a very important matter.”… https://t.co/8eaEWzP3do",2,twitter
"Trade War Update: Who Will Lose Patience First, China Or Trump?",2,twitter
Trump says he will soon release plan allowing states to import drugs from Canada https://t.co/uFuF7N9Ula,2,twitter
U.K. Regulator Keeps Energy Price Cap Stable,2,twitter
"U.K. Seeks Simpler Tariffs, U.S. Deal to Boost Post-Brexit Trade",2,twitter
U.K.'s Johnson to Spend 5 Billion Pounds on Bus Service Overhaul,2,twitter
"U.S Mortgage Rates Were on the Rise, with More Likely to Come",2,twitter
U.S. and China to link tariff relief with failed deal from May - Bloomberg,2,twitter
"U.S. breaks off defence cost talks, as South Korea balks at $5 billion demand",2,twitter
U.S. consumers increased their credit use at a much faster pace in February https://t.co/wsRpeSRxVi,2,twitter
U.S. GDP Rose By $850 Billion In 2019 As U.S. National Debt Surged By $1.2 Trillion. Debt-To-GDP Ratio Hit 108%.... https://t.co/cmHgL0DSCf,2,twitter
U.S. Regional Economic Predictions For 2020. https://t.co/4IWagah0r1 #stocks #stockmarket #markets,2,twitter
U.S. 'Section 232' auto decision on hold for possible U.S.-EU trade deal: Kudlow,2,twitter
"U.S.-China trade deal 'totally done,' will expand U.S. exports: Lighthizer",2,twitter
UK seeks big tariff reductions in U.S. trade deal,2,twitter
Underlying Euro-Area Price Pressures Are Gradually Recovering,2,twitter
Unemployment Rate Seen Holding at 3.5% -- Data Week Ahead #matprem #MarketScreener https://t.co/uDTdqueEgE https://t.co/woEYOEdDoq,2,twitter
UPDATE 1-Venezuela opposition cuts deal to delay possible Citgo seizure,2,twitter
"US Economy in ""Late-Cycle"" Phase? ETFs to Play",2,twitter
"US wants China trade deal but won't turn blind eye to Hong Kong, Trump national security advisor says https://t.co/dvrewpls4T",2,twitter
USCIB United States Council for International Bu : Urges Resolution to Impasse Over Appellate Body at WTO #USCIB… https://t.co/8oHB9yGZQ3,2,twitter
USDA Chicago Terminal Grain - Feb 10 #matprem #MarketScreener https://t.co/ZLC7avpIHW https://t.co/lrKRg8AQ5G,2,twitter
USDA Supply/Demand : World Wheat-Feb 11 #Stock #MarketScreenerÂ https://t.co/Ys2aHjCCYkÂ https://t.co/iGX4pFYTMh,2,twitter
USDA United States Department of Agriculture : Secretary Perdue Statement on USMCA Agreement #USDA #economy… https://t.co/1g4vKSv0Bu,2,twitter
USDA Weekly By-Product Value Hog Report - Nov 22 #matprem #MarketScreener https://t.co/VfAI6zs7h2 https://t.co/SsCcHn9CtP,2,twitter
Used Vehicle Market Softens in October as Wholesale Volume Spikes,2,twitter
Wall Street bull Jim Paulsen sees the economy getting stronger but warns of coming pain,2,twitter
"Weekly Fuel Report—December 17, 2019",2,twitter
"Weekly GDP Nowcast: https://t.co/hSGXo6rV8j     
Q4 2019 1.2% 
Q1 2020 1.5%",2,twitter
'We'll see; - U.S. Vice President on whether U.K.'s 5G decision could hurt possible trade deal,2,twitter
Westwater Applauds Federal FY 2021 Budget Proposal for Uranium,2,twitter
What does Britain want from trade deal with United States?,2,twitter
What the January Jobs Report says about the economy,2,twitter
White House adviser: Xi told Trump that China will meet trade targets despite virus,2,twitter
Zambia Assures Mines of Power as Supply Deal Deadline Looms,2,twitter
Zimbabwe Corn Imports at 11-Year High as GM Ban Lifted,2,twitter
"Poland is taking heed of recent events in Hungary, where expectations of too much monetary loosening drove the fori… https://t.co/x8cU3WgToq",2,twitter
Coronavirus fears could push mortgage rates past 4-year low https://t.co/5nwrt2KOBU,2,twitter
Mortgage rates rise slightly from three-year lows - here's why low rates won't help home buyers very much https://t.co/G3WAokJ29h,2,twitter
$AMTD: TD Ameritrade Investor Movement Index: IMX hits seven-year low in March https://t.co/XkKpBQrqPw,0,twitter
"$SP500 - The Bubble: Bigger, Fatter, Uglier. https://t.co/XSkbRhLMmg #stocks #stockmarket #finance",0,twitter
"$SUMRX: European Markets Update: DAX -0.3%, FTSE -0.2%, CAC -0.4% https://t.co/UDYYOri06l",0,twitter
"After a day of gains, US stocks lost steam into the close and finished the day lower. The Dow finished 0.1%, or 26… https://t.co/BJybuxRUqc",0,twitter
Asian Markets Slip as Trump Threatens Higher Tariffs,0,twitter
Asian Shares Tumble as Trump Threatens Higher Tariffs,0,twitter
Australian Market Notably Lower - Nasdaq,0,twitter
Baltic Dry Index sheds 5%,0,twitter
"Bear-Market Bounce Breaks Despite ""Global Money-Printing Orgy""  https://t.co/d5ecBrunow",0,twitter
Bets on potential mining defaults surge on worsening sector outlook #AngloAmerican #Stock #MarketScreener… https://t.co/AiYhedShlz,0,twitter
Carbon Markets Fail to Win Backing at UN Climate Talks,0,twitter
Crypto Market Losing Hope,0,twitter
Dislocation In Credit Spreads Poses Risk For Market (Podcast),0,twitter
Dow briefly flips into negative territory as opening stock gains slip,0,twitter
Dow down over 500 points on fears about economic impact of deadly China coronavirus. https://t.co/N98FL8OzXG https://t.co/aQSepuWLn1,0,twitter
"Dow Drops 400 Points, Turns Red For 2020, Tests Critical Technical Level https://t.co/E0fciQS1cY",0,twitter
"Dow futures down 30 points, or 0.1%; S&P 500 futures down 5 points, or 0.2%",0,twitter
"Dow futures down 45 points, or 0.2%; S&P 500 futures lose 3 points, or 0.1%",0,twitter
Dow futures pare gains as Home Depot's stock sinks 5% after third-quarter earnings,0,twitter
Dow futures signal triple-digit retreat from record heights ahead of jobs data,0,twitter
Dow industrials down 50 points as Tuesday morning’s gains evaporate,0,twitter
Dow Jones Industrial Average retreats 63 points,0,twitter
Dow off 0.4%; S&P 500 slides 0.2% late-morning Tuesday,0,twitter
"Dow opens about 13 points, less than 0.1%, lower",0,twitter
"Dow opens about 91 points, 0.3%, lower",0,twitter
Dow turns negative after exploring record heights at opening bell,0,twitter
"Dow turns negative, down 12 points, or less than 0.1%",0,twitter
E-mini NASDAQ-100 Index (NQ) Futures Technical Analysis – Trade Through 8216.25 Changes Trend to Down,0,twitter
European stocks decline amid weak data and coronavirus concerns,0,twitter
Final-hour selloff costs stocks all their gains Tuesday as the Dow ends down 35 https://t.co/Zvu8yqqkzg,0,twitter
Fixed Income Fund Flows Dominant Over Equities Amid Recession Threat https://t.co/BxKSAx26Jx,0,twitter
Futures back off after four-day rally ahead of crucial jobs report,0,twitter
Futures dip from all-time highs,0,twitter
Futures eke out gains after Fed holds rates steady,0,twitter
Global markets fall after new tariff threat,0,twitter
Global Markets: Asian shares mixed as doubts grow on elusive U.S.-China trade deal,0,twitter
GLOBAL MARKETS-Flare-up of Sino-U.S. tensions over Hong Kong knocks world shares off 22-month high,0,twitter
Global stocks stumble toward best week since June,0,twitter
Global stocks stutter at end of best week since June,0,twitter
Growth worries on coronavirus send stocks lower at end of best week since June,0,twitter
Health Care Down As Hopes For Rapid Coronavirus Cure Fade -- Health Care Roundup #economy #MarketScreener… https://t.co/BSiY3qmLdM,0,twitter
Hong Kong stocks slip as whistle-blower doctor dies of virus,0,twitter
Hopes Dim for Broad Deal on Global Carbon Market at UN Talks,0,twitter
IMX hits seven-year low in March https://t.co/z3cDZJziHG,0,twitter
"In the final hours of trading, the Dow gave up a 900-point rally and finished the day slightly negative. The S&P 50… https://t.co/ppuBJ5f0vj",0,twitter
Industrials Down As Investors Await Dire Economic Data -- Industrials Roundup #economy #MarketScreener… https://t.co/7Dnu6o0wVI,0,twitter
Japan Goes Into Reverse on Going Green,0,twitter
Major indexes in the red after hitting record highs,0,twitter
Major indexes in the red to end record-breaking year,0,twitter
Markets trending lower despite positive jobs report,0,twitter
Markets Uncertain After Messy China-U.S. Deal Rollout (Podcast),0,twitter
Mid-Afternoon Market Update: Dow Tumbles More Than 500 Points; World Wrestling Entertainment Shares Plummet,0,twitter
Nasdaq Composite down 0.2%,0,twitter
Nasdaq Composite retreats 0.5% at the start of trade,0,twitter
"Nasdaq down about 4 points, 0.1%, at open",0,twitter
"Nasdaq sheds 21 points, 0.2%, at the bell",0,twitter
"Nasdaq-100 futures down 2 points, or less than 0.1%",0,twitter
"Nasdaq-100 futures retreat 15 points, or 0.2%",0,twitter
One S&P 500 sector could be in for trouble as this bond rally stretches on: Chart analyst https://t.co/0oTGu81b1j,0,twitter
Overbought stock market pauses after this week's rally,0,twitter
'Panic-selling' briefly reached Friday morning as coronavirus sparks stock-market tumble https://t.co/SW61PpnAL9,0,twitter
Rally May Stall For Malaysia Stock Market - Nasdaq,0,twitter
"Real Selling Begins As CTAs Start Liquidating, Dealer Gamma Flips Negative https://t.co/7bbtwMVOrS",0,twitter
"Recent rally could be a 'bear market trap,' says Miller Tabak strategist https://t.co/Ey7k8tJapS by @inesreports https://t.co/Gs2m8Sf9jW",0,twitter
Red Flags Emerge in U.S. Stocks With Insiders Rushing to Sell,0,twitter
S&P 500 and Dow down 0.1%,0,twitter
S&P 500 and Down down 0.1%,0,twitter
S&P 500 down 0.2%; Nasdaq Composite down 0.3%,0,twitter
"S&P 500 down by about 8 points, 0.2%, at the open",0,twitter
"S&P 500 down fractionally, about 2 points, at close",0,twitter
S&P 500 erases 2020 gains on concern the spread of the coronavirus will slam global economic growth... https://t.co/KFdhjTRC01,0,twitter
S&P 500 falls for first time this week as momentum seeps out - KPRC Click2Houston,0,twitter
"S&P 500 headed for a 67% downturn? Seems ‘preposterous’ now but so did similar pullbacks begun in 2000 and 2007, sa… https://t.co/a4vFwHt6n5",0,twitter
S&P 500 joins Dow in negative territory after setting fresh intraday records in early trading,0,twitter
S&P 500 opens fractionally lower,0,twitter
S&P 500 Price Forecast – Stock Markets Confused By Trade Deal,0,twitter
"S&P 500 turns negative, down less than a point, amid uncertainty over phase-one trade deal",0,twitter
S&P down 1.15% but TDEX still below 12. https://t.co/XfNJzEkzz7,0,twitter
"S&P flat, Dow down after disappointing retail results",0,twitter
SPDR S&P Retail ETF down 1.3% in premarket trading,0,twitter
"Sterling falls on new Brexit fears, stocks edge higher",0,twitter
"Stock Market 2020: Goldman presents a gloomy ‘unified government’ scenario
https://t.co/Glvs9wN0uv by @emily_mcck https://t.co/tJEtQCxspQ",0,twitter
Stock market news live: Stocks sink despite blowout January jobs data,0,twitter
Stock Market Update: Financials sector turns negative amid lower yields,0,twitter
Stock Market Update: Futures point to lower open amid more trade noise; Target and Lowe's rise,0,twitter
Stock Market Update: Futures slip from record highs in front of January employment report,0,twitter
Stock Market Update: Global stocks give back gains,0,twitter
"Stock Market Update: Market pares gains, chipmakers stay strong",0,twitter
Stock Market Update: Semiconductor stocks underperform; ICE calls off eBay interest,0,twitter
"Stock Market Update: Stock market set to open lower, Target and Lowe's gain",0,twitter
Stock Market Update: Stock market slips to session lows,0,twitter
Stock Market Update: Stocks pull back at open despite encouraging employment data,0,twitter
Stock Market Update: Stocks See Muted Response To Confirmation Of US/China Trade Progress,0,twitter
"Stock Market Update: Stocks set for lower open after strong week, jobs report tops expectations",0,twitter
"Stock-index futures extend losses after jobless claims, producer price data",0,twitter
Stock-index futures pare gains after report of China concerns over trade deal,0,twitter
Stock-index futures turn lower,0,twitter
"Stocks are plummeting. Fortunately for you, @JimCramer is here to break it all down: https://t.co/1mWoCg5j3S https://t.co/vzGsLact9Z",0,twitter
"STOCKS AT THE CLOSE: 
- Dow down down 0.09% 
- Nasdaq down 0.11% 
- S&P down 0.07% https://t.co/7L7WyRWDsE",0,twitter
"STOCKS AT THE CLOSE:
- Dow down 0.15% 
- Nasdaq down 0.33% 
- S&P down 0.18% https://t.co/0eNL2UOd9a",0,twitter
"STOCKS AT THE OPEN:
-Dow down 0.36%
-Nasdaq down 0.27% 
-S&P down 0.22% https://t.co/aFoTHH40Ef",0,twitter
Stocks close lower after trade creates choppy session https://t.co/hPyxj3JKNg by @heidi_chung https://t.co/NKyMcIcpE2,0,twitter
Stocks close mostly lower on earnings concerns,0,twitter
"Stocks face 50% odds of correction in 2020, Vanguard’s Davis says",0,twitter
Stocks Finish Lower After Paring Losses on U.S.-Mexico-Canada Trade Pact #SP500 #index #MarketScreener… https://t.co/RlFBEx234I,0,twitter
Stocks give up gains. Experts weigh in on the state of the market (via @TradingNation) https://t.co/oC0O8aXDeR,0,twitter
"Stocks have given back most of their gains, and the Nasdaq has turned negative https://t.co/sXyTbUf0jW",0,twitter
"STOCKS NOW: 
- Dow down 432.22 points 
- Nasdaq down 111.22 
- S&P down 43.90 https://t.co/lJ1NdTRaQH",0,twitter
Stocks open lower amid fears of trade impasse,0,twitter
Stocks open slightly lower as investors parse trade news,0,twitter
Stocks open slightly lower as investors remain uncertain on trade deal,0,twitter
Stocks poised to pause record run,0,twitter
Stocks retreat from records at the open after jobs report,0,twitter
Stocks squeeze out gains Friday as investors don't fully buy China trade deal,0,twitter
Stocks Suffer 'Shocking' Down Week As Fed Balance Sheet Unexpectedly Shrinks https://t.co/bspsRi3Wow,0,twitter
Stocks wobble in early trade; energy pulls back,0,twitter
"Stocks, Bonds, & Dollar Stumble As Traders Reach 'Peak FOMO' https://t.co/P9454JXHmT",0,twitter
Tech Down As Traders Hedge On US-China Deal Prospects -- Tech Roundup #economy #MarketScreener… https://t.co/PDK1Scf0jM,0,twitter
"The #market is seeing strong #tax-loss selling.
#Investors who focus on price action are worried.… https://t.co/g677b3iuwY",0,twitter
"The Dow closed 26 points lower today, or 0.1%, after it was up over 900 points earlier in the trading session",0,twitter
The Dow just gave up nearly all of its 940-point gain as stock-market rally stumbles headed into the close https://t.co/NHS6o1CYRp,0,twitter
"The last time Chinese stocks performed this poorly, the country was in the middle of a massive market meltdown https://t.co/Kzt3Uj0m4Y",0,twitter
The sky is falling as the entire cryptocurrency market crashes,0,twitter
Trade fears have produced yet another pop in the VIX index.  https://t.co/Wf3nY2LLE5,0,twitter
U.S. equities pared gains after climbing to fresh records as investors digested the latest views from Federal Reser... https://t.co/y5x69xFQ8h,0,twitter
U.S. stock futures fall on worries over China trade talks,0,twitter
U.S. stock market opens lower after hotter-than-expected jobs report,0,twitter
U.S. stocks finish lower as trade deadline looms https://t.co/Bkr4aklXkb,0,twitter
"U.S. Stocks Give Back Gains, End Modestly Lower #SP500 #index #MarketScreener https://t.co/Y5UaaU0lic https://t.co/sduR7dQRz9",0,twitter
U.S. stocks open lower https://t.co/0thvjPaMlT https://t.co/ha4HDhORNu,0,twitter
U.S. Stocks Waver as Viral Outbreak Claims More Lives #SP500 #index #MarketScreener https://t.co/SAEACBG0T4 https://t.co/rhtcDXMMPP,0,twitter
Utilities Down As Treasury Yields Rise -- Utilities Roundup #economy #MarketScreener https://t.co/dGuVTnCzb8 https://t.co/qyNKGCoLAq,0,twitter
Virus uncertainty weighs on global shares - NEWS.com.au,0,twitter
VIX Warns Of Imminent Market Correction,0,twitter
Volatility made its appearance today as the Dow gave up a 1000-point rally. The volatility sword cuts both ways.,0,twitter
Wall St. volatility raises fears of another selloff #Samp;P500 #economy #MarketScreener https://t.co/j4Jebb8qvW https://t.co/itcItsWEb1,0,twitter
Wall Street has slammed the brakes on one of 2019’s hottest stock-market funds https://t.co/lHTtGqt4hJ,0,twitter
Wall Street pulls back from record highs after four-day rally,0,twitter
Wall Street slips as investors look for concrete details on trade deal,0,twitter
Wall Street slips from record highs after jobs report,0,twitter
Wall Street slips from record highs at open after jobs report,0,twitter
Wall Street Warnings Get Louder Now the Everything Rally Is Back,0,twitter
WATCH: Dow drops 500 points as worries grow about the economic impact of the coronavirus. https://t.co/99uEAXIHI7,0,twitter
"Weekend Review, 11/24: Confirmed Uptrend

Both major indexes are down for the week, breaking 7 consecutive up weeks… https://t.co/k04JSxx56R",0,twitter
Why this bull market may have no teeth left,0,twitter
"With China Markets Set To Re-Open, US Traders Are Ignoring Two ""Blatantly Obvious"" Issues https://t.co/PKyJYckZNo",0,twitter
Cotton futures are trading at their lowest levels since 2010 as the virus forces clothing retailers to shut stores.… https://t.co/OvWpD5EPis,0,twitter
"$SUMRX: Asian Markets Close: Nikkei +0.8%, Hang Seng +1.5%, Shanghai +0.7% https://t.co/Z2UYTyWAwU",1,twitter
"$SUMRX: Asian Markets Close: Nikkei +2.0%, Hang Seng +2.1%, Shanghai +2.1% https://t.co/36MDQpNDxz",1,twitter
"$SUMRX: European Markets Update: DAX +0.5%, FTSE +0.9%, CAC +0.4% https://t.co/nTHSu2EJ0U",1,twitter
"$SUMRX: European Markets Update: DAX +4.1%, FTSE +3.8%, CAC +3.1% https://t.co/omtaBGt6RV",1,twitter
$SUMRX: Overnight Summary -- World markets rise following positive trade talk commentary over the weekend https://t.co/cRGN5PEIgX,1,twitter
A reason you don't panic with your 401(k) when stocks plunge: The Dow is up 13% from its low https://t.co/DBPMUsCOF3,1,twitter
Alex Gerko’s XTX Markets more than doubled profits last year https://t.co/bwn5Nld5u1,1,twitter
"All major indexes finished the day in the green, as the number of new coronavirus cases in the U.S. appeared to slo… https://t.co/Y8vffZuRWl",1,twitter
All major stock indexes have hit record intraday highs on heels of Trump tweets,1,twitter
"And a big thanks to @carlquintanilla on catching the market typo to end them all:

- Dow 654.01 points 
- Nasdaq up… https://t.co/SHXdy0pMc1",1,twitter
"Another day, another set of record highs. The S&P 500 closed up 0.6% and the Nasdaq closed up 1%, both reaching all… https://t.co/rlAsF0U3WR",1,twitter
Another new Stock Market Record. Enjoy!,1,twitter
"Another week, another VIX record short. https://t.co/bXYqoCmq26",1,twitter
"Asia shares bounce, hope for best on U.S.-China trade #economy #MarketScreener https://t.co/j8MxRanCYy https://t.co/WSMCSC8eKo",1,twitter
"Asia shares bounce, hope for best on U.S.-China trade https://t.co/MLGjF0fTaW https://t.co/FwYANnYwHi",1,twitter
Asian markets inch up ahead of U.S. jobs report https://t.co/tF3PZEFxc7,1,twitter
Asian Shares Jump as Hong Kong Pro-Democracy Candidates Score Major Victory,1,twitter
Asian Shares Mostly Higher; Hang Seng Jumps on Stimulus Expectations,1,twitter
Asian shares rise as 'phase one' trade deal fans confidence,1,twitter
Asian Shares Soar Amid Trade Optimism,1,twitter
Averages edges higher https://t.co/LROFMPI1Jy,1,twitter
Averages soar on hopes of pandemic may be peaking https://t.co/Pg1BnwJs8D,1,twitter
Averages up more than 5% in afternoon action https://t.co/oWq2PYRzXI,1,twitter
"CEE MARKETS-Forint regains ground before rate meeting, leads FX higher",1,twitter
China tariff cut buoys stocks as investors look beyond virus,1,twitter
China tariff cut set to power Wall Street to record highs,1,twitter
"CNBC-TV18 Market Highlights: Sensex ends 163 points higher, Nifty holds 12,100; PSU bank index up 2.6% - CNBCTV18",1,twitter
"Despite Back-and-Forth Trade News, Market Continues To Grind Higher",1,twitter
"Dow adds over 1,600 points as investors hope coronavirus cases have peaked https://t.co/fXwSUpuj54",1,twitter
Dow and S&P 500 open at records as China cuts tariffs,1,twitter
"Dow breaks through 28,000 | Calamatta Cuschieri - MaltaToday",1,twitter
Dow breaks through 28000 - Malta Independent Online,1,twitter
"Dow futures gain 129 points, or 0.4%, S&P 500 rise 13 points, or 0.4%",1,twitter
"Dow futures gain 57 points, or 0.2%; S&P 500 rises 4 points, or 0.1%",1,twitter
"Dow futures up 73 points, or 0.3%; S&P 500 futures rise 8 points, or 0.2%",1,twitter
"Dow Industrials climbs past 28,000 for first time - Chron",1,twitter
"Dow industrials end around 175 points higher, up 0.6%",1,twitter
"Dow Industrials Surge About 1,600 Points at Start of Challenging Week #MarriottInternational #Stock #MarketScreener… https://t.co/mmjeUsFgfS",1,twitter
"Dow Industrials Surge More Than 1,000 Points at Start of Challenging Week #MarriottInternational #Stock… https://t.co/62zC3YwYoy",1,twitter
Dow Rallies on Signs Coronavirus Pandemic Is Slowing Worldwide https://t.co/9Jg08tQs6j,1,twitter
"Dow surges 1,000 points #DOWJONES30 #index #MarketScreener https://t.co/O6Hk8BKJuQ https://t.co/T4lJBDELMx",1,twitter
Dow up 0.2%; S&P 500 rises 0.1%,1,twitter
"Dow up 110 points, 0.4%, at open",1,twitter
"Dow up 121 points, or 0.4%; S&P 500 gains 11 points, or 0.4%",1,twitter
"Dow up 25 points, or 0.1%; Nasdaq up 22 points, or 0.3%",1,twitter
"Dow, S&P 500 futures both up around 0.2%",1,twitter
"Dow, S&P 500 turn positive",1,twitter
"EMERGING MARKETS-Stocks, currencies edge up on hopes of U.S.-China trade pact",1,twitter
European markets soar after Boris Johnson's victory,1,twitter
European shares edge higher amid US-China trade worries,1,twitter
European stocks get boost from Fed dot plot as ECB decision awaits,1,twitter
European Stocks Jump to Record High,1,twitter
Financials Up On Signs Of Credit-Market Stability -- Financials Roundup #economy #MarketScreener… https://t.co/gSprQTSbKh,1,twitter
"For the week, the S&P rose 0.7%, the Dow is up 0.4%, and the Nasdaq gained 0.9%",1,twitter
FTSE gains 2% after big Tory victory,1,twitter
Futures higher ahead of more Q3 results,1,twitter
Futures point to fresh records for U.S. stocks on Monday,1,twitter
Futures up https://t.co/diz7v5lmVb,1,twitter
"Futures, Global Markets Soar For Second Day As Virus Fears Fade, Dollars Slides https://t.co/ORNlxqQtf5",1,twitter
Global Markets: Asian shares rise as 'phase one' trade deal fans confidence,1,twitter
"Global shares gain, oil rises, but caution lingers on U.S.-China deal",1,twitter
Global Stocks Gain as China Moves to Boost Intellectual Property Rights #index #MarketScreener… https://t.co/eFfDIA7DkZ,1,twitter
"Goldman says political gridlock to propel stocks in 2020: 'United we fall, divided we rise' https://t.co/RPvJ5SFALC",1,twitter
Health Care Up As Boost To Risk Appetite Buoys Biotech Cos -- Health Care Roundup #economy #MarketScreener… https://t.co/Xs7bcK9UPj,1,twitter
"'Hope' Vs 'Nope' - Dow Soars 1000 Points As Gold Spikes Near $1,700  https://t.co/gy9Ll5GZmK",1,twitter
JUST IN: The S&P 500 rallies 7% to its highest since March 13 https://t.co/RyoffM2Sy1 https://t.co/hv9Lphk30E,1,twitter
Macau sector rallies off positive trade news,1,twitter
"Market recovery attempt strengthens, S&P 500 knifes toward next test https://t.co/VOBgwAEKi3",1,twitter
Market Volatility Bulletin: Stocks Get A Reprieve With Yet Another 5%+ Up Day. https://t.co/pLO1a4mtB9 #finance #economy #markets,1,twitter
"Markets may get a boost from cheery Black Friday consumer sentiment, seasonal strength https://t.co/lfeWPLi1Vc",1,twitter
Markets May Rally as Tariff Relief Outshines Trade-Pact Letdown,1,twitter
Markets rocket back up - POLITICO $SPY https://t.co/C1c55w0G4H,1,twitter
"Mexican stocks rose as pledges by U.S. lawmakers to swiftly approve a new trade deal between the U.S., Mexico and C… https://t.co/POBdbNIQO1",1,twitter
Mid-Afternoon Market Update: NASDAQ Rises Over 2%; Myomo Shares Spike Higher,1,twitter
"Mid-Morning Market Update: Markets Open Higher; Schwab, TD Ameritrade Confirm $26B Merger",1,twitter
Money market inflows beat long-term inflows last month - Morningstar,1,twitter
"Most Saudi Arabian banking stocks climbed, even as the main local gauge fell, ahead of Saudi Aramco’s giant listing https://t.co/mynKhbSGvk",1,twitter
Nasdaq at record high as investors look past coronavirus impact on supply chains,1,twitter
Nasdaq at record high as investors look past coronavirus impact on supply chains https://t.co/e3P2dKgaY9,1,twitter
Nasdaq climbs 0.3%,1,twitter
"Nasdaq closes about 21 points, 0.2%, higher",1,twitter
Nasdaq Composite hits intraday record,1,twitter
Nasdaq hits new high as investors look beyond coronavirus,1,twitter
Nasdaq hits new high https://t.co/psOTjgfYkw,1,twitter
Nasdaq opens 34 points or 0.4% higher,1,twitter
"Nasdaq rises 42 points, or 0.5%",1,twitter
"Nasdaq touches intraday high of 8,545",1,twitter
Nasdaq up 0.2%,1,twitter
"Nasdaq up 14 points, or 0.2%",1,twitter
"Nasdaq-100 futures 43 points, or 0.5%",1,twitter
"Nasdaq-100 futures gain 28 points, or 0.3%",1,twitter
Nasdaq-100 futures up 0.4% after data,1,twitter
"Philippine Stocks May Pick Up Into Year-End on Profits, GDP",1,twitter
"Positive technical divergences are forming on the weekly charts for the Dow, S&P 500 and the Nasdaq. https://t.co/8W5rJovpTh",1,twitter
"Pound and stocks jump on UK election, talk of US-China deal",1,twitter
Rally goes on as China cuts U.S. tariffs,1,twitter
"S&P 500 adds 9 points, 0.3%, at the open",1,twitter
S&P 500 and Dow both up by less than 0.1%,1,twitter
S&P 500 and Nasdaq Composite both trade above record close,1,twitter
S&P 500 briefly turns positive,1,twitter
S&P 500 closes around 0.7% higher; Nasdaq gains 1.1%,1,twitter
S&P 500 Coasts Into Thanksgiving Week. Follow this and any other stock on Seeking Alpha! https://t.co/zbPZqShZzV #finance #markets #trading,1,twitter
S&P 500 ETF (SPY) Hits New 52-Week High,1,twitter
S&P 500 up 0.6%; Dow up 0.4%; Nasdaq up 0.9%,1,twitter
"S&P 500, Dow and Nasdaq all turn positive",1,twitter
"S&P 500, Nasdaq close at record highs; Dow ends up over 170 points",1,twitter
"S&P 500, Nasdaq close at record highs; Dow ends up over 170 points https://t.co/tpdD8wcWWR",1,twitter
"S&P 500, Nasdaq hit fresh record highs after China signals IP law reform https://t.co/eRBEEfxHb0 by @emily_mcck https://t.co/dGzn9WD2cU",1,twitter
"S&P 500, Nasdaq notch records to end the week as market weighs merits of limited China trade-deal",1,twitter
"S&P 500, Nasdaq touch records as stocks close higher on solid earnings",1,twitter
"S&P, NASDAQ Reach New Closing Highs on 3rd Day of Rally",1,twitter
"Safe-havens rise on coronavirus concerns, stocks rebound",1,twitter
"South Korean, Philippine and Indonesian stocks are the first in Asia Pacific to enter technical bull markets https://t.co/qBfjTSQXxw",1,twitter
"Stock buybacks jump by 6.3% in Q3 2019, S&P Dow Jones says",1,twitter
Stock futures advance after China IP announcement https://t.co/eRBEEfxHb0 by @emily_mcck https://t.co/yO96qcF9Lx,1,twitter
Stock futures move higher as trade deal hopes rise #economy #MarketScreener https://t.co/ccieGNw97o https://t.co/4L2S3ERepE,1,twitter
Stock futures move higher as trade deal hopes rise https://t.co/pGqBeBSfzF https://t.co/UI9uChGnUK,1,twitter
"Stock Market Live Updates: S&P 500, Nasdaq, Dow post record closing highs - Yahoo Canada Finance",1,twitter
"Stock Market Live Updates: S&P 500, Nasdaq, Dow post record closing highs - Yahoo Finance",1,twitter
Stock Market Live Updates: Stocks reverse losses as China says 'Phase One' deal is all but done,1,twitter
"Stock Market Live Updates: Wall Street sets new highs despite Home Depot, Kohl's",1,twitter
"Stock market live Wednesday: S&P 500 erases coronavirus sell-off, Tesla's 2nd worst drop ever - CNBC",1,twitter
Stock market news live: Stocks hit record highs after China announces plans to cut tariffs on $75 billion in US goods,1,twitter
"Stock Market Update: Futures edge higher despite weakness in Home Depot, retailers",1,twitter
Stock Market Update: Futures extend last week's record run,1,twitter
"Stock Market Update: Futures extend rally, China says it will cut some tariffs",1,twitter
Stock Market Update: Futures gain on back of bullish momentum,1,twitter
Stock Market Update: Global stocks extend gains,1,twitter
Stock Market Update: Nasdaq More Than Doubles Percentage Gains In S&P 500,1,twitter
Stock Market Update: On Track for More Records,1,twitter
Stock Market Update: S&P 500 Perks Up,1,twitter
Stock Market Update: Stock market edges higher to start the week,1,twitter
Stock Market Update: Stock market lifted by mega-cap tech,1,twitter
"Stock Market Update: Stock market opens firmly higher, tech stocks lead",1,twitter
"Stock Market Update: Stock market opens slightly higher, energy stocks pull back",1,twitter
"Stock Market Update: Stock market opens slightly higher, retail drags",1,twitter
Stock Market Update: Stock market primed for more gains at open,1,twitter
Stock Market Update: Stock market set for higher open despite relative weakness in retailers,1,twitter
"Stock Market Update: Stocks set for higher open following trade update, M&A deals",1,twitter
"Stock Market Update: Stocks up, but off highs, as trade headlines heat up",1,twitter
Stock Market Update: Wholesale inventories decline in December,1,twitter
Stock-index futures point slightly higher amid positive trade developments https://t.co/Dk2z1xUL5I,1,twitter
"Stocks are extending their gains in the last hour of trading, with the Dow up 6% https://t.co/910PUB6eCy",1,twitter
"STOCKS AT THE CLOSE:
- Dow up 0.39% 
- Nasdaq up 0.16% 
- S&P up 0.21% https://t.co/ZVCOMpinC3",1,twitter
"STOCKS AT THE CLOSE:
-Dow up 0.60%
-Nasdaq up 1.13 %
-S&P up 0.73% https://t.co/3W0Y3ZI0IB",1,twitter
"STOCKS AT THE OPEN:
- Dow up 0.21% 
- Nasdaq up 0.48% 
- S&P up 0.26% https://t.co/bkFqrriGqI",1,twitter
Stocks bounce back to record territory,1,twitter
Stocks bounce up after China confirms trade deal with U.S.,1,twitter
Stocks bounced today on positive coronavirus news - here's what 3 market experts had to say.  Follow along with th… https://t.co/25AXp5RFFD,1,twitter
Stocks climb to record high on China deal optimism https://t.co/GY4gNyoRQg https://t.co/xysKixvIfh,1,twitter
"Stocks edge higher, but S&P 500 ends six-week streak of weekly gains https://t.co/hMPzjhuNPn",1,twitter
"Stocks gain as China cuts tariffs, investors look beyond virus",1,twitter
Stocks Gain as U.S. Economy Signals Strength -- Update #SP500 #index #MarketScreener https://t.co/e9i8yV5o1I https://t.co/phbncHu6aL,1,twitter
Stocks grab another round of records as Wall Street parses trade news,1,twitter
Stocks hit session highs on trade optimism,1,twitter
"Stocks near record highs, pound wavers before election result",1,twitter
"STOCKS NOW:
- Dow up 1,131.98 points 
- Nasdaq up 389.55 
- S&P up 135.97 https://t.co/TU4DLQVnBW",1,twitter
"STOCKS NOW:
- Dow up 120.52 points 
- Nasdaq up 4
- S&P up 5.91 https://t.co/8LMPTUNXex",1,twitter
"STOCKS NOW:
- Dow up 345.10 points 
- Nasdaq up 88.49 
- S&P up 32.25   
Here's what's moving markets: https://t.co/j7gT8jOd5m",1,twitter
"STOCKS NOW:
- Dow up 4.73 points 
- Nasdaq up 17.91 
- S&P up 2.04 
Here's what's moving markets:  https://t.co/Yw7HqPotMT",1,twitter
"STOCKS NOW:
- Dow up 704.83 points 
- Nasdaq up 165.39 
- S&P up 72.15",1,twitter
"Stocks open slightly higher on upbeat trade hopes, merger activity",1,twitter
"Stocks open slightly higher on upbeat trade hopes, merger activity https://t.co/fRozqKlNg1",1,twitter
"STOCKS PREMARKET: 
- Dow up 86.38 points 
- Nasdaq up 27.50 
- S&P up 7.25 
Here's what's moving markets:  https://t.co/uSCSLhgCrA",1,twitter
"Stocks rallied for a second day, with the S&P 500 Index venturing briefly into bullish territory https://t.co/XvcR80ej7I",1,twitter
Stocks rally after China lauds 'major progress' in trade negotiations,1,twitter
"Stocks rose after China moved to step up intellectual property protection, which investors hope may address a key c… https://t.co/iTu4wDK0AC",1,twitter
"Stocks rose slightly on Friday, after President Trump said the U.S. and China are “very close” to reaching a trade… https://t.co/DSRcoha7Er",1,twitter
"Stocks rose today, building on strong gains from the previous session. We spoke with 3 experts - here's what they h… https://t.co/AYgzdtaO3x",1,twitter
Stocks start with solid gains; tech a strong early leader,1,twitter
Stocks start with solid gains; tech a strong early leader https://t.co/orxPJBKlr3,1,twitter
Stocks That Hit 52-Week Highs On Monday,1,twitter
Stocks turn positive ahead of China press briefing,1,twitter
"Stocks, Bond Yields Climb on Strong Jobs Report #SP500 #index #MarketScreener https://t.co/u5BPqfuoLG https://t.co/ZNal260A6P",1,twitter
Strong economic data nudge stocks higher,1,twitter
Tech Up As Investors Rush Back To Speculative Areas -- Tech Roundup #economy #MarketScreener https://t.co/vUfDnoUN55 https://t.co/l5Vwg7aqmy,1,twitter
"Technical Indicator: Late-year bull trend confirmed by S&P, Nasdaq",1,twitter
That's a new 52-week high for the Russell 2000.  Small caps have nearly caught up....S&P YTD is up 25.6% while Russell 2000 YTD is up 21.4%.,1,twitter
"The Dow closed 1,627.46 points higher, or more than 7%,  as the number of new coronavirus cases in the US appeared to slow down",1,twitter
The Dow has rallied 6% today as investors react to early signs that lockdowns in the U.S. and Europe may be helping… https://t.co/W7UUwREpdJ,1,twitter
"The Dow is up more than 1,000 points. These kinds of wild swings have dominated the market for the past month. https://t.co/fYoKPv2jM4",1,twitter
"The S&P 500 is up nearly 25% in 2019, and history shows the momentum could carry over to next year - CNBC",1,twitter
The S&P is now up 30 handles.,1,twitter
"The S&P is up 0.9% and energy is the best performing sector; XLE is up 1.8%, double the S&P.",1,twitter
There was a frantic rally at the market open on Wall Street. The Dow shot up more than 1000 points boosted by hopes… https://t.co/Q3oiOlWxUh,1,twitter
"This S&P 500 comeback stock could ride higher from here, traders agree (via @TradingNation) https://t.co/iEIpL6j4SD",1,twitter
Today's Free Feature: The Technical Take: Markets Lift Above Two-Day Ranges $INDU $SPX $COMPQ $IWM $IYT $TNX $UUP… https://t.co/3dON5JsZHP,1,twitter
"U.K. stocks rally, British pound recovers as optimism over possible virus containment offsets worry over Johnson https://t.co/lusf9e2gZi",1,twitter
U.S. markets have hit record levels recently. What's your next move?,1,twitter
U.S. markets jump at the open https://t.co/nb9TiXrMa0 https://t.co/hiuEonQvUq,1,twitter
U.S. stocks are staging a remarkable two-day rally. But many analysts are calling the recent run a rally within a b… https://t.co/dR44js6oyO,1,twitter
U.S. stocks are 📈 https://t.co/2cVbN4AIF4 https://t.co/iAQJgLcbR6,1,twitter
"U.S. Stocks Edge Higher, Trying to Extend Winning Streak #SP500 #index #MarketScreener https://t.co/vtyDKNGe8E https://t.co/lJlauoOlYa",1,twitter
U.S. Stocks Gain on Trade-Talks Optimism #SP500 #index #MarketScreener https://t.co/H4xQHsFFJj https://t.co/C3dmOriz8O,1,twitter
U.S. Stocks Open Higher as Risk Appetite Improves #SP500 #index #MarketScreener https://t.co/NXv3PaJHsD https://t.co/yxgg3k0IBu,1,twitter
U.S. stocks open higher https://t.co/BejHsM6lkv https://t.co/mrgV8q38Wz,1,twitter
U.S. Stocks Were Resilient Last Week As Coronavirus Roils China. https://t.co/FEUhSbItjZ #business #stocks #trading,1,twitter
"UPDATE: U.S. stocks rose Friday, recovering after three consecutive session of losses https://t.co/Hb08wK457g by… https://t.co/FfDox2BqHt",1,twitter
"US stocks had their best day in two weeks, closing near session highs on optimism about a slowdown in new coronavir… https://t.co/A6uo1rzZpn",1,twitter
US stocks remain near session highs in the early afternoon. Apparently nothing can derail the positive market senti… https://t.co/GUCGLVC6UD,1,twitter
US STOCKS-Futures gain as China fuels trade deal optimism,1,twitter
Wall Street bounces back from a steep sell-off. Here's what to expect next (via @TradingNation) https://t.co/aPilBCa4u3,1,twitter
Wall Street hits record high as trade hopes rise,1,twitter
Wall Street Hits Record Highs After Reports U.S. ‘Very Close’ To China Trade Deal As Deadline Looms,1,twitter
Wall Street opens higher as report sparks trade deal hopes,1,twitter
"Wall Street rally continues, Dow and S&P 500 open up over 3% at market open https://t.co/txI62R3frj",1,twitter
Wall Street rises modestly #S&P500 #economy #MarketScreener https://t.co/plAvxK3IRu https://t.co/RSZSZDTvvz,1,twitter
Wall Street set for higher open as trade deal hopes build,1,twitter
Wall Street surges as China financial measures soothe virus worries,1,twitter
Weekly market update : Good corporate results counter virus fears #Weeklymarketupdate #marketscreener… https://t.co/UWvHmj6TtT,1,twitter
"What to watch today: Dow set for huge jump after rocketing 1,600 points higher https://t.co/uD6EDO9LiW",1,twitter
"World’s Largest Pension Fund Gains on Stocks, Foreign Debt",1,twitter
"$SP500 - Heads Bulls Win, Tails Bears Lose. Read more: https://t.co/LcojBwtf5e #investing #markets #business",2,twitter
"$SUMRX: Asian Markets Close: Nikkei -0.6%, Hang Seng -0.6%, Shanghai +0.5% https://t.co/jej2QmqnvP",2,twitter
$TALKX: Market Briefing: Momentum maintained despite disappointing news https://t.co/xW5sKJZUI2,2,twitter
A sell-off in bonds amid improving economic fundamentals could bring cyclical stocks back into the spotlight in the… https://t.co/PJ9HYfS92E,2,twitter
Algos buying bonds because other algos buying stocks.,2,twitter
Asia Petrochemical Monthly Price Watch Report 2019 - https://t.co/guyiBzPH8C https://t.co/3Me3KjxlRs https://t.co/ooQUtHwrZ2,2,twitter
Asia Stocks Open Mixed as Trade Details Awaited: Markets Wrap,2,twitter
Asian shares mixed amid caution on US-China trade talks,2,twitter
"-Asian stocks ⬆ with U.S. equity futures
-Yen and Treasuries dip
-Hong Kong stocks outperform
-Trump says he's “ver… https://t.co/oZq2YWS6wW",2,twitter
"-Asian stocks see modest gains
-Treasury yields dip
-U.S. dollar holds an overnight decline
-Oil slips after OPEC f… https://t.co/gZWtn7mjQK",2,twitter
Asian Stocks Set to Open Mixed After Trade Deal: Markets Wrap,2,twitter
At the open (11/25/2019),2,twitter
At the open (2/10/2020),2,twitter
At the open (2/10/2020) https://t.co/MKqcLqq18K,2,twitter
At the open (2/6/2020),2,twitter
At the open (2/7/2020),2,twitter
Averages end flat,2,twitter
Averages end flat https://t.co/xh9sdQjikB,2,twitter
Before the Open https://t.co/1rqW1xDqPE,2,twitter
Bloomberg's Bill Maloney watches S&P 500 technicals as markets digest a slew of trade headlines… https://t.co/EqORZgVQbw,2,twitter
Can The Record Highs In U.S. Stocks Last?,2,twitter
"CEE MARKETS-Currencies weaker, stocks grind higher amid U.S.-China trade hope",2,twitter
"China market opens, Iowa caucuses, Alphabet earnings: 3 things to watch for on Monday https://t.co/nZDp3smBbK",2,twitter
"Consumer Next Shoe To Drop As Wall Street Ignores Data ""Decelerating Hard"" https://t.co/yMxGcUbAt5",2,twitter
"Coronavirus update: China toll skyrockets, but markets calm amid government cash infusion",2,twitter
DASAN Zhone : Risk parameters change on Derivatives Market during Holidays on foreign exchanges #DASANZhone #Stock… https://t.co/uFkBLnPo3s,2,twitter
"Dow futures up 5 points, or less than 0.1%; S&P 500 down 2 points, or 0.1%",2,twitter
Dow Jones News: Microsoft Reveals Next Xbox; Apple Avoids Tariffs,2,twitter
Dow Jones Today: A Trade-Induced Hangover,2,twitter
"Dow Tags 28k, Dumps In Catch-Down To Bonds, Gold https://t.co/eOvBhIcH7B",2,twitter
Europe has the longest trading hours among major stock markets—some two hours longer than the U.S. https://t.co/OtvJdYEqoR,2,twitter
General Announcement::AIMS APAC REIT secures 12-year Master Lease with its largest tenant ... #SingaporeExchange… https://t.co/SEvz80TbIN,2,twitter
"General Announcement::Announcement by Associated Company, First Sponsor Group Limited #CityDevelopments #Stock… https://t.co/M0Z9Zi6VI6",2,twitter
General Announcement::ENTRY INTO A SUPPLEMENTAL DEED IN RELATION TO DC1 #SingaporeExchange #Stock #MarketScreener… https://t.co/FbOamR7PDT,2,twitter
General Announcement::Immediate Report - updated rating report (Midroog) #SingaporeExchange #Stock #MarketScreener… https://t.co/fAUcb1cjQV,2,twitter
General Announcement::LOAN FACILITY OBTAINED BY KEPPEL PACIFIC OAK US REIT #SingaporeExchange #Stock… https://t.co/MGjSiYEQK6,2,twitter
General Announcement::Melco Resorts Finance Announces Proposed Senior Notes Offering #SingaporeExchange #Stock… https://t.co/8tIoYSk4oM,2,twitter
General Announcement::Monthly Valuation of Assets and Utilisation of Cash #SingaporeExchange #Stock #MarketScreener… https://t.co/ceKi3BXPZ4,2,twitter
General Announcement::Sasseur REIT will be included in FTSE EPRA Nareit Global Emerging In... #SingaporeExchange… https://t.co/hYBpfL3Wkw,2,twitter
"General Announcement::SIIC Environment to Build 3,800 tonnes per day Waste Treatment Proje... #SIIC #Stock… https://t.co/OzKMWezAnp",2,twitter
GLOBAL MARKETS-Asian shares mixed as wait goes on for elusive U.S.-China trade deal,2,twitter
Global shares cautious ahead of US jobs data report,2,twitter
Here's what happened to the stock market on Monday,2,twitter
Here's what happened to the stock market on Tuesday,2,twitter
"India's NAFED tenders to purchase 100,000 tonnes corn",2,twitter
Inflows with a capital I: The S&P 500 fund took in $11 billion in March https://t.co/kTk0dimVl4,2,twitter
"Japan Exchange : Feb. 10, 2020 OSE Deletion of Component Issues for the TSE Mothers Index ... #JapanExchange… https://t.co/9qNtBBch4v",2,twitter
Leveraged ETF Decays - Update. Get more updates here: https://t.co/WIdIm2w4Wv #business #finance #trading,2,twitter
London Stock Exchange : ALLERGAN PLC #LondonStockExchange #Stock #MarketScreener https://t.co/TJKXaJyPaQ https://t.co/fbl4KXRy9F,2,twitter
London Stock Exchange : Cleansing Notice #LondonStockExchange #Stock #MarketScreener https://t.co/RHuUGxiLJs https://t.co/oSk2zYY3ns,2,twitter
London Stock Exchange : Disclosure Table #LondonStockExchange #Stock #MarketScreener https://t.co/lyWcd2pDeg https://t.co/636ZdNiJ9c,2,twitter
London Stock Exchange : Early Redemption #LondonStockExchange #Stock #MarketScreener https://t.co/6cFHJ3Ev4H https://t.co/F4jHwOXNUq,2,twitter
London Stock Exchange : Form 8.3 -  #LondonStockExchange #Stock #MarketScreener https://t.co/T6RyzZ5NYM https://t.co/luERmBW1OG,2,twitter
London Stock Exchange : Form 8.3 - Replacement of ABBVIE INC. #LondonStockExchange #Stock #MarketScreener… https://t.co/dLdLyreVih,2,twitter
London Stock Exchange : Form 8.3 - Replacement of ALLERGAN PLC #LondonStockExchange #Stock #MarketScreener… https://t.co/uGV2vlER0j,2,twitter
London Stock Exchange : Notice of Event of Default #LondonStockExchange #Stock #MarketScreener… https://t.co/V5w1I8JGGD,2,twitter
London Stock Exchange : Notice of Redemption #LondonStockExchange #Stock #MarketScreener https://t.co/oSK7AsouUi https://t.co/4YLjbfyYuD,2,twitter
Market Is Conducive to Long Volatility Positions: JPMorgan,2,twitter
Market Scales New High: Top-Ranked Growth ETFs to Buy,2,twitter
Markets are mixed on trade news 🔄https://t.co/tVyO8z8ZuD https://t.co/ZxJv5MUFvJ,2,twitter
Mid-Day Market Update: Tallgrass Energy Jumps Following Acquisition News; Proteostasis Therapeutics Shares Plummet,2,twitter
Mid-Morning Market Update: Markets Edge Higher; Jabil Beats Q1 Expectations,2,twitter
Mid-Morning Market Update: Markets Mixed; Adobe Earnings Beat Estimates,2,twitter
"Morgan Stanley says forecasting just the next two months, let alone 2020, is hard right now",2,twitter
"Mutual Fund Misfires of the Market - February 06, 2020",2,twitter
"Mutual Fund Misfires of the Market - February 07, 2020",2,twitter
"Mutual Fund Misfires of the Market - November 25, 2019",2,twitter
NASDAQ : Debtor distribution data - Nykredit Realkredit A/S #NASDAQ #Stock #MarketScreener https://t.co/SMj5BFtWla https://t.co/Hu7raCpRPc,2,twitter
NASDAQ : Oplysning om kommende ændring i Møns Banks ledelse. #NASDAQ #Stock #MarketScreener https://t.co/qlR9lUawdD https://t.co/AnDoa08djJ,2,twitter
"NASDAQ : Quarterly Statistical Bulletin Vol 8, No 2, June 2019 - Contents and Narratives #NASDAQ #Stock… https://t.co/g9bUP5eu2R",2,twitter
Nasdaq Composite down 0.1%; S&P 500 virtually flat,2,twitter
Nasdaq Private Market Sets New Annual Transaction Record in 2019 - StreetInsider.com,2,twitter
"Netflix must add ad tier or lose millions of users, Needham says https://t.co/t5UrBmVB5Q via @business https://t.co/zyU9wT1Rhg",2,twitter
News Highlights : Top Global Markets News of the Day #NewsHighlights #economy #MarketScreener… https://t.co/gQINsmgO3f,2,twitter
News Highlights : Top Global Markets News of the Day #NewsHighlights #economy #MarketScreener… https://t.co/p9YIUK150y,2,twitter
NYSE Closing Bell : @conmedcorporation (NYSE: $CNMD) celebrates their new listing and 50th Anniversary https://t.co/UALucXuNeH,2,twitter
NYSE Closing Bell 🔔: Executives and guests of Greek American Issuer Day ring the bell https://t.co/hTmUsYaZrE,2,twitter
NYSE Opening Bell : @Generac (NYSE: $GNRC) celebrates their 10th anniversary of listing https://t.co/Mnq8o5gzRd,2,twitter
On the hour https://t.co/UjTgLR5wPY,2,twitter
On the hour https://t.co/wrsG5l495t,2,twitter
Premarket London: EasyJet Profit in Line; Hammerson Fire Sale Continues,2,twitter
"S&P 500 earnings upside in 2020 will ‘primarily depend’ on U.S.-China trade deal, says JP Morgan https://t.co/CZBvuUZvJW",2,twitter
S&P 500 Vs. Commodity Markets: Relative Valuation. https://t.co/RoLVSOYei0 #markets #finance #trading,2,twitter
"S&P, Dow fall as Nasdaq inches up",2,twitter
"Shares gain, but doubts linger on U.S.-China deal, oil rises",2,twitter
Some odd divergences in the past two weeks as most asset classes except stocks are reversing recent gains https://t.co/0XJwxOyhBA,2,twitter
"Stock market live updates: Dow down 180, coronavirus names fall, Uber best day ever",2,twitter
"Stock Market Live Updates: Stocks end little changed, lashed by Brexit and US-China trade - Yahoo Finance",2,twitter
"Stock market news: November 18, 2019",2,twitter
Stock Market News: Uber Hits the Gas; Pinterest Paints a Pretty Picture,2,twitter
"Stock Market Update: Asia closes mixed, Europe trades lower",2,twitter
Stock Market Update: Averages Still Mixed,2,twitter
Stock Market Update: Early Levels,2,twitter
"Stock Market Update: Energy remains weak, while mega-cap tech remains strong",2,twitter
Stock Market Update: Futures little changed amid news of a limited trade agreement,2,twitter
Stock Market Update: Futures Update,2,twitter
"Stock Market Update: Retail stocks extend losses, health care sector gains",2,twitter
Stock Market Update: S&P 500 Playing For Second Place On Monday,2,twitter
Stock Market Update: S&P 500 returns to flat line,2,twitter
"Stock Market Update: Stock market closes little changed, retail space hit",2,twitter
"Stock Market Update: Stock market opens little changed, energy stocks remain weak",2,twitter
"Stock Market Update: Stock market slows down, jobs report beats expectations",2,twitter
"Stock Market Update: Stock market trades mixed; Home Depot, Kohl's weigh on retail space",2,twitter
Stock Market Update: Stocks market trades flat to start the week,2,twitter
Stock Market Update: Wall Street closes little changed after Phase One deal reached,2,twitter
"Stock-index futures hold gains after retail sales, import prices data",2,twitter
Stocks eke out early gains but retail names drag,2,twitter
Stocks finish mixed as Nasdaq logs third consecutive all-time closing high,2,twitter
"Stocks indexes edge higher for the day, lower for the week https://t.co/BRAUhY2mLn",2,twitter
Stocks mixed amid conflicting trade reports,2,twitter
Stocks mixed on choppy trading day https://t.co/UTpt8KyZzi by @heidi_chung https://t.co/FAsMkTHEbL,2,twitter
Stocks on Wall Street ended Thursday's session little changed as investors avoided making risky bets amid a lack of… https://t.co/0l38qIDkoG,2,twitter
Stocks rose slightly on Friday but headed for their first weekly decline amid uncertainties around the U.S.-China t… https://t.co/sGXQfU6Okt,2,twitter
Stocks That Fell to 3-Year Lows in the Week of Dec. 13,2,twitter
Stocks were little changed at the close despite the news of impeachment articles being drafted and a looming deadli… https://t.co/3N0hpQ4I4b,2,twitter
Sugar Traders Hold Tight: India’s Set to Roil Markets Again,2,twitter
"Tech Retakes Leadership Role With Chips And Cloud Names Moving Higher, I See A Pattern - Seeking Alpha",2,twitter
The index has served as a yardstick for Hong Kong’s rise and its rebounds from various crises https://t.co/VwB9brLhAp,2,twitter
The latest on U.S. markets https://t.co/Er61EMyHsj https://t.co/4Jzex6liAG,2,twitter
"The latest pre-open #analysis of #news, #data driving the #market https://t.co/2JWcYQceMg #PageOne $SPY $DIA $QQQ… https://t.co/X96M6stFge",2,twitter
The Time for Canada’s Stock Market to Shine May Be in 2020,2,twitter
"The USA stock market is closed Friday April 10, 2020 in observance of Good Friday",2,twitter
This week's #economic data releases & forecasts https://t.co/nWoqf7UPiu #AdvIntlTradeInGoods #AdvRetailInventories… https://t.co/bqHJvUPTHE,2,twitter
Trade momentum rose in September for the first time in four months https://t.co/dsCS1fltgF,2,twitter
Trade momentum rose in September for the first time in four months https://t.co/mdVAsk2sAd,2,twitter
Trading in China ETFs Soars as Trump Upends Tariff Optimism,2,twitter
Trading of Own Shares for Treasury Month: January 2020  #Stock #MarketScreener https://t.co/tW02ga4gHQ https://t.co/OjXKmfOETD,2,twitter
"U.S. equities edged higher, while European and Asian stocks slipped, as investors sought to gauge the economic hit... https://t.co/GimDRAOMRy",2,twitter
U.S. stock futures hold modest gains after housing reports,2,twitter
"U.S. stocks end higher Friday, but S&P 500 suffers weekly decline https://t.co/0BZLR3sOoF",2,twitter
"US indices are having the best year since 2013, but large cap active funds are poised to see the worst year since 2016: BofA",2,twitter
"Utilities 'the most underappreciated sector,' T. Rowe Price analyst says",2,twitter
"Wall Street ends near flat after U.S., China announce trade deal",2,twitter
Wall Street firms release their 2020 S&P 500 targets,2,twitter
Wall Street hovers near record levels; Boeing drags on Dow,2,twitter
Wall Street rallies on Friday but multi-week win streak ends https://t.co/2AIh0UaKbX,2,twitter
"Week ahead: Black Friday, Federal Reserve’s Powell https://t.co/gGzgz0fEPi",2,twitter
Weekly market update : The waiting game continues on trade #Weeklymarketupdate #marketscreener #MarketScreener… https://t.co/77sw5i2a8t,2,twitter
What Is The TED Spread Telling Investors About The Credit Market?,2,twitter
"Voters in key 2020 election states are growing increasingly pessimistic about the economy, as the coronavirus crisi… https://t.co/5hJJPXZ9mB",0,twitter
"""I accept this award on behalf of Ethiopians and Eritreans.""

Ethiopian Prime Minister Abiy Ahmed receives the… https://t.co/QQCGKVPtFq",2,twitter
"""It Was A Coup. Period"": Tulsi Gabbard Slams US 'Interference' In Bolivia https://t.co/3onatHQ80T",2,twitter
"""It's impossible to say, under any serious economic model, under which party's manifesto the economy would do bette… https://t.co/M2QJOYgqvL",2,twitter
"""Tell your parents not to get their opinions on Facebook,"" @AOC says https://t.co/lohvEBe93n",2,twitter
"""I am happy with him, I really think he's caught up,"" Trump said of Fed Chair Jerome Powell at the White House… https://t.co/8jASKLBath",2,twitter
"""This Brexit failure was founded on lies and hypocrisy""

These 4 friends behind @ByDonkeys have crowdfunded hundred… https://t.co/vuJouFUSya",2,twitter
"""We are close. Great progress has been made."" Larry Kudlow, Director of the National Economic Council, discusses wh… https://t.co/NlRafz2liK",2,twitter
"""We were a target"" Here's what some Ukrainians had to say about their country being in the spotlight during the U.… https://t.co/HTQYS1OCnS",2,twitter
.@realDonaldTrump has repeatedly touted his friendship with China's President Xi. @JimCramer says @BernieSanders wo… https://t.co/ixnYugXsRX,2,twitter
"‘Chill Is Real,’ Trudeau Envoy to China Says of Huawei Feud",2,twitter
‘Unicorns and rainbows!’ Kellyanne Conway shrugs off Bloomberg’s candidacy https://t.co/iKDhlGygzZ,2,twitter
"“It was a great opportunity to say thank you to the president.”

Australia’s PM Scott Morrison comments on his call… https://t.co/o1tPma45v6",2,twitter
“President Trump is facing a process which is unprecedented for its unfairness.” Sam Dewey,2,twitter
“The Democrats are getting hit and slammed on Impeachment. It is getting less and less popular by the day.” @kilmeade @foxandfriends,2,twitter
“The investigation isn’t going to end” https://t.co/HMbZzmpBQ0,2,twitter
“The support for Impeachment is not there. I think the Democrats will have to come up with a new game plan.” @jasoninthehouse @FoxNews,2,twitter
"“The whole Russia thing was a Hoax, and the Ukraine thing is a Hoax, and the Democrats are a Joke. This is a disast… https://t.co/DaIU3HxznC",2,twitter
'A lot of people feel defeated...Trump always wins. It seems like nothing can stop him.' Danny Villazon  @nytimes… https://t.co/qr7pY4rjma,2,twitter
A new proposal in Congress is looking to resurrect an old tradition: mailing Social Security statements to your hom… https://t.co/Sx8wmqma1j,2,twitter
"After PM Johnson's big win, what's next for Brexit",2,twitter
"Alberto Fernández was sworn in as Argentina’s new president on Tuesday, marking a historic return to power for the… https://t.co/NDEKx0Wy2l",2,twitter
Alexandria Ocasio-Cortez says she plans to oppose House Speaker Nancy Pelosi's drug pricing bill https://t.co/JRz5PJzGU2,2,twitter
Alpha Dog Putin Shows Meeker Side With Erdogan,2,twitter
An open letter to President Trump 3 years after the election,2,twitter
"Angela Merkel's government announces a new ""limitless"" aid program for small companies as part of an effort to supp… https://t.co/pOUgvxI83v",2,twitter
"As senators prepare to vote on whether to call witnesses like John Bolton, the New York Times has more details of t... https://t.co/PkbmI4tI8f",2,twitter
"Astrology is cool again. So what will happen with Brexit, and who will win the 2020 US election? A prominent New Yo… https://t.co/Hqm5nw1d77",2,twitter
"Azerbaijan's first snap parliamentary elections 'lacked genuine competition and choice,' international monitors say https://t.co/l4dHpIed1E",2,twitter
Azeri Snap Elections Condemned by Monitors for Vote 'Violations',2,twitter
Barron’s on MarketWatch: How Elizabeth Warren is a value investor’s friend,2,twitter
"Bernie Sanders and Pete Buttigieg are asking for a partial retabulation of Iowa caucus results, citing 'widespread… https://t.co/z6BFj6ecyn",2,twitter
Bernie Sanders Builds Big Primary Machine to Win Prized California,2,twitter
"Bernie Sanders continues to challenge Joe Biden for the lead spot among Democratic voters nationally, according to... https://t.co/oG49GKDPSc",2,twitter
Bernie Sanders has unveiled a plan to expand broadband internet access as part of a push to boost the economy and r… https://t.co/ioo9NksE4f,2,twitter
Betsy DeVos: This Memo Will Better Protect Student Loan Borrowers,2,twitter
Biden Adviser Raises Questions About Iowa Caucus Over App  Problems,2,twitter
Biden Campaign Says It Will Push Ahead Regardless of New Hampshire Results,2,twitter
Biden Is Endorsed by Nevada Congresswoman Titus: Campaign Update,2,twitter
Bill De Blasio Says New York City Must Tackle Affordability Crisis,2,twitter
"BJP Issues Whip To Its MPs Asking Them To Be Present In Lok Sabha, Rajya Sabha On Tuesday",2,twitter
Bloomberg Gets Backing of Former Navy Secretary Ousted by Trump,2,twitter
Bloomberg Unveils Extreme Gun Control Plan https://t.co/1MYugJ8NQF,2,twitter
Bloomberg Westminster: Johnson's to lose? (with Chris Hanretty),2,twitter
Bloomberg’s entry into presidential race raises ethical issues for his news service https://t.co/uAdHDWYlH9,2,twitter
Boris Johnson and Jeremy Corbyn go head-to-head in the final scheduled leadership debate ahead of next week's gener… https://t.co/IZkqHPWJbu,2,twitter
"Boris Johnson and Jeremy Corbyn have radically different visions for the UK. What are their policies on Brexit, the… https://t.co/fRewRgZOj1",2,twitter
Boris Johnson Cancels 2020 Tax Cut for Businesses: U.K. Votes,2,twitter
"Boris Johnson is heading for a clear victory in next week’s U.K. general election, according to senior officials in… https://t.co/W6ishFLFXK",2,twitter
Boris Johnson postpones plans to cut corporate taxes,2,twitter
Boris Johnson to remain in hospital for coronavirus tests https://t.co/yb71eAmWCJ,2,twitter
Boris Johnson vows no tax hikes in Tory manifesto https://t.co/GLYohLoHD0,2,twitter
Boris Johnson vows no tax hikes in Tory manifesto https://t.co/yRiMKCH4Kx,2,twitter
Boris Johnson wins overwhelming victory in UK,2,twitter
Boris Johnson’s Conservative Party will pledge not to increase several key tax measures if it wins next month’s gen… https://t.co/RENnMT4Dtr,2,twitter
Boris Johnson’s Conservatives are proposing to spend an extra 1 pound for every 6 pledged by Jeremy Corbyn‘s Labour… https://t.co/5wPV7EwZJZ,2,twitter
Boris Johnson’s New Priorities See the U.K. Boycott Davos,2,twitter
Boris Johnson's New Priorities See the U.K. Boycott Davos,2,twitter
Brazil minister says it's 'impossible' to put value on Eletrobras privatization https://t.co/XW6C3vlrys https://t.co/CUcOenJhTx,2,twitter
Brexit Bulletin: An Unpalletable Truth,2,twitter
Brexit has destabilised the Franco-German couple https://t.co/eYsgzsVVOy,2,twitter
"Brexit is rattling Europe's market for carbon allowances, and the U.K. election may push traders off the fence no m… https://t.co/xKXLK2DGmM",2,twitter
British diplomat to US quits in tirade over Brexit ‘half-truths’ https://t.co/1YIDponpLA,2,twitter
British politicians are clueless on what the public thinks about trade https://t.co/ZDb7sH34Af,2,twitter
Brussels Edition: Truce Offerings to Trump,2,twitter
Buttigieg Faces Tough Battle to Repeat Iowa Feat in Later States,2,twitter
California Won't Buy From Automakers Who Sided With Trump,2,twitter
Canada's New Health Minister's Thoughts On Cannabis: What You Should Know,2,twitter
"Canadian ministers meet with CN Rail, union as strike looms",2,twitter
Candidates Make a Final Push in New Hampshire,2,twitter
Check out the week's most compelling political images https://t.co/zSsEt9ApVb,2,twitter
"China attacks US at G20 as the world’s biggest source of instability- CNBC

https://t.co/pelfsYwKo7",2,twitter
China's Xi Visits Hospital in Beijing,2,twitter
Chris Matthews Asks Gabbard: Why Are So Many Democrats War Hawks? https://t.co/oeOOhsUpki,2,twitter
"CNN: Trump Is Leader Of ""Destructive Cult""; Using ""Mind Control"" On Americans https://t.co/jT5f1YL3bP",2,twitter
Comey Admits Being ‘Overconfident’ in Approving Trump Probe,2,twitter
Congress is asking Airbnb to provide information about hosts that list short-term rentals on the site who don’t com… https://t.co/4XbG6HxVHy,2,twitter
Congress Leaders Move Supreme Court Against Amended Citizenship Act,2,twitter
"Congress Mulls Reviving Tax Breaks Prized by ADM, Tesla, GM",2,twitter
Conservatives promise ‘world class’ public services https://t.co/tPF3DYeTzY,2,twitter
Consumer watchdog now downplaying a major Obama-era tool https://t.co/cvSWyzRjRa by @ewolffmann https://t.co/a5izdbTdPC,2,twitter
Court dismisses Democratic lawmakers' emoluments lawsuit against Trump,2,twitter
Democrats by next Thursday could begin to draft the articles of impeachment against President Trump https://t.co/iy5tgpWUtp,2,twitter
Democrats Getting 'Cold Feet' As Impeachment Support Evaporates https://t.co/EXIydIMZFS,2,twitter
Democrats need to realize that impeaching Trump may not accomplish anything at all https://t.co/3wm2QztpnQ,2,twitter
Democrat's New Taxes Wouldn't Hit Just Billionaires,2,twitter
Democrats Share Attack Lines in New Hampshire: Campaign Update,2,twitter
"Donald Trump likes to boast that he has unwavering Republican support, but that backing is softer than he suggests https://t.co/pGEjBhAyaX",2,twitter
Donald Trump on Social Security: Everything You Need to Know,2,twitter
Donald Trump will face a more assertive Congress on foreign policy as he fights off impeachment and seeks re-electi… https://t.co/elj6rJs0q8,2,twitter
El Salvador president's strong-arm tactics spark outrage https://t.co/hdr7gv0VwR,2,twitter
Elizabeth Warren releases doctor's note describing good health as voters weigh age of contenders https://t.co/dBR1MTNndt,2,twitter
Erik Prince Held Secret Talks in Caracas With Maduro’s No. 2,2,twitter
European diplomats have a message for Donald Trump: Bullying tactics won't win support for your Iran policy https://t.co/Sqv08TNymv,2,twitter
'Everyone is exhausted by this president': Bill Weld on why he's challenging Donald Trump https://t.co/1Y6x9IoNGE,2,twitter
Exclusive: Elise Stefanik Reflects on Her Two-Week Whirlwind https://t.co/5SownqVBuD,2,twitter
"Federal pension fund says bill banning China investment is discriminatory
https://t.co/lu8hGlQOng https://t.co/zEyhfoysF9",2,twitter
Finance Minister Begins Pre-Budget Consultations Starting Monday,2,twitter
"For the first time in a decade, the US has sent its most senior Pentagon official to Taiwan, in a reflection of Was… https://t.co/jbyM6Wtt9j",2,twitter
Former Ecuadorian President Rafael Correa goes on trial on charges of campaign finance fraud and accepting millions… https://t.co/7RozGXYGMx,2,twitter
Former Goldman Sachs CEO pushes back on Warren attacks -CNBC,2,twitter
Former Trump advisor John Bolton accuses White House of locking him out of his Twitter account https://t.co/YqiocDdTOH,2,twitter
"French labor unions call for a new day of protests, seeking to force President Emmanuel Macron to either sweeten hi… https://t.co/DCRPnEQTEY",2,twitter
Friday Humor: Democratic Candidates Clash Over Most Effective Plan To Destroy Economy https://t.co/PY6FPtrzbi,2,twitter
GERMAN SPD BACKS DEMANDS FOR TALKS TO STAY IN MERKEL COALITION,2,twitter
German union calls for pre-Christmas Amazon strike,2,twitter
Germany sees 1.5 billion euro annual take from new financial transaction tax https://t.co/iPthaL90l2 https://t.co/RG3XG3w21M,2,twitter
Germany’s ruling Christian Democrats call for restrictions on Huawei participating in country's 5G network  https://t.co/SnLAwUkfOA,2,twitter
"Giuliani Giving Ukraine Data to Justice Department, Barr Says",2,twitter
Gove Rules Out Scottish Independence Referendum: U.K. Politics,2,twitter
Gove rules out Scottish referendum,2,twitter
Government Examining Foreign Fund Flows In Infrastructure At Strategic Locations,2,twitter
Government Launches Portal For Subsidy Scheme Under PMAY,2,twitter
Government Moves Bill In Lok Sabha To Appoint Unified Regulator For IFSCs,2,twitter
Governments across Asia are pushing back against unwanted rubbish from overseas that has accumulated within their b… https://t.co/XpcZWX1Zvy,2,twitter
Guinea-Bissau’s current leader was eliminated from the country’s presidential election after two former prime minis… https://t.co/W5EAleiG8s,2,twitter
"Gundlach, who nailed Trump's 2016 election, says he'll win again 'if economy holds' https://t.co/7VpbVtA6Jf by… https://t.co/5c0lQ7uJwZ",2,twitter
Here’s the latest on the 2020 presidential race and what to watch today https://t.co/U5CyPJT9wk,2,twitter
Here’s the latest on the 2020 presidential race and what to watch today 🇺🇸 https://t.co/wTckp0G5yX,2,twitter
Here’s what bugs Democratic presidential candidate Michael Bennet about the front-runners https://t.co/WbeSOQXEmh b… https://t.co/I1wGD5GQBN,2,twitter
Here's the breakdown of Sen. Bernie Sanders estimated $60 trillion tax plan. https://t.co/9V6UzmgEqL https://t.co/QohPU0ObdX,2,twitter
Here's the latest on the 2020 presidential race and what to watch today https://t.co/bqcNCYePt3,2,twitter
Here's where we are in the impeachment process and what comes next https://t.co/5xb30d9RIE https://t.co/Q6rrrDV2Xz,2,twitter
Hindu nationalists see Ayodhya victory as just the start https://t.co/ioPLTg6aAc,2,twitter
Hong Kong Election: Pro-Democracy Candidates Surge Amid Record Turnout; Protest Organizer Wins Seat https://t.co/FWEg7QnzPJ,2,twitter
Hong Kong’s Pro-Democracy Candidates Poised to Win Majority https://t.co/eqVNozsPw0,2,twitter
Hong Kong’s pro-democracy candidates won an overwhelming victory in district council elections on Sunday after mont… https://t.co/x6TIyihqT9,2,twitter
Hong Kong's leader has insisted that escalating violence would not force her administration to yield to protester d… https://t.co/jmPHQjCdtc,2,twitter
Horowitz: FBI Should Have Pumped The Brakes On Surveillance Of Trump Campaign Aide https://t.co/1dbsrboUxf,2,twitter
House Judiciary Committee approves impeachment,2,twitter
How Bernie Sanders is helping Mike Bloomberg https://t.co/jaHUkNy3mZ by @rickjnewman https://t.co/C1Prk7PMsT,2,twitter
How Trump's trade war is hurting swing states,2,twitter
How Trump's trade war is hurting swing states https://t.co/cwagyBCUsZ by @rickjnewman https://t.co/sanXxpy2gT,2,twitter
How will the Democratic primaries shift the election? Listen to @rickjnewman and @alexisTVNews discuss on the lates... https://t.co/S9v1dUSTvE,2,twitter
"'I’m [Russia's] main opposition leader not because I banned everyone else from being one, but because it’s scary to… https://t.co/ZvTDBnpcMn",2,twitter
"Impeachment investigators don't know exactly Rudy Giuliani said in phone calls regarding Ukraine, but ""I guarantee… https://t.co/XX7mvtVE7i",2,twitter
Impeachment Probe Turns to Trump Ally at Heart of Ukraine Storm,2,twitter
"Impeachment Reaches Decision Stage as Democrats Review Evidence - BBG

https://t.co/4FaXv9eIhV",2,twitter
Impeachment Theater Offers Americans Glimpse Of The Unseen-Unelected Who Actually Rule Over Us https://t.co/YaAnzODftL,2,twitter
"Incompetence, not ideology, is the worst thing about this election https://t.co/fOEQ6ytIRQ",2,twitter
Investors 'are really excited about the Donald Trump presidency continuing': top strategist,2,twitter
Ireland Brings New Twist to Populism,2,twitter
It's the first election in the U.S. to enable any resident to vote by phone https://t.co/uzzKuoaxCu,2,twitter
Jeremy Corbyn has announced he would take 'a neutral stance' in a second Brexit referendum if Labour won the genera… https://t.co/3GoAfSyPoU,2,twitter
Jeremy Corbyn is a controversial leader even in his own party. Here's why https://t.co/iXYhL6ruuN,2,twitter
Jeremy Corbyn says he would be ‘neutral’ in a second Brexit poll https://t.co/ohBKNqUPwZ,2,twitter
"Jim Messina: The re-election of Donald Trump would pose an existential threat to the US and the world
https://t.co/AsNHP7ndbt",2,twitter
Jobs Fuels Economic Momentum for Trump Ahead of Election,2,twitter
Jobs Fuels Economic Momentum for Trump Ahead of Election,2,twitter
Joe Biden claims he said 'facts' not 'fat' to Iowa voter: Listen to the tape yourself https://t.co/GullZ5Y8cn,2,twitter
"Joe Biden says if he's elected president, he'll ask the Justice Dept. to review mega mergers. ""There's too much con… https://t.co/YwnG0L0Cx4",2,twitter
Joe Biden's campaign is determined to fight past Tuesday's New Hampshire primary https://t.co/atUGC75MkS,2,twitter
"Joe Biden's tax plan is refreshingly moderate, says @karlbykarlsmith, especially when compared with those of his ri… https://t.co/WoGXdbgZc3",2,twitter
John Bercow reveals Boris Johnson’s tennis trick https://t.co/tNmicgcYVJ,2,twitter
John Major gives his backing to Tory rebel candidates https://t.co/H8v7Zdr0lR,2,twitter
Johnson Gets to Work Naming Cabinet and Taking U.K. Out of EU,2,twitter
"Johnson promises Brexit on Jan. 31, trade deal in 2020",2,twitter
Johnson Races to Pass U.K. Terror Law Before Next Convict Freed,2,twitter
Johnson seeks votes in whirlwind tour of Britain https://t.co/bf5zh0o594,2,twitter
Johnson’s manifesto demands voters take a lot on trust https://t.co/CR3aYBCVy4,2,twitter
Johnson’s safety-first pitch intended to avoid repeat of 2017 https://t.co/Wp2TLt3yrB,2,twitter
JUST IN: Former Trump advisor George Papadopoulos just annouced he is running for Congress https://t.co/qmQn0KXLbd,2,twitter
"Kelly Craft, U.S. ambassador to the UN, said the Security Council is united in its alarm over repeated missile test… https://t.co/cy49hcyJxx",2,twitter
Kudlow https://t.co/owfUNJQzrb,2,twitter
Labour struggles to recapture ‘Red Clydeside’ https://t.co/fFTLbvTGIF,2,twitter
"Lam to Update Xi, China Officials on Protests: Hong Kong Update",2,twitter
"Lanai, Nicole, Josh and Joana were too young to vote in the Brexit referendum in 2016. 

This year, they’re finally… https://t.co/sVmzdrN4ho",2,twitter
"LATEST: House Democrats plan a vote next week on the U.S.-Mexico-Canada free-trade agreement.

Pelosi says the amen… https://t.co/AA8kt2AgrD",2,twitter
Lighthizer Scores a Trifecta of Wins for Trump's Trade Agenda,2,twitter
Lighthizer Scores Trifecta of Wins for Trump’s Trade Agenda,2,twitter
LIVE: Senate impeachment trial continues with debate over allowing witnesses https://t.co/hr2ky3aRFy,2,twitter
Marco Rubio expects the Senate to pass at least one more coronavirus relief bill https://t.co/0ZsedODFPg,2,twitter
Merkel Calls for Reversal of CDU's 'Unforgivable' Far-Right Deal,2,twitter
Merkel Party Chief Faces Deepening Divide Over Far Right Episode,2,twitter
Merkel Party Leader Gets Unanimous Backing for Thuringia Plan,2,twitter
Merkel Says Thuringia CDU State Party Decision 'Unforgivable',2,twitter
Merkel Successor Unexpectedly Resigns As CDU Leader In Latest Shock To Germany's Political Establishment |… https://t.co/ObFlV2jlIK,2,twitter
Michael Bloomberg has officially entered the Democratic race for president. https://t.co/L2azcIm5tl,2,twitter
"Michael Bloomberg is joining a crowded 2020 Democratic field, starting his campaign with a $35 million cross-countr… https://t.co/jrBWZ4gYcx",2,twitter
Michael Bloomberg makes it official: ‘I’m running for president’ https://t.co/w1iKZiD1Dp,2,twitter
Michael Gove warns the logistics industry to prepare for strict border controls between Britain and the EU after Br… https://t.co/CE4krhmkBO,2,twitter
Mid-Southern Bancorp appoints Robert W. Derossett as CFO,2,twitter
Mike Bloomberg is running for president — his policies will impact these big industries https://t.co/RtwU4Px1cN,2,twitter
"Mitch McConnell says voting on the USMCA won't happen next week. 

""That will have to come up, in all likelihood, r… https://t.co/rjqIpJPU3i",2,twitter
Morrison Reshuffles Cabinet After Resignations Within Coalition,2,twitter
"Naive Brazil to Rethink Relations With U.S., Bolsonaro Ally Says",2,twitter
"Namibia has its first woman presidential candidate. Meet Esther Muinjangue, the first elected female leader of a po… https://t.co/3qosy3cpuP",2,twitter
"Nancy Pelosi, the Democratic speaker of the House of Representatives, says she has agreed a deal with US President… https://t.co/cb3ImctKdO",2,twitter
New Hampshire Debate Marks New Phase in Democratic Battle,2,twitter
New Twitter Account Drives Fresh Talk of Pompeo Senate Run,2,twitter
"New York AG used pulled fraud claims to score political points, Exxon says",2,twitter
"NEW: Bernie Sanders leads the Democratic field in a new national poll taken after the Iowa caucuses, with Joe Biden… https://t.co/vPIt8PWKvi",2,twitter
NPPC Applauds House Passage of Ag Inspectors Bill #Stock #MarketScreener https://t.co/yXmoXHzEGm https://t.co/5ihdwSSXMi,2,twitter
"Obviously, I am not a communist,' @BernieSanders said, adding that Trump 'maybe doesn't know the difference."" https://t.co/kaI5i9Wflu",2,twitter
Officials at Ukraine's U.S. embassy got word that the U.S. had frozen military aid in July—but it would be weeks be… https://t.co/FefZ6ISQGo,2,twitter
Partisan finger-pointing in Congress threatens to poison the debate when lawmakers try to find another emergency bo… https://t.co/QW0zRqu5Aj,2,twitter
Partisan finger-pointing in Congress threatens to poison the debate when lawmakers try to find another emergency bo… https://t.co/w6ZUYMCVXW,2,twitter
Pelosi criticizes Trump's prayer breakfast comments as 'without class' - POLITICO,2,twitter
Pete Buttigieg is raking in more money from the entertainment industry than any of his rival Democratic presidentia… https://t.co/tkfGFxHkiQ,2,twitter
Pete Buttigieg now No. 1 in Iowa polls,2,twitter
Plaid Cymru promises ‘green jobs revolution’ for Wales https://t.co/gvCquqXb6q,2,twitter
"President Donald Trump assumes economic growth above 3% this year in his annual budget proposal, exceeding mainstre… https://t.co/UvzzuACRmO",2,twitter
President Donald Trump continued his attacks on ousted U.S. Ambassador to Ukraine Marie Yovanovich and other witnes… https://t.co/iS70j1CODY,2,twitter
President Donald Trump said that he’ll stand by his man Mike Pence in the 2020 campaign https://t.co/3P6kMk7O32,2,twitter
President Donald Trump's $4.8 trillion budget for the upcoming fiscal year proposes billions more in funding for de… https://t.co/H8nA9oT4IB,2,twitter
President Trump expected to release $4.8 trillion 2021 budget,2,twitter
"President Xi Jinping calls China’s sprawling belt and road initiative the ""project of the century,"" but many challe… https://t.co/gEHXcRX16J",2,twitter
Prime Minister of Hungary : The opportunity to reach agreement on the EU budget will certa...… https://t.co/jWlhC4WRmp,2,twitter
"Prince Andrew booted from Buckingham Palace over Jeffrey Epstein scandal, report says https://t.co/t4Qzt1tCP6",2,twitter
Pro-democracy candidates make big gains in Hong Kong local elections https://t.co/WyTV8xgGTo,2,twitter
"Pro-democracy candidates won a landslide victory in Hong Kong’s elections this weekend, with a record high voter tu… https://t.co/xqISk55DtH",2,twitter
Prosecutors said former Trump campaign aide Rick Gates deserves leniency for his “extraordinary assistance” probing… https://t.co/ftzEvrQzdv,2,twitter
Quaker Lobby Hails House Passage of Voting Rights Advancement Act https://t.co/qLaupi7SOJ https://t.co/evt6jNr12D,2,twitter
"Rabobank on Democratic primary: ""Oddly for the ‘party of the workers’, two of its 18 candidates for president are n… https://t.co/gEWb4uXfsS",2,twitter
Rebel in tweed battles to defend his seat against former party https://t.co/I16hXgX5c4,2,twitter
"Rep. Alcee Hastings, who faces House ethics probe, paid his girlfriend more than his chief of staff https://t.co/LFGBJPrAtS",2,twitter
Rep. Jerry Nadler leaves Trump impeachment trial to be with his wife as she battles cancer https://t.co/oHh8E2STU7,2,twitter
Republicans & Democrats Agree: Give Vast Snooping Powers To The US Government https://t.co/qzg817g3Wb,2,twitter
Rudy Giuliani discussed representing a state-owned Ukrainian bank in a legal dispute over the summer even while pub… https://t.co/JBO1dBUw7M,2,twitter
Rudy Giuliani says documents on Joe Biden will be released ‘if I disappear’ https://t.co/V4vqiQPJ22,2,twitter
"Rudy Giuliani Sought Role in Ukraine Bank Case While He Dug for Dirt - BBG

https://t.co/CfRi0VC4Zd",2,twitter
Ruth Bader Ginsburg Hospitalized Again https://t.co/hjvKCX4Fs9,2,twitter
"Ruth Bader Ginsburg released from hospital, ‘doing well’ https://t.co/0w5j6BCUue",2,twitter
Sajid Javid to push for 'permanent equivalence' for City in Brexit talks https://t.co/ZYkqhJ6rPS,2,twitter
Sanders Says He Had Campaign Best $25 Million Haul in January,2,twitter
Sanders Targets Buttigieg Over His Ties to Billionaires,2,twitter
Sanders Ties Buttigieg to Billionaires: Campaign Update,2,twitter
Sanders Tops Democratic Field in National Poll After Iowa,2,twitter
"Sanders, Buttigieg chase New Hampshire Democrats as Trump crashes the party https://t.co/6LPkGzpCf4",2,twitter
"Scoop: Trump administration pushing new drug spending cap - Axios

https://t.co/fItFGFFIE6",2,twitter
Scotland's First Minister Nicola Sturgeon says a standoff with Boris Johnson over a second Scottish independence re… https://t.co/XdyZ2BPgXW,2,twitter
Scottish Finance Secretary Quits Hours Before Budget Speech,2,twitter
Scottish Nationalist Victory Sets Up Standoff Over Independence,2,twitter
Seattle Holds Landmark Mobile Election in Wake of Iowa Failure,2,twitter
"Sen. Kamala Harris wants to ""modernize"" the school schedule, and is introducing a bill that would mean kids are at… https://t.co/huwT7iFNk0",2,twitter
"Senate Chairmen Say Ukraine Meddling 'Not Debunked', Demand Docs From DNC Contractor  https://t.co/mmLk6LL2db",2,twitter
Senate Democrats Demand White House Testimony on Impeachment,2,twitter
Senate Passes Bill To Support Hong Kong Protestors,2,twitter
Senate to vote on calling witnesses in Trump impeachment https://t.co/xAUA1gGpXv,2,twitter
"Shortly after Mr. Trump’s election victory, for example, Mr. Clinesmith texted another official that “the crazies w… https://t.co/yXp7sXbzdk",2,twitter
Singapore Government Again Uses Fake News Law on Opposition,2,twitter
South Africa’s Economic Freedom Fighters Party Keeps Top Leaders,2,twitter
STATEMENT FROM THE DOMINICAN REPUBLIC MINISTER OF TOURISM FRANCISCO JAVIER GARCÍA  https://t.co/R4zUobXF8P,2,twitter
Stephen Poloz to step down as Bank of Canada governor https://t.co/OCK1beah3N,2,twitter
STURGEON: BREXITEERS `MESSED IT UP',2,twitter
"Support for Impeachment is dropping like a rock, down into the 20’s in some Polls. Dems should now get down to work… https://t.co/O9sWK7ibHM",2,twitter
Tax Relief Leads Governors' 2020 Agendas (Radio),2,twitter
Taylor Caswell on the Political Impact of New Hampshire's Economy,2,twitter
The bottom line among the Wall Street/Chicago Mercantile Exchange crowd is that Trump is a disgrace but Warren is a… https://t.co/vqRVjkNlo4,2,twitter
The Democratic presidential candidates' yearlong non-aggression pact is over https://t.co/NNO6gGgUVn,2,twitter
The Democrats’ 3 worst ideas https://t.co/kUY9I5XCdt by @rickjnewman https://t.co/OzJIrjUT1d,2,twitter
The facts pile up against Trump in impeachment inquiry https://t.co/KUrEwa9azu,2,twitter
The final TV debate between Boris Johnson and Jeremy Corbyn is about to begin. Follow live updates and analysis her… https://t.co/q99eviKh62,2,twitter
The first challenges to Benjamin Netanyahu’s continued rule have started to roll in https://t.co/2C37NAOovs,2,twitter
"The Impeachment Scam is driving Republican Poll Numbers UP, UP, UP! Thank you Shifty.",2,twitter
The Justice Department urged the Supreme Court to hear President Trump’s bid to prevent his tax returns from being… https://t.co/1i63ccjsaO,2,twitter
The latest Eastern European politician to face accusations of plagiarism is the Serbian finance minister https://t.co/tonWgjPsIo,2,twitter
"The leader of Angela Merkel’s Christian Democratic Union may have thwarted her critics for now, but a raucous speec… https://t.co/STDKAszBJJ",2,twitter
The most compelling political images of the week https://t.co/2Lk6hwGhKF https://t.co/a0Rq7FxCEN,2,twitter
The New Hampshire primaries are tomorrow and Democrats have been competing over independent voters. Pete Buttigie… https://t.co/ArKS7vfjpC,2,twitter
The results of Hong Kong's district council elections show the city’s 7.4 million people remain firmly on the side… https://t.co/QQ0DzGVflB,2,twitter
"The Trump administration announced a plan Wednesday to end food-stamp benefits for about 700,000 Americans https://t.co/0SHXpOpFEF",2,twitter
The Trump administration is changing a key exemption to America's trade-remedy laws to make it easier to penalize s… https://t.co/3ojMuLQBe6,2,twitter
The Trump administration is changing a key exemption to America's trade-remedy laws to make it easier to penalize s… https://t.co/AlAt4Ftgdm,2,twitter
"The U.K.'s Women's Equality Party says politicians are letting them down ahead of #generalelection2019.

We spoke t… https://t.co/BBCVp5XEzx",2,twitter
The U.S. House voted to require states with a history of voter suppression to get federal approval for election-law… https://t.co/4zFzOFwlzx,2,twitter
The UK General Election – Johnson Wins with an Emphatic Majority,2,twitter
The Unspoken Truth: What Impeachment Exposed About Trump and 2020 https://t.co/pYTYBcD55I,2,twitter
The White House is considering more aggressive strategies in Venezuela as Trump is losing confidence that oppositio… https://t.co/n0H1QNAHcg,2,twitter
"There are Democrats that can win 2020 election, billionaire Trump-ally Tom Barrack says https://t.co/USRsmOtFkw",2,twitter
This week in Trumponomics: Wowsa https://t.co/xzddnI5ZJS by @rickjnewman https://t.co/QgiJR8PisP,2,twitter
Today in Brexit: European Union members are ratcheting up their negotiating demands https://t.co/Qnh48BCc2l,2,twitter
Top Trump Adviser Says U.K. Slips Behind EU in Trade Priorities,2,twitter
"Tory Win Will Encourage U.K. House-Price Gains, Rightmove Says",2,twitter
"Trudeau ""Open"" To Handing Out Taxpayer-Funded Heroin To Vancouver Addicts https://t.co/1oxQPgvKmC",2,twitter
Trudeau's Finance Chief Says Coronavirus Will Take 'Real' Toll,2,twitter
Trump Attacked Boris Johnson Over Huawei in Heated Phone Call,2,twitter
Trump Beats Congressional Democrats’ Emoluments Lawsuit,2,twitter
Trump brings a third case over his financial records to the Supreme Court https://t.co/1COXcKDqs7,2,twitter
Trump budget proposes $150 million for creation of uranium reserve,2,twitter
Trump Budget Sets Up Clash With $4 Billion Cut for Warships,2,twitter
Trump Calls Hong Kong Protests 'Complicating Factor' in Trade Talks -- Update #economy #MarketScreener… https://t.co/l2ydO9abR7,2,twitter
Trump Grabs Spotlight Ahead of New Hampshire Democratic Primary,2,twitter
Trump has asked the Supreme Court to stop Deutsche Bank and Capital One from handing over his financial records to… https://t.co/ljpUQlkKhr,2,twitter
Trump has complied with a court order to pay $2 million in damages after he admitted misusing his personal charitab… https://t.co/m96hnX4zG0,2,twitter
"Trump Impeachment Drama Not Changing Minds, New Polls Show",2,twitter
Trump Impeachment Fury Sows Fear of Payback Among Diplomats,2,twitter
"Trump is considering executive action to cut drug prices ahead of the 2020 election, officials familiar with the ma… https://t.co/XjDXo3QIIJ",2,twitter
Trump Is Still Studying Ways to Crack Down on Chinese Stocks,2,twitter
Trump looks to kill student loan forgiveness program,2,twitter
Trump Offensive Leaves Iran’s Hardliners Ascendant as Poll Nears,2,twitter
Trump Plans to Attend World Economic Forum in Davos Next Month,2,twitter
"Trump proposes cutting Amtrak funding, boosting money for infrastructure https://t.co/xJmhtvkMf2 https://t.co/bLIt1CUTVz",2,twitter
"Trump rally was a winter boost for NJ summer resort but he still has to pay for it, mayor says https://t.co/QxnqCfYNlX",2,twitter
TRUMP SAYS GOING TO TAKE 'GOOD LOOK' AT HONG KONG BILL,2,twitter
Trump Says He’s ‘Strongly’ Considering Impeachment Testimony,2,twitter
Trump Sets Up Clash in Congress With $4 Billion Cut for Warships,2,twitter
Trump urged the U.S. Supreme Court to block a House subpoena for 8 years of his financial records https://t.co/H1ri2xARmc,2,twitter
Trump Vengeance Illuminates Legislative Branch Weakness (Radio),2,twitter
Trump wants to extend his tax overhaul. What it means for you https://t.co/oyZkB8XSSR,2,twitter
Trump Wins Suit Over Records of Meetings With Foreign Leaders,2,twitter
"Trump Withholding $823 Million for Clean Energy, Democrats Say",2,twitter
Trump: 'Exports would zoom' if Fed lowers rates,2,twitter
Trump: Here's My New Plan For Your Student Loans,2,twitter
Trump’s ‘America First’ Tensions Exposed as Defense Secretary Ends Asia Trip,2,twitter
Trump’s Acquittal Boxes In Republicans,2,twitter
Trump’s Plea to Black Voters Showcases Find-Just-a-Few Strategy,2,twitter
"Trump-branded properties lost value since the 2016 election, study shows",2,twitter
Trump's $4.8 trillion budget gets chilly reception from Congress,2,twitter
Trump's $4.8 trillion budget likely to get thumbs-down from Congress,2,twitter
Trump's $4.8 trillion budget likely to get thumbs-down from Congress #economy #MarketScreener… https://t.co/sC5zHKdtiv,2,twitter
Trump's campaigning on the roaring economy. Here's how Democrats plan to stop him. - NBC News,2,twitter
"Trump's Defense Budget Proposal Focuses on Nukes, Research",2,twitter
Trumps FY2021 budget proposal plans 0.3% rise in defense spending,2,twitter
Trump's Impossible Fight To Stop Theft Of Ideas https://t.co/2WWs59v0V3,2,twitter
"Trump's personal lawyer, Rudy Giuliani, suggests he has dirt on the Biden family that would be released were he to… https://t.co/sHhvEx2cNA",2,twitter
Trump's proposed budget would kill a loan program that an electric-truck company is counting on to revive an Ohio f… https://t.co/fCqbeQJNdE,2,twitter
U.K. Moves Toward Brexit After Tory Win,2,twitter
U.K. Names Pierce Envoy to U.S. at Critical Time for Allies,2,twitter
U.K. Rainmakers Eye Return to Dealmaking After Tory Election Win,2,twitter
U.K.'s Gove Warns Industry to Brace for Strict Border Controls,2,twitter
U.S. counterintelligence chief warns of meddling after Iowa caucus confusion https://t.co/pqoyh8jQ5m,2,twitter
U.S. House Democrats claim victory in revamping U.S.-Mexico-Canada trade pact #economy #MarketScreener… https://t.co/vP6tfJeMkE,2,twitter
"U.S. Is Open to Dialogue With Iran, Special Envoy Hook Says",2,twitter
U.S. officials are signaling the EU might be an easier target than Britain for a quick outcome aimed at avoiding a… https://t.co/L0oYoaPtzV,2,twitter
U.S. officials are signaling the European Union might be an easier target than the U.K. for a quick outcome aimed a… https://t.co/c5D7GJJbPf,2,twitter
U.S. Open to Dialogue With Iran: Hook,2,twitter
UK politicians face ‘steep learning curve’ on EU trade https://t.co/TD3IHQEPMY,2,twitter
"Ukraine, Trump, & Biden - The Real Story Behind ""Ukrainegate"" https://t.co/Qf8APlLO01",2,twitter
UK's Labour vows action on 'tax and wage cheat' multinationals #Amazoncom #Stock #MarketScreener… https://t.co/k7k8nJMXll,2,twitter
UN convention pushes for recognition of educational qualifications https://t.co/Od6UFKeauF,2,twitter
United Nations Global Compact : issues new report to help companies advance human rights… https://t.co/wdhiWiAvpe,2,twitter
UPDATE 3-UK's Johnson drops corporate tax cut plan in bid to woo voters,2,twitter
Uruguay’s conservative opposition on track for victory https://t.co/Z0BHiTjY9w,2,twitter
"US President Trump's reelection campaign ran more than 6,000 Facebook ads mentioning impeachment during the first w… https://t.co/9iTISFVTtt",2,twitter
US-Israel Defense Treaty Gaining Steam After Pompeo & Netanyahu Meet https://t.co/0XrSTij9l0,2,twitter
"Venture capitalists, start-up founders and tech workers have warmed to Pete Buttigieg
https://t.co/LKfaGuIMNO",2,twitter
Vice President Mike Pence made an unannounced visit to Iraq on Saturday aimed at reassuring Kurdish allies in the U… https://t.co/Lj34teAEUG,2,twitter
Vladimir Putin says returning control of Ukraine’s eastern border to Ukrainian forces could lead to a genocide simi… https://t.co/3rEkTNWGQQ,2,twitter
"Voters in Iowa have been queueing this week for photographs with Elizabeth Warren's golden retriever, Bailey
https://t.co/c1qgOYWnk6",2,twitter
Wall: UK Government Drive for Pro-Business Budget,2,twitter
"Watch this tense exchange between former VP Joe Biden and an Iowa voter. Biden appears to call the man “fat,” but h… https://t.co/58DVgg0qvD",2,twitter
Watch: Senate debates critical witness vote in Trump's impeachment trial https://t.co/cgp4SZCPtH,2,twitter
WATCH: Trump participates in a small business round table discussion  https://t.co/hMmj9OaAw3,2,twitter
WATCH: Trump sits in on a listening session with tobacco executives and public health groups over the vaping epidem… https://t.co/kNUteb1X4x,2,twitter
"We should never underestimate the political commitment to the euro, says Financial Times’ @martinwolf_ to our host… https://t.co/j7hXUWAcau",2,twitter
"We Urge People to Cut Ties With the Violence, Says Democratic Alliance’s Chow",2,twitter
What Boris Johnson and Jeremy Corbyn are promising for the Christmas Brexit election https://t.co/nZnEcJZ0fz,2,twitter
What is driving Sinn FÃƒÂ©in's electoral surge in Ireland? https://t.co/bP3Quxb6p2,2,twitter
What the general election could mean for the pound https://t.co/HrUdau7oNm by @OscarWGrut https://t.co/bqXrwJIoVW,2,twitter
Where’s the Fake Whistleblower? Where’s Whistleblower number 2? Where’s the phony informer who got it all wrong?,2,twitter
"White House calls for biggest NASA budget in decades to reach the moon, Mars",2,twitter
Why a Trump win would be worse for markets than a Warren win,2,twitter
Why a Trump win would be worse for markets than a Warren win https://t.co/BAghX3ybF8 by @SibileTV https://t.co/qA6dReA7jo,2,twitter
William Barr Is Attacking His Own Department,2,twitter
"With Brexit, the U.K. tops many other countries in economic and policy uncertainty. Consult the FRED Blog for a wor… https://t.co/w6CiArctyI",2,twitter
��🇰 Hong Kong’s pro-democracy candidates won an overwhelming victory in district council elections on Sunday after m… https://t.co/XMf6MwQRp5,2,twitter
G20 financial officials see need for joint action against coronavirus - statement #economy #MarketScreener… https://t.co/Nh97LZqkqT,2,twitter
Ireland's finance minister expects two billion euro in extra health spending #economy #MarketScreener… https://t.co/GA4wDK0R9F,2,twitter
Kudlow says Fed should take bolder action on interest rates,2,twitter
"Kudlow Claims Fed Still Has ""Ultimate Bazooka""  https://t.co/XiWVnv4ruL",2,twitter
Republican and Democratic senators urge Jerome Powell to defend the independence of the Fed https://t.co/JlY4ERQqBi,2,twitter
"Trump economic adviser Larry Kudlow says he supports a proposal for the U.S. to sell ""war bonds"" to finance the fig… https://t.co/xFapzngeGJ",2,twitter
Trump Fed nominee faces bi-partisan doubters #economy #MarketScreener https://t.co/Iup5iHbuWL https://t.co/c7tMWwk3md,2,twitter
Trump Fed nominee Shelton apologises for likening currency forger to Rosa Parks #economy #MarketScreener… https://t.co/jz4YDJrpPF,2,twitter
Trump praises Powell as he says Fed chief has more 'arrows' in quiver https://t.co/rSqusNXnaF,2,twitter
Trump said he called Federal Reserve Chairman Jerome Powell on Monday to thank him for his efforts to fight an econ… https://t.co/nb39etuehS,2,twitter
"U.S. Treasury Secretary Steven Mnuchin says G-7 counterparts and central bankers vow to do ""whatever is necessary""… https://t.co/V0dVGlnnr1",2,twitter
Credit Suisse Ousts CEO In Boardroom Clash: Martinuzzi (Radio),0,twitter
Ford shakes up top management 3 days after weak profit outlook,0,twitter
Ford shakes up top management three days after weak profit outlook,0,twitter
Ted Baker Chairman David Bernstein and CEO Lindsay Page are quitting after the British retailer slashed its full-year earnings… https://t.co/41jQ6Ni4ME,0,twitter
The head of loan trading at UBS was terminated after engaging in an allegedly improper transaction https://t.co/3uMpB70a99,0,twitter
Credit Suisse CDS jump after CEO Thiam quits,1,twitter
$AWK - American Water CEO Story to retire in April; COO Lynch to step up https://t.co/x7EmbvuvgB,2,twitter
$BXG - CEO turnover at Bluegreen Vacations https://t.co/uyMT0Y6x8k,2,twitter
"$BXG: Bluegreen Vacations President/CEO Shawn B. Pearson resigns effective December 31, 2019 for family reasons https://t.co/fFdd6UlHR7",2,twitter
$DSKE: Daseke names Chris Easter CEO https://t.co/5B89m5AOzJ,2,twitter
$FCEL - FuelCell expands board to five members https://t.co/4nchxmGOzs,2,twitter
"$FTS: Fortis announced the appointment of David Hutchens as Chief Operating Officer, Fortis, effective January 1,... https://t.co/90PWjTanjp",2,twitter
$GDDY - GoDaddy announces board changes https://t.co/bOPrdDK7Bx,2,twitter
$GE - GE finds replacement for CFO Jamie Miller https://t.co/E9KZWUKZ2U,2,twitter
$GTT - GTT Communications appoints Steven Berns as CFO https://t.co/LwYotDaBdm,2,twitter
$GVA: Granite Constr names Kyle Larkin as COO https://t.co/mxKHvFL0aU,2,twitter
"$IR: Ingersoll-Rand CFO Susan K. Carter to retire in 2020; Christopher J. Kuehn will succeed Carter as CFO,... https://t.co/5dI1ifM3Mo",2,twitter
"$ISEE IVERIC bio Appoints Guangping Gao, PhD, Internationally Recognized Gene Therapy Pioneer as Chief ...… https://t.co/DHRFmCemmg",2,twitter
"$LJPC: La Jolla Pharm President/CEO George Tidmarsh, M.D., Ph.D., leaves the company to pursue other interests https://t.co/jRdmzTVmT1",2,twitter
$MSVB - Mid-Southern Bancorp appoints Robert W. Derossett as CFO https://t.co/dwLbR73wdb,2,twitter
$NDAQ - Nasdaq names new risk chief https://t.co/CO8OMv5tnt,2,twitter
$OIBR.C - Oi CEO to exit post Jan. 30 https://t.co/sbHktluLDQ,2,twitter
$PBPB - Potbelly CFO steps down https://t.co/PpW3w82WbE,2,twitter
"$PLT: Plantronics names Robert Hagerty Interim CEO, effective immediately https://t.co/EOu8EeAJeB",2,twitter
$SNCAF - SNC-Lavalin selects Bell as new CFO https://t.co/zvWsYAlRgk,2,twitter
"$SOL - ReneSola names new CEO, CFO after departures https://t.co/mn86Psp8tq",2,twitter
"$TARO: Taro Pharm CFO Mariano Balaguer is leaving to accept the position of CFO at another company, effective... https://t.co/XFUjXV1K4E",2,twitter
$TAST - Carrols Restaurant names Anthony E. Hull as CFO https://t.co/ufyJY8IHeo,2,twitter
$TAST: Carrol's Restaurant Group appoints Anthony Hull as CFO https://t.co/xUe68YGAYE,2,twitter
"$TGE - Tallgrass Energy CEO Dehaemers departs, succeeded by Moler https://t.co/5W8HAo8SeR",2,twitter
$TSLA - Tesla: The Top Is Here. https://t.co/qg2xI2oPXT #stockmarket #finance #economy,2,twitter
$TVTY: Tivity Health announced that its Board of Directors unanimously elected Tivity Health Director Anthony M.... https://t.co/VV1ZBwVSzm,2,twitter
$WDAY - Workday reveals Products exec shuffle https://t.co/XgnLyfDU04,2,twitter
"$WE $SFTBF $SFTBY - WeWork adds SoftBank execs, Maurice Levy https://t.co/FI4egHkIju",2,twitter
7 Dividend Stocks with Low Payout Ratios,2,twitter
A P Møller Mærsk A/S : General Electric grabs finance chief from shipping group Maersk  #Stock #MarketScreener… https://t.co/7J7zBVuVSi,2,twitter
ADO Properties S.A.: Changes in the board of directors composition and change in the posit... #ADOProperties #Stock… https://t.co/dhjqXDRmPQ,2,twitter
AECOM Names Todd Musterait Senior Vice President of Strategy and Growth for Its Environment Practice in the Americas,2,twitter
Airbnb COO Belinda Johnson is stepping down. Here’s what this big loss will mean for the company ahead of its expec… https://t.co/zrzYYjHs48,2,twitter
Amazon hires former Sony executive for top video entertainment role https://t.co/qT4n4VVPS2,2,twitter
"Amazon Selects Sony Television Executive to Take Over Prime, Studios",2,twitter
AMC : ELIOT GOLDBERG STEPPING DOWN AS HEAD OF NONFICTION AND ALTERNATIVE PROGRAMMING FOR T... #AMC #Stock… https://t.co/J4pIojv8aT,2,twitter
"American Water CEO Susan Story Announces Retirement for April 1, 2020 https://t.co/6xvucATFES",2,twitter
Anexinet Further Expands Executive Team with VP of Partner Strategy Robert Sheinker  https://t.co/2zr09dHwxM,2,twitter
Anheuser-Busch InBev names new CFO,2,twitter
"Annegret Kramp-Karrenbauer plans to step down as leader of Angela Merkel's Christian Democratic Union, says a spoke… https://t.co/HHiZnmvWpt",2,twitter
Annegret Kramp-Karrenbauer's departure just blew open the race to succeed Angela Merkel as Germany's leader https://t.co/SvfVztxPd7,2,twitter
"As Glencore's billionaire boss Ivan Glasenberg prepares to retire, his final years will be marred by corruption pro… https://t.co/41EUVMZmEC",2,twitter
"As Pete Buttigieg tries to attract the support of black voters, Joe Biden’s campaign touted the endorsement Friday… https://t.co/qRuH5ASbZm",2,twitter
Associa Community Management Corporation Hires Pamela A. Wiles as Executive Vice President  https://t.co/SebHnVQy8G,2,twitter
Atlas Financial names COO as operations VP leaves,2,twitter
Avaya names Bartolo chief product officer,2,twitter
Avis Budget : Taps Former Kraft Heinz CEO as Chairman #AvisBudget #Stock #MarketScreener https://t.co/MSX8FQSyic https://t.co/hqLA1vBpEb,2,twitter
AVITA Medical names David McIntyre as CFO,2,twitter
BAE Systems U.S. gets a new CEO in April,2,twitter
Barclays head of corporate broking Kunal Gandhi has left - sources https://t.co/ny94ERQRy6 https://t.co/e8UngbkwnU,2,twitter
Bed Bath & Beyond announces changes to leadership team,2,twitter
BlackRock’s HR chief was fired in July after office relationship https://t.co/ykgCxlIyLP via @business https://t.co/ShsANCFYo7,2,twitter
"Bojangles’® Makes Key Culinary Hire with Accomplished Chef, Marshall Scarborough",2,twitter
BP downstream boss Erginbilgic to leave next month,2,twitter
BP's downstream boss Erginbilgic to leave next month,2,twitter
Business live: T-Mobile boss to step down - BBC News,2,twitter
Canadian National Technology Guru Departing,2,twitter
Carl Icahn plans to nominate a slate of 10 directors in an attempt to seize control of the board of U.S. oil and ga… https://t.co/IeX7Za1Ly2,2,twitter
Carpentaria Resources : Board Changes #CarpentariaResources #Stock #MarketScreener https://t.co/4wQlOtyuA9 https://t.co/63hbGMQkuH,2,twitter
CBS will make William Hill its exclusive online sports betting and data provider https://t.co/rYAwR2Jb4f,2,twitter
Cevian's Tischendorf to leave Thyssenkrupp supervisory board,2,twitter
CME Group president to step down in May,2,twitter
Coca Cola Amatil : APPOINTMENT OF PENELOPE WINN TO COCA-COLA AMATIL BOARD #CocaColaAmatil #Stock #MarketScreener… https://t.co/RNIA6XqEKQ,2,twitter
Coca-Cola brings back CMO role,2,twitter
Collection House : Change of Chief Executive Officer #CollectionHouse #Stock #MarketScreener https://t.co/trWIvQWDsC https://t.co/98Bi375rtJ,2,twitter
Credit Suisse CEO Choice Might Not Stem Disputes,2,twitter
Credit Suisse CEO Thiam quits after spying scandal,2,twitter
Credit Suisse CEO Tidjane Thiam Resigns,2,twitter
Credit Suisse chairman says many shareholders back board on CEO exit,2,twitter
Credit Suisse Taps First Swiss Chief in Decades Amid Turmoil,2,twitter
Credit Suisse’s Thiam Exits in Shock Reversal After Scandal,2,twitter
Credit Suisse's incoming CEO Gottstein looking to grow balance sheet,2,twitter
Credit Suisse's new CEO Gottstein seeks growth offensive,2,twitter
CSA Canadian Securities Administrators : Chinese president meets United Russia party delegation #CSA #Stock… https://t.co/D4awSAOs0c,2,twitter
CTS : Announces Nomination of Ye Jane Li for Election to its Board of Directors #CTS #Stock #MarketScreener… https://t.co/HLokfkYzD4,2,twitter
Cutera names Fuad Ahmad as interim CFO,2,twitter
Daseke names Chris Easter as permanent CEO,2,twitter
Davey Promotes Maize to District Manager of Northwest Seattle Office #Stock #MarketScreener https://t.co/Ro21XWvBAf https://t.co/F3pD1oGy2C,2,twitter
"Dürr : Dietmar Heinrich becomes new Chief Financial Officer of Dürr AG, Dr. Jochen Weyrauc... #Dürr #Stock… https://t.co/bYVt41t7wX",2,twitter
"Dybeck Happe, who joins $GE from A.P Moller-Maersk, the world's biggest container shipping group, will take over fo… https://t.co/vcvvxSpbkP",2,twitter
Exclusive: Ryanair marketing chief Kenny Jacobs to leave company https://t.co/nwgXVhuG1c https://t.co/9GGfRVYiTb,2,twitter
Facebook just nabbed a major player for its gaming platform as it continues to ramp up efforts to compete in the vi… https://t.co/fyvBOtwb9l,2,twitter
"Fiesta Restaurant Group, Inc. to Appoint Andrew Rechtschaffen to the Board as Independent Director",2,twitter
"Ford Promotes One President, Loses the Other",2,twitter
"Ford shakes up top management, promises faster turnaround",2,twitter
Ford to name new COO,2,twitter
Ford top automotive executive retires in management shake-up,2,twitter
GE names Maersk executive as new chief financial officer https://t.co/kMCL6PUoGp,2,twitter
GE taps Maersk's Carolina Dybeck Happe as new CFO https://t.co/crHtfEpBZ0 https://t.co/jfJ0ACpnFS,2,twitter
GEE : Announces Untimely Death of President George A. Bajalia #GEE #Stock #MarketScreener https://t.co/vSKEbo7mwW https://t.co/WQrm5xbNYK,2,twitter
General Announcement::Appointment of Independent Financial Adviser #SingaporeExchange #Stock #MarketScreener… https://t.co/ctgH5oNsJN,2,twitter
"General Electric has hired Carolina Dybeck Happe as its new finance chief, filling a vital role that will focus on… https://t.co/4xa9EQClTZ",2,twitter
"Ghosn hires CAA founder Michael Ovitz to evaluate film, TV deals https://t.co/QoOiQAauTg",2,twitter
Hamilton Lane bolsters leadership team with trio of appointments,2,twitter
Healthcare Distribution Alliance Names Chip Davis President and Chief Executive Officer #Stock #MarketScreener… https://t.co/5eC2kq88Ou,2,twitter
HSBC holds off on naming permanent CEO,2,twitter
HSBC ready to replace investing bank chief - FT,2,twitter
HSBC’s top duo put futures on line with radical overhaul https://t.co/DGGmFfOccb,2,twitter
IAA Appoints Gail Evans to Board of Directors,2,twitter
Impinj COO stepping down,2,twitter
INVICTUS ANNOUNCES RESIGNATIONS  https://t.co/Z6p9a8PXtL,2,twitter
Iron Road : Resignation as Director #IronRoad #Stock #MarketScreener https://t.co/bwJ4IXyhmm https://t.co/LHvTlEocNR,2,twitter
It's Official: Nio Brings Former Auto Analyst Wei Feng On As CFO,2,twitter
J.B. Hunt CFO steps down,2,twitter
Kate Spade Gets New CEO to Lead Turnaround Bid at Handbag Brand,2,twitter
La Jolla Pharmaceutical says CEO George Tidmarsh has left company,2,twitter
La Jolla Pharmaceutical to initiate executive search,2,twitter
Lincoln Minerals : Director Resignation #LincolnMinerals #Stock #MarketScreener https://t.co/pXmTEUfQd5 https://t.co/ywLdXfDZEy,2,twitter
LISTEN NOW: Ginni Rometty is stepping down as CEO of IBM. Listen and subscribe to the Squawk Pod podcast by... https://t.co/cvN7MjWPt8,2,twitter
Lithia Motors names new COO,2,twitter
Lumber Liquidators CEO Dennis Knowles resigned,2,twitter
Lumber Liquidators names Charles Tyson interim president and principal executive officer,2,twitter
Lumber Liquidators: CEO Knowles duties will be divided between CFO Nancy Walsh and Tyson,2,twitter
Malaysian Prime Minister Mahathir Mohamad has said the country could soon settle with Goldman Sachs over its role i… https://t.co/NCe8E36JTe,2,twitter
Maurice Saatchi quits M&C as accounts scandal takes fresh twist https://t.co/po3ciWiqEp,2,twitter
McDonald's names new international president after executive shake-up https://t.co/MSlpb0gd2e,2,twitter
MMG : Resignation of Key Executive and Redesignation as NED #MMG #Stock #MarketScreener https://t.co/w5yviFvX0x https://t.co/lNiNw5zPHR,2,twitter
MMG : RESIGNATION OF KEY EXECUTIVE AND RE-DESIGNATION AS NON-EXECUTIVE DIRECTOR #MMG #Stock #MarketScreener… https://t.co/PUW0H5DYwd,2,twitter
MMG Consumer Brands Adds CPG Executive Nicole Butera as Product Development Manager,2,twitter
More Goldman execs head for the exit,2,twitter
Morgan Stanley hires former AIG executive to lead global support centers #economy #MarketScreener… https://t.co/KLxcysRS7n,2,twitter
MSC Confirms Soren Toft Will Become Chief Executive Officer,2,twitter
Navigator : Changes in the Executive Committee and in the Board of Directors #Navigator #Stock #MarketScreener… https://t.co/wqfcrnIUHh,2,twitter
NCLAT Judgement Over Mistry’s Removal As Tata Sons Chairman On Wednesday,2,twitter
New commercial chief at Ovid,2,twitter
New finance chief at Plus Therapeutics,2,twitter
New finance chief for Trimble,2,twitter
New medical chief at Savara,2,twitter
New Renault CEO de Meo will be much better paid than predecessor https://t.co/6HJ6WDU1f4 https://t.co/iKDjuHKLwr,2,twitter
Norwegian Air finds a new boss,2,twitter
Old Mutual : Starts 2020 With Two New Senior Appointments #OldMutual #Stock #MarketScreener https://t.co/GkV9wOoONq https://t.co/mQAVdMjNK3,2,twitter
Oracle Delays Decision to Replace Mark Hurd,2,twitter
Oracle taking time with Hurd replacement - Bloomberg,2,twitter
Paige Thomas Appointed President of Saks OFF 5TH,2,twitter
Panda Green Energy : APPOINTMENT OF INDEPENDENT FINANCIAL ADVISER #PandaGreenEnergy #Stock #MarketScreener… https://t.co/LD5bQZDVaG,2,twitter
PG&E Appoints Industrial Safety Expert Francisco Benavides as Chief Safety Officer,2,twitter
R&B Debris Names Patrick Dauria General Manager https://t.co/FaHATTzRJS https://t.co/pJyeZ8QLQH,2,twitter
Red Robin Gourmet Burgers Appoints Allison Page to its Board of Directors,2,twitter
Renascor Resources : Change of Director's Interest Notice 3Y RK #RenascorResources #Stock #MarketScreener… https://t.co/GhZJcJ7UkK,2,twitter
"Rent-A-Center Announces New Board Member, Glenn Marino, and Vice President of National Accounts, Paul Hamilton",2,twitter
Rosenberg to Leave Gluskin Sheff to Start Research Firm,2,twitter
Ruling on Ryanair bid to delay COO's easyJet move set for next week,2,twitter
Sberbank of Russia : announces personnel changes to Capital management #SberbankRossii #Stock #MarketScreener… https://t.co/2r1dilueeh,2,twitter
Shutterstock names Jarrod Yahes as CFO,2,twitter
Simplus Announces Key Hires to Bolster Salesforce Manufacturing Practice  https://t.co/3SuUFlc8hs,2,twitter
SNC-Lavalin selects Bell as new CFO,2,twitter
SOCi Adds Localized Marketing Pioneer Chad Jordan to the Team,2,twitter
Sports Direct International : Britain's Sports Direct to change name to Frasers Group ...… https://t.co/dgK2Mb3MbE,2,twitter
Starbuds CEO Brian Ruden Joins Medicine Man Board,2,twitter
Stratasys Announces Elchanan (Elan) Jaglom to Step Down as Chairman of the Board of Directors in May,2,twitter
Stratasys board chairman steps down,2,twitter
Susa Ventures follows double fund close by hiring new partner from First Round Capital,2,twitter
Swiss grain merchant Ameropa picks Bunge executive as next CEO,2,twitter
Synlait Milk : appoints Director Operations #SynlaitMilk #Stock #MarketScreener https://t.co/v0214GXIUv https://t.co/wUBCcwtBg3,2,twitter
Tallgrass CEO Departs Amid Blackstone Take-Private Bid,2,twitter
"Tallgrass Energy CEO Dehaemers departs, succeeded by Moler",2,twitter
"Tapestry, Inc. Strengthens Leadership Team with Key Executive Appointments",2,twitter
Thiam gets the boot at Credit Suisse,2,twitter
Thiam quits as Credit Suisse CEO after spying scandal split,2,twitter
"T-Mobile names Mike Sievert as CEO effective May 1, 2020, replacing John Legere",2,twitter
"T-Mobile names Mike Sievert CEO effective May 1, 2020",2,twitter
T-Mobile says CEO John Legere will be replaced next year by Mike Sievert,2,twitter
"T-Mobile US says Sievert will replace John Legere whose contract ends April 30, 2020",2,twitter
T-Mobile's outgoing CEO John Legere says he 'was never having discussions to run WeWork',2,twitter
Uber losing Chief Product Officer,2,twitter
Uber’s chief product officer to step down,2,twitter
Under Armour announces C-suite hirings,2,twitter
UPDATE 1-Commodity group Louis Dreyfus promotes coffee head to COO role in latest reshuffle,2,twitter
Veris : Changes to the Board #Veris #Stock #MarketScreener https://t.co/zSz8NkKfWr https://t.co/WzfCKHdCYY,2,twitter
ViacomCBS named former NBCUniversal executive George Cheeks to lead CBS's broadcasting properties https://t.co/gBTCdbVmcd,2,twitter
What CEO Tidjane Thiam's Resignation Means for Credit Suisse,2,twitter
WP Engine nomina Lisa Box Vicepresidentessa senior della divisione Sviluppo aziendale,2,twitter
Wynnchurch follows impressive $2.27bn fund close by hiring industry veteran Bob Linscott,2,twitter
"XPO announces new CFO, watches for coronoavirus impact https://t.co/NIIZgbPaTB",2,twitter
XPO Logistics Appoints David Wyshner as Chief Financial Officer  https://t.co/242srFqElY,2,twitter
Yellow Wood names second partner this year with promotion of CFO Pizzi,2,twitter
Zee Entertainment’s Subhash Chandra Resigns As Chairman,2,twitter
"Zimbabwe’s Meikles Hotel is getting a new owner, an investment company from Dubai. The 312-room hotel, built in 191… https://t.co/0A9nZ1VnmV",2,twitter
$AAPL - Apple Could Still Be In For More Pain. https://t.co/DgJ8CAtumt #finance #business #stockmarket,0,twitter
$AMBA - Ambarella Will Be Hard Pressed To Keep Going At Its Current Pace. Read more: https://t.co/ihnEpI8rfA… https://t.co/JHXvj8hVEm,0,twitter
$AYX - Alteryx Stock Price: More Downside Before Taking Off. Continue reading: https://t.co/RR0zn7EgmY #business #investing #economy,0,twitter
$BIL $JPST $VTV - Recession Risk Isn't Off The Table: Adjusting ETF Portfolios Accordingly (Podcast Transcript). Fo… https://t.co/3dcqWSJTnR,0,twitter
$BZUN - Baozun: The Pain Does Not Stop Here. Continue reading: https://t.co/5szXiebwEY #trading #stockmarket #markets,0,twitter
$CGC - Canopy Growth: Falling Apart During Leadership Void. Get more info on Seeking Alpha: https://t.co/xK2vMWA8zf… https://t.co/0RjRrtJ2RK,0,twitter
$COUP - Coupa: Don't Buy Into Expensive Valuation Amid Decelerating Growth. Follow this and any other stock on Seek… https://t.co/hMB6opBASj,0,twitter
$FB - Cambridge Analytica deceived FB users - FTC https://t.co/0zZzI5P5re,0,twitter
"$HD - Despite The Recent Pullback, HD Shares Are Not Yet A Buy. Read more: https://t.co/Fyi7Zct3Hz #investing #markets #finance",0,twitter
$HP - More Pain In Sight For Helmerich & Payne. Sign up for updates on Seeking Alpha! https://t.co/1ulAmlZQuO #markets #investing #trading,0,twitter
$ING - ING May Be Through The Worst Point Of The Cycle. Read more: https://t.co/wTGUTspx6E #stockmarket #economy #investing,0,twitter
$KHC - Kraft Heinz: Why Dividend Investors Should Not Buy. Subscribe to Seeking Alpha for more:… https://t.co/Fnb5acbvsO,0,twitter
$MJ: Marijuana names mostly underperforming following three straight days of relative outperformance https://t.co/EFLE9ooKYA,0,twitter
$MNI - McClatchy Company Is Headed Towards Restructuring. Read more and sign up for updates:… https://t.co/kYHeV3e8vR,0,twitter
$NVDA - Nvidia Slowing: Moving To Neutral Rating. Read more and sign up for updates: https://t.co/g5q3ROLEND… https://t.co/UIzng8HS8R,0,twitter
$OHI - Sell Omega Healthcare: 50% Downside To Generous NAV Estimate. https://t.co/pERjattFTn #finance #business #trading,0,twitter
"$OMAB - OMAB Hammered As Covid-19 Bites Into Air Travel, But A Possible Contrarian Buy. https://t.co/VV5m6zMU2u #finance #investing #economy",0,twitter
$PACB - Pacific Biosciences Still Can't Catch A Break. https://t.co/62uib1ID2Z #trading #economy #business,0,twitter
"$PH - After A 20% Gain, Parker-Hannifin Is No Longer Attractive. Follow this and any other stock on Seeking Alpha!… https://t.co/ULf43yNaUz",0,twitter
$PHM - PulteGroup Has Calamity Priced In. https://t.co/xykazR9pO5 #stockmarket #business #finance,0,twitter
$SCANX: Gapping down https://t.co/hv5ZhR20Ye,0,twitter
$SCANX: Gapping down https://t.co/U2kUSweJOI,0,twitter
"$SDRL - Seadrill: Another Debt Restructuring In The Making, But Don't Bet On Bankruptcy This Time. Read more and si… https://t.co/ggd501LE5q",0,twitter
"$SKT - Tanger: Instead Of Turning Opportunities Into Profit, Risk Was Turned Into High Losses.… https://t.co/Y8rQR2aRII",0,twitter
$SMLP - 5 Reasons To Sell Summit Midstream Partners. Read more and get updates on any stock!… https://t.co/MUFJz0kuhI,0,twitter
$SQ - Square's Stock May Retest Its Recent Lows. https://t.co/1hlns1ZopL #trading #stockmarket #markets,0,twitter
$SWKS - Skyworks: China Risk Caps Upside. Read more: https://t.co/xkOqpV4cio #stockmarket #stocks #investing,0,twitter
$T - Irrational Market Drops AT&T Because Of Its Most Promising Business. https://t.co/SR7Qd4SEk8 #investing #business #economy,0,twitter
$TRQ - Turquoise Hill: Strong Headwinds Ahead Of 2020. https://t.co/hIdbSHXWA7 #trading #business #finance,0,twitter
"$TSLA - Tesla's New Pickup Is Ugly, Sell; Also Week-End Rally Pattern Holding But Weakly. Get more updates here:… https://t.co/5w5TEy85xb",0,twitter
"$UVXY - UVXY: Sell, And Sell Short. Read more and sign up for updates: https://t.co/UcrJxea8AC #investing #finance #trading",0,twitter
$VCEL - Vericel Corporation: A Must-Have Biotech Post-COVID-19 Sell-Off - Behind The Idea. https://t.co/H2xXFlIJJ7… https://t.co/abHJrHYhFD,0,twitter
$WDC - Western Digital May Have Trouble Pushing Stock Price Higher. Subscribe to Seeking Alpha for more:… https://t.co/dutJc7l7Hq,0,twitter
$ZM here we go..... down....,0,twitter
3 Big Reasons Investors Are Bailing on New Relic,0,twitter
50 $SPY PUTS DAYTRADE 4/6 $258P .36 AVG,0,twitter
A Sliding Share Price Has Us Looking At Chi Ho Development Holdings Limited's (HKG:8423) P/E Ratio,0,twitter
A Sliding Share Price Has Us Looking At RaySearch Laboratories AB (publ)'s (STO:RAY B) P/E Ratio,0,twitter
Amazon’s Cloud Battle With Microsoft Weighs on AMZN Stock,0,twitter
Apple Is a Great Company With a Dubious Valuation,0,twitter
"Atlas Air Worldwide Holdings, Inc. (AAWW): Hedge Fund Interest Taking A Nosedive",0,twitter
Aurora Cannabis (NYSE:ACB) Stock Dives Breaking Key Support - Live Trading News,0,twitter
"BlackRock Inc. is pouring cold water on equity bulls, saying this year’s double-digit returns will be tough to matc… https://t.co/ug0vRRXxPv",0,twitter
BTC $SPLK next week 134 puts,0,twitter
CFNAI falls sharply in October,0,twitter
CFNAI falls sharply in October https://t.co/mB8AuAlldV,0,twitter
China Unicom (Hong Kong) Limited’s (HKG:762) Investment Returns Are Lagging Its Industry,0,twitter
Energy Stock Carnage Sets Up ‘Rinse and Repeat’ Start to 2020,0,twitter
"Even After Its Latest Moves, Chesapeake Energy Stock Is Still Too Risky",0,twitter
Fossil Has Lost Half of Its Value This Year,0,twitter
Friday's massive sell-off ruins 'January barometer' market signal https://t.co/hKDSFJXy2u,0,twitter
"Healthcare Services Group, Inc. (HCSG): Hedge Funds Are Cashing Out",0,twitter
"Hedge Funds Are Cashing Out Of Banc of California, Inc. (BANC)",0,twitter
Hedge Funds Are Cashing Out Of Watsco Inc (WSO),0,twitter
Hedge Funds Are Disconnecting From Boingo Wireless Inc (WIFI),0,twitter
"Hedge Funds Are Done Buying Waddell & Reed Financial, Inc. (WDR)?",0,twitter
Hedge Funds Are Dumping Altair Engineering Inc. (ALTR),0,twitter
Hedge Funds Are Dumping Cedar Realty Trust Inc (CDR),0,twitter
Hedge Funds Are Dumping Entravision Communication Corporation (EVC),0,twitter
Hedge Funds Are Dumping FutureFuel Corp. (FF),0,twitter
"Hedge Funds Are Dumping ImmunoGen, Inc. (IMGN)",0,twitter
Hedge Funds Are Dumping Lumber Liquidators Holdings Inc (LL),0,twitter
Hedge Funds Are Dumping NIO Limited (NIO),0,twitter
Hedge Funds Are Dumping Noble Corporation plc (NE),0,twitter
Hedge Funds Are Dumping Ocwen Financial Corporation (OCN),0,twitter
Hedge Funds Are Dumping Qudian Inc. (QD),0,twitter
Hedge Funds Are Getting Burned By Acorda Therapeutics Inc (ACOR),0,twitter
Hedge Funds Are Selling AMERCO (UHAL),0,twitter
"Hedge Funds Are Selling Axos Financial, Inc. (AX)",0,twitter
"Hedge Funds Are Selling CareTrust REIT, Inc. (CTRE)",0,twitter
Hedge Funds Are Selling CenterState Bank Corporation (CSFL),0,twitter
Hedge Funds Are Selling Covanta Holding Corporation (CVA),0,twitter
Hedge Funds Are Selling El Paso Electric Company (EE),0,twitter
Hedge Funds Are Selling Franks International NV (FI),0,twitter
"Hedge Funds Are Selling Greif, Inc. (GEF)",0,twitter
"Hedge Funds Are Selling Schneider National, Inc. (SNDR)",0,twitter
Hedge Funds Are Selling Shenandoah Telecommunications Company (SHEN),0,twitter
"Hedge Funds Are Souring On AMAG Pharmaceuticals, Inc. (AMAG)",0,twitter
"Hedge Funds Are Souring On Compass Minerals International, Inc. (CMP)",0,twitter
Hedge Funds Aren’t Crazy About Hutchison China MediTech Limited (HCM) Anymore,0,twitter
Hedge Funds Aren’t Crazy About Ladder Capital Corp (LADR) Anymore,0,twitter
Hedge Funds Cashing Out Of Artisan Partners Asset Management Inc (APAM),0,twitter
"Hedge Funds Couldn’t Dump AnaptysBio, Inc. (ANAB) Fast Enough",0,twitter
Hedge Funds Have Never Been Less Bullish On MDC Partners (NASDAQ:MDCA),0,twitter
Hedge Funds Have Never Been Less Bullish On Public Service Enterprise Group Incorporated (PEG),0,twitter
Hedge Funds Have Never Been Less Bullish On Southwestern Energy Company (SWN),0,twitter
Hedge Funds Have Never Been Less Bullish On Westlake Chemical Corporation (WLK),0,twitter
Here's the level to watch in Texaco as stock falls on London ban $UBER (via @TradingNation) https://t.co/fk3KnVRU95,0,twitter
Here's what has $ZM stock down over 9%  https://t.co/V4ikP0o8cl,0,twitter
Here's Why Athenex Stock Is Sliding Today,0,twitter
Here's Why NN (NASDAQ:NNBR) Is Weighed Down By Its Debt Load,0,twitter
Here's Why Proteostasis Therapeutics Stock Plummeted Today,0,twitter
Intelsat Shorts Stick to Positions Even After Record 75% Wipeout,0,twitter
"Introducing Highway Holdings (NASDAQ:HIHO), The Stock That Slid 59% In The Last Year",0,twitter
"Introducing Innate Pharma (EPA:IPH), The Stock That Slid 62% In The Last Three Years",0,twitter
"Introducing Lannett Company (NYSE:LCI), The Stock That Tanked 80%",0,twitter
Knowles Corporation Just Missed EPS By 14%: Here's What Analysts Think Will Happen Next,0,twitter
Marijuana Stocks Have Serious Cash Concerns,0,twitter
Option Traders Bet $3.8M Disney Is Headed Lower In 2020,0,twitter
Palo Alto Networks (PANW) Dips More Than Broader Markets: What You Should Know - Nasdaq,0,twitter
Peloton punctured by critical reception to viral ad https://t.co/Nk2vPZ9Kiz,0,twitter
Pot Stock Hits Keep Coming as Biden Knocks Weed Ahead of Meeting,0,twitter
Prospects for Aurora Cannabis Stock Look Grim,0,twitter
RECAP 1/31 Unusual Puts: $F Mar 9 P $PAGP Feb 16 P $DB Feb 9 P $LK Mar 25 P $TME Feb 12 P $FTCH Jul 8 P $IBN Mar 14… https://t.co/Jxoi16iCyi,0,twitter
"RECAP 11/22 -Neg Comments:
$BWA - Wolfe
$ST - Wolfe
$NVDA - Daiwa
$STAY - Nomura
$CAAP - Oppenheimer
$SEDG - Williams Trading",0,twitter
"RECAP 11/22 Unusual Puts:
$WMT Jan 120 P
$BTU Feb 9 P
$UBER Dec 28 P
$GPS Mar 14 P
$SPCE Dec 7.5 P
$OLLI Dec 65 P… https://t.co/fgEcuNFyjC",0,twitter
"RECAP 12/10 -Neg Comments:
$SAN - DB
$PTON - Citron
$DBI - William Blair
$CONN - Keybanc",0,twitter
"RECAP 4/7 -Neg Comments:
$JBSS - Sidoti
$AAON - Lakewood
$FFIN - Lakewood
$KNSL - Lakewood
$RLI - Lakewood
$THFF -… https://t.co/Wfe2aSGUwR",0,twitter
Schwab’s plan to buy TD Ameritrade isn’t sitting well with investment advisers who park their clients’ money with t… https://t.co/mgV7v9IZpq,0,twitter
Some Galliford Try (LON:GFRD) Shareholders Are Down 46%,0,twitter
"Stairs up, elevator down.   $SPY heading to the 50ma or lower?  Time tells.",0,twitter
Sugar's Short-Term Support Is Eroding. https://t.co/PwXYeVM0hn #markets #stocks #trading,0,twitter
The Lazard (NYSE:LAZ) Share Price Is Down 26% So Some Shareholders Are Getting Worried,0,twitter
The Norsk Hydro (OB:NHY) Share Price Is Down 21% So Some Shareholders Are Getting Worried,0,twitter
The Ra Medical Systems (NYSE:RMED) Share Price Is Down 81% So Some Shareholders Are Rather Upset,0,twitter
The ServiceSource International (NASDAQ:SREV) Share Price Is Down 71% So Some Shareholders Are Rather Upset,0,twitter
Those Who Purchased EOG Resources (NYSE:EOG) Shares A Year Ago Have A 33% Loss To Show For It,0,twitter
Those Who Purchased Park Aerospace (NYSE:PKE) Shares Five Years Ago Have A 36% Loss To Show For It,0,twitter
Vanguard Real Estate $VNQ sweep buys 4450 January $60 puts to open $4.90 to $5 offers after it retested a key support break this week,0,twitter
"When the market sells off quickly like this morning, it is quite common to undercut the prior low by a few pennies... https://t.co/4xTQEMwCH3",0,twitter
Why 51job Shares Dropped 15% Last Month,0,twitter
Why Aurora Cannabis Is Getting Hammered Today,0,twitter
Why Deere & Company’s (NYSE:DE) Return On Capital Employed Might Be A Concern,0,twitter
Why Did Altria Take A Hit Of $4.5 Billion On Its Bottom Line?,0,twitter
Why Honeywell International's Guidance Looks Conservative,0,twitter
Why Myriad Genetics Shares Are Tanking Today,0,twitter
Why Shares of PPG Industries Fell in January,0,twitter
Why Shares of Take-Two Interactive Are Down Today,0,twitter
Why Shares of Ubiquiti Tumbled Today,0,twitter
Why Shares of UPS Fell in January,0,twitter
$AAPL - The Best Is Yet To Come As Apple Moves Into Media Production. Read more and sign up for updates:… https://t.co/keLPaSMLdn,1,twitter
"$ACST if it breaks 78c, it can easily run to $1 definitely on watch.",1,twitter
$ADXS Yes SIR !!!!!!!!!! New HOD !!!! $EARS wants higher. Looking good for next week.,1,twitter
$AES - AES Is A Soft Buy. Subscribe to Seeking Alpha for more: https://t.co/L64ngPmGrL #business #economy #stockmarket,1,twitter
$AIKI bouncing nicely.....,1,twitter
$AL - Remain Cautiously Optimistic On Air Lease Even After Major Correction. https://t.co/wpWKVA1RWd #finance #stocks #business,1,twitter
$ALT strong all day on volume abv average. https://t.co/qW3dIm2dKa,1,twitter
$AMRH Increased position on this name after RS. All bad news are priced in IMHO and plenty of room to the upside.,1,twitter
$AMRN - Amarin Corportion Plc: Now Compelling On Ex-U.S. Opportunity And Potential Barriers To Generic Competition.… https://t.co/NSLfgDnrDq,1,twitter
$AMRN getting the move over 23 now  will want to see this hold by days end,1,twitter
$APDN Patience is key. Good news + strong accumulation. Let the weak hands sell.,1,twitter
$ASBFY - Associated British Foods: High Quality Organically Growing Business At A Reasonable Price. Get more info o… https://t.co/u86LUNs2DK,1,twitter
$ATOS impressive move here.... https://t.co/xZ5MaEJPdG,1,twitter
$ATRS - Antares' Xyosted Is One Of The Best Testosterone Replacement Therapies Available. Subscribe to Seeking Alph… https://t.co/k1aJ5ESVJc,1,twitter
$AUPH - Aurinia's Successful Study In Lupus Nephritis Changes The Scope Of Treatment Options For Patients. Follow t… https://t.co/DbMxN5iCwi,1,twitter
$AVLR - Avalara: Buy This Leader In The Tax Automation Trend. https://t.co/lqeMIiPUxZ #economy #stockmarket #markets,1,twitter
$AZO - AutoZone: Becoming More Constructive On Valuation. https://t.co/HKLnPbnAr5 #trading #stocks #economy,1,twitter
$BAM - 3 Reasons Brookfield Is A Must-Own Dividend-Growth Stock. Get more info on Seeking Alpha:… https://t.co/Rdd9SbK7JJ,1,twitter
$BGR - BlackRock Energy & Resources Trust: Buy This 8.3% Yielding CEF For Upside In Oil. Read more and get updates… https://t.co/ucVW2s05J1,1,twitter
$BIIB BOOM! December $310C at $11! https://t.co/TjNJQJiMfK,1,twitter
$BOXL nice alert yesterday..... looks ready to run !!,1,twitter
$BRFS - Swine Fever And Self-Improvement Leading To Real Progress At BRF. Sign up for updates on Seeking Alpha!… https://t.co/MnVCdaz0bf,1,twitter
$CAL $TPR $FL - Comeback bid for apparel https://t.co/sLP0UuRWUM,1,twitter
"$CDLX - Cardlytics: Share Price Justified, Profitability Possible In 2020. Get more updates here:… https://t.co/hkvs0ChKGo",1,twitter
$CEI squeeze mode in after-hours,1,twitter
$CERN hits @MarketSmith Scan as rises out of Cup and Handle with a target to 79 #IBDPartner @InvestorsBusinessDaily… https://t.co/mnB77BhJ2k,1,twitter
$CETX anyone? It seems to be making a bottom. Company announced recently 500% Increase in New Orders for Developmen… https://t.co/UbJepuhDtQ,1,twitter
$CHFS big buyers here. Might bounce before the close.,1,twitter
$CHFS red to green type move soon.,1,twitter
$CIEN - Ciena's Drivers Help Offset Some Of The Covid-19 Uncertainty. https://t.co/80DZBMHNUy #economy #stockmarket #stocks,1,twitter
$CIFS deserves your attention next week. Im buying. Loading zone. NOTE: Some China names have been hot lately. https://t.co/WO5KedKeZu,1,twitter
$CLR - Continental Resources: Still Going Strong. https://t.co/naXlXnnaSp #stocks #business #trading,1,twitter
$CLVS the squeeze continues........ https://t.co/Rwl6bjFKCp,1,twitter
$CNAT another good one for penny lovers. Looks primed for a run. https://t.co/4DjrDhQtey,1,twitter
$CPHI big buy block.,1,twitter
$CZR - Strong run for Caesars before COVID-19 https://t.co/le3EC44H0P,1,twitter
$DAC - Danaos Looks Like The Cheapest Stock In The Market. Read more and sign up for updates:… https://t.co/HBbjcImToa,1,twitter
$DOCU broke out last week on heavy volume (69.89 std pivot) and closed the week at all-time high. Missed the classi… https://t.co/33zDI58AUd,1,twitter
$DPW non stop !!!!! new HOD !!! Shorts are getting squeezed... hope to see the same on $INPX tomorrow,1,twitter
"$EARS very very nice, squeeze into the close. $KERN strong close.",1,twitter
$EDNT volume is picking up. Watch the break of $2 for a nice move to the upside.,1,twitter
$ENPH - Enphase: Promising Growth Vision. https://t.co/LoJocgYZfq #investing #finance #trading,1,twitter
"$ESNT $MTG $NMIH - Move big into mortgage insurers after these regulatory announcements, BTIG says https://t.co/8I5Wd90AOR",1,twitter
$EYPT - EyePoint Still Has A Very Promising Future. https://t.co/P4G9LjKFsC #markets #trading #finance,1,twitter
$F - Ford Presents A Safe 6.6% Return With A High Margin Of Safety. Read more: https://t.co/1tXzCl73jL #trading #economy #markets,1,twitter
"$GE - GE Is A Buy, Considering Patent Dynamics. Subscribe to Seeking Alpha for more: https://t.co/0DwkvlcLXe #stocks #business #markets",1,twitter
$GE - General Electric: Shareholders Can Breathe A Sigh Of Relief. https://t.co/uhh5bXar6p #business #investing #economy,1,twitter
"$hdge shorts getting killed today

https://t.co/EeN0kh6baB",1,twitter
$IBIO shor-term bottom is in. Loading zone https://t.co/Cw1b46v17J,1,twitter
$ICLN - iShares Global Clean Energy ETF: A Bright Future. https://t.co/EmZelHlcy7 #stocks #finance #economy,1,twitter
$ICPT - Intercept Pharmaceuticals: Blockbuster Therapy Unveils An Upside Catalyst. Read more and get updates on any… https://t.co/9eWbG1RJe4,1,twitter
$INPX buyers into the close,1,twitter
$INPX is gaining momentum......,1,twitter
$INPX is gaining some great momentum and volume over the last few trading sessions. Squeeze over 1.49 https://t.co/MkMRMydssL,1,twitter
$INTC - Intel's 7.5% Total Yield Will Push The Stock Higher. Continue reading: https://t.co/NBoTx96ltN #finance #stocks #trading,1,twitter
$IQ strong action so far. Breakout watch over 20.48 https://t.co/6uwc6PW8e7,1,twitter
$ITCI - Intra-Cellular Therapies: This Small Cap Biotech Will Not Be Small For Long. https://t.co/ugRiEpDWjK #economy #investing #markets,1,twitter
"$ITP Entry 1.05 @here Tissue Paper News Played it once already now going for new highs, has news saying earnings go… https://t.co/HyZvPnbOn5",1,twitter
$IWM back above 8 EMA. Closing matters.. https://t.co/1aDgHnJKPx,1,twitter
$JEC - Jacobs Engineering: The Transition Shows Positive Signs. Sign up for updates on Seeking Alpha!… https://t.co/YdE2K75xyw,1,twitter
$JETS $ALGT $HA - U.S. airline traffic stays solid https://t.co/ZbOFc0gE22,1,twitter
$KRTX - Karuna Therapeutics: Fundraising Makes For Buying Opportunity. Continue reading: https://t.co/fgZAvNdxbD #markets #business #economy,1,twitter
$LQD - A History Of IG Credit Spreads Suggests Opportunity. https://t.co/AdkNzNC1Y3 #investing #finance #business,1,twitter
$LSCC - Lattice Semiconductor Delivering Early On Several Key Promises. Continue reading: https://t.co/PRfw240aHF… https://t.co/cycgxtrJLm,1,twitter
$LVMHF $LVMUY - LVMH Well Equipped To Weather Covid-19 Downturn. https://t.co/3NgTa8fX2P #finance #trading #markets,1,twitter
$MARK is back !!! Long and strong here.,1,twitter
$MARK nice volume...... after-hours could be fun !!! Next 50c,1,twitter
$MARK strong into the close..... news coming?,1,twitter
$MBOT nice chart. Had great news this morning. Global Jurisdictions Continue to Recognize Microbot Medical’s Innova… https://t.co/HTty4QlUa1,1,twitter
$MDGL - Madrigal: A Stellar Stock For This Coronavirus Bear Market. https://t.co/44PjfEXLnJ #finance #stocks #investing,1,twitter
$MRNA - Why Moderna's Prospects Still Look Great. https://t.co/L9PbB1tZPA #business #trading #investing,1,twitter
$MYO off $SONN low float mania is back !!!,1,twitter
"$MYSZ Holding overnight. I increased my position today. Im hoping we might get some news, but chart also looks primed for a bounce.",1,twitter
$NGM $NGM $ICPT - Big partner boosts biotech with 120% upside - Raymond James https://t.co/sqrqPvLRC9,1,twitter
$O - Realty Income: Creates An Attractive Buying Opportunity. https://t.co/JYYykImR02 #stocks #trading #finance,1,twitter
$OIBR.C - Oi S.A. Is Transforming Into A Leading Telecom Infrastructure Wholesaler For 5G In Brazil. Sign up for up… https://t.co/XQk239OsBs,1,twitter
$OPGN what a call  !!!!!!!! Sweeeeeeeeeetttttt,1,twitter
$OPK a great chart for technical traders..... Frost on the move !! https://t.co/EVpm3juHsb,1,twitter
$OPK EOD rally !!!,1,twitter
$OPK squeeze into the close !!!!  $INPX strong close !!!,1,twitter
$OPTT waking up. Possible V-bounce after a non sense selloff last week. https://t.co/CmiiBbootG,1,twitter
"$PACD easy to see, easy to trade !!!! Dont forget $CETX looks primed for a run to $1",1,twitter
$PACD if it breaks 41c the move could be explosive. Under accumulation here.,1,twitter
$PACD IS BREAKING OUT ON MASSIVE VOLUME. SHORT SQUEEZE INTO THE CLOSE.,1,twitter
$PANW - Palo Alto Networks: A Decent Buy After The Sharp Fall. https://t.co/ItlBcYIBXj #markets #stocks #finance,1,twitter
$PDSB 3x avg daily volume today. Added 30k shares today....  holding overnight. Can easily run to $1.2,1,twitter
"$PDSB another good bottom chart. CMF shows money flowing into the stock at a fast pace. Plus, all key momentum indi… https://t.co/BCXQTGatEI",1,twitter
$PDSB nice to see some buyers here,1,twitter
$PECK - Peck: Growth Is Accelerating For This Profitable Green Energy Nano-Cap Company. https://t.co/q95RvVVYzG #trading #markets #finance,1,twitter
$PEP - PepsiCo: It's A Better Dividend Play Today Than You Think. Subscribe to Seeking Alpha for more:… https://t.co/4YwbDuC6X8,1,twitter
$PLNT - Planet Fitness: Strong Growth Continues. Read more and get updates on any stock! https://t.co/qepXOQA8V5 #business #trading #markets,1,twitter
$POIA this is a great PR. I would not be surprised seeing this stock trading above $2 in after-hours.,1,twitter
$PSTV could squeeze over 2.25 https://t.co/zoCKVAuApH,1,twitter
$PSTV woke up. Former runner with just 3.7M shares float. Short-squeeze candidate.,1,twitter
$PXGYF - PAX Global Technology: A No-Brainer Investment. Read more: https://t.co/K0St5t9tTc #business #markets #trading,1,twitter
$PYPL - Coronavirus Won't Hinder PayPal's Growth. https://t.co/otU9OQBn9o #economy #business #stockmarket,1,twitter
$PYPL - PayPal's Stock May Be Heading For A Year-End Rally. Get more updates here: https://t.co/sCypU862qM #trading #business #economy,1,twitter
"$QQQ April $204 call open interest rises to 32,443 after 20,000 bought for $0.94 yesterday morning, then 10,000 at… https://t.co/eMTaCeMHIP",1,twitter
$RCL - Royal Caribbean Cruises: Fleet Expansion Driving Growth. Follow this and any other stock on Seeking Alpha!… https://t.co/F0sM6aolcy,1,twitter
"$RDS.A $RDS.B - Shell: The End Of Oil And Gas Is Not Near, And Investors Can Benefit From A High Yield. Read more a… https://t.co/0EMJcv65yX",1,twitter
$REKR Breaking out to the upside.,1,twitter
$REM $REM $XAN - Mortgage REITs start to climb up from descent https://t.co/tExnxvAaSC,1,twitter
$REPYF - Repsol's Excellent Opportunity To Buy In To COP's Alaska Development. Get more info on Seeking Alpha:… https://t.co/HMzTvHH94h,1,twitter
$RETA 510 Mar $220 calls look to be closing late,1,twitter
"$ROKU is working on a 2nd stage, 44% deep cup base. May be building a handle/flag. Watch for break above last week'… https://t.co/swHLLebNMZ",1,twitter
$RTTR buying this dip,1,twitter
$SCANX: Gapping up https://t.co/I0UV1lISJU,1,twitter
$SCANX: Large cap notable movers of interest -- Splunk (SPLK) rises following upside third quarter press https://t.co/zPhoZLuGsK,1,twitter
$SCANX: Mid cap notable movers of interest -- Immunomedics (IMMU) gains on ASCENT study updates https://t.co/5m3LIpso9b,1,twitter
$SCANX: Small cap notable movers of interest -- Mesoblast (MESO) gains on clearance of remestemcel-L IND https://t.co/FqB2q8XaFw,1,twitter
$SCANX: Small cap notable movers of interest -- The Buckle (BKE) gains following third quarter press https://t.co/SCCFgUKKHY,1,twitter
$SCANX: Stocks/ETFs that traded to new 52 week highs/lows this session - New highs (116) outpacing new lows (12) https://t.co/Z9LxXmhlqF,1,twitter
$SES back over $6 possible EOD run,1,twitter
$SFIX Bullish options flow and a nice setup. Breakout watch over 24.45 https://t.co/eiyX74lImP,1,twitter
$SLB - Schlumberger: Value Beginning To Emerge After Shares Halved Yet Again. https://t.co/KSbxamZPBa #stockmarket #stocks #business,1,twitter
"$SLV highs, 50,000 Jan $21/$30 call spreads bought",1,twitter
"$SNCA still liking and holding this stock. Worth reading ""This pipeline of product candidates has the potential to... https://t.co/qZBvHLc53E",1,twitter
$SPG - Bear Market Bounce - J.C. Parets Returns To Alpha Trader. https://t.co/RII0DUojp1 #stocks #finance #trading,1,twitter
"$SPX When everybody thinks the world is coming to an end, this happens.... nice breakout :) eh eh eh https://t.co/H353NvoTJY",1,twitter
"$SPY strong breakout of tight setup on volume. Above 6wk desc tl, last week's high, & ma's. C&H breakout. Higher hi… https://t.co/jlcQjmopO9",1,twitter
$TALKX: Market Briefing: Broad-based relief rally https://t.co/DLjdffSfKK,1,twitter
$TOL - Now Is The Time To Build A Position In Toll Brothers. https://t.co/JT5KD745ov #business #finance #economy,1,twitter
$TOPS $DECN Making me some $$$ Today,1,twitter
$TOPS moving good today. Just play the movement. But don't get stuck holding the bag.,1,twitter
$TOPS TOP Ships (TOPS) Stock Is Rocketing For Multiple Reasons https://t.co/sIG4mQvPRb via @AlphaStockNews1,1,twitter
$TRNX very good news. Watch the break of 1.03 for a big run https://t.co/cvkaMxChC1,1,twitter
$TSLA - Why Tesla Remains A Strong Buy. https://t.co/LyHcrFPlEH #markets #stocks #business,1,twitter
$UFS - Why Buying Domtar Isn't Such A Mad Idea. Continue reading: https://t.co/ghbluALQhp #economy #trading #investing,1,twitter
$UMRX nice volume this morning. Confirming the possible short-term bottom.,1,twitter
$UN $UL - Unilever sees Lipton as still attractive https://t.co/Fq8ipeFAJn,1,twitter
$USA $CRF $SCHX - It's time to buy stocks - Morgan Stanley's Wilson https://t.co/sk5Ll4yTei,1,twitter
$VCEL - Vericel Corporation: A Must-Have Biotech Post-COVID-19 Sell-Off. https://t.co/bTdsjbsVjK #finance #trading #stockmarket,1,twitter
$VDAHF - Vinda International: Favorable Tailwinds Persist. https://t.co/OsVYofiRBq #business #stockmarket #economy,1,twitter
"$VIRT - Even After The Recent Surge, This High-Frequency Trader Still Shows Value. https://t.co/7PBlBdvbzW #business #economy #investing",1,twitter
$WDFC: WD-40 increases quarterly dividend to $0.67/share from $0.61/share https://t.co/lvVJiY3dyo,1,twitter
$WE $SFTBF $SFTBY - SoftBank will win WeWork bet - Bernstein https://t.co/za9Sqd9wk8,1,twitter
$WORX breakout on volume. Could squeeze into the close. https://t.co/N3cHzC4nFg,1,twitter
$WORX still liking and holding. Adding on any dip.,1,twitter
$WTRH back over $1,1,twitter
$WW heavy....,1,twitter
$WYNN strong clearing 21 MA and trying to get back over 200 MA,1,twitter
$XLK $ON $KLAC - Semis gain on signs of resilience https://t.co/l52ROzQzsr,1,twitter
$YAYO Updated chart for u guys. Bullish MACD crossover on hourly chart. CMF is also rising. Short-term trend is now UP. Pivots on chart.,1,twitter
"$YAYO volume is coming in, the upward momentum could accelerate.",1,twitter
"$YGYI non stop , unreal +250% ...... eyes on $CPHI another China play",1,twitter
"$ZFGN Holding nicely its EMA50. With more than $2 per share in cash, a run to +$1 is likely at this point.",1,twitter
$ZNGA - Why We Should Buy More Zynga Shares. https://t.co/ISbP0ilNkk #economy #trading #investing,1,twitter
@here $BORR entry was 1.43 will add more and average up. pullback to 1.48-1.50 add for handle @here break above 1.6… https://t.co/QtcXY6142B,1,twitter
"10:09 am $SPY 260.13 2,471 STOCKS ARE up from the OPEN vs 736 that are down from the open. $IWM 111.7",1,twitter
added $GGG (common),1,twitter
Added $POAI for after-hours.... thats great news !!! Can easily run to +$2,1,twitter
"Added $STNE , $GSX and $BKE to the #PowerEarningsGap list 

These 3 names look very promising going forward! Look f… https://t.co/yABsTNVDIO",1,twitter
Added 50k shares $CHFS thanks for the pullback !!,1,twitter
Adding $CIFS for next week. Love this kind of bottom setups.,1,twitter
Adobe Did Good – And Stock Is Headed To A Record High,1,twitter
After a early morning mishap on $SPY $ZM taking control here with $BA $AAPL $AMZN. $SPY $ZM both would be wins now too.,1,twitter
Alexco Resource (TSE:AXU) Shareholders Have Enjoyed An Impressive 244% Share Price Gain,1,twitter
Alibaba Stock Shows Strong Tailwinds from Subscriber Growth,1,twitter
All these names are working. Buying $BZH $HOV,1,twitter
"Allakos $ALLK buyer of 1000 January $150 calls $3.10, recent report of it exploring options",1,twitter
Amazon $AMZN with 2000 July $1900 calls opening in the afternoon as some of the 6000 $1800 calls adjusted higher,1,twitter
Ambu A/S Just Beat EPS By 19%: Here's What Analysts Think Will Happen Next,1,twitter
AMD Option Traders Turn Bullish Following Second Analyst Target Hike,1,twitter
"Apple and Microsoft helped lift the Dow industrials above 28000 for the first time earlier this month, underscoring… https://t.co/r4E08YGhXL",1,twitter
"Apple is worth more than the entire S&P 500 Energy index combined, including industry titans like Exxon and Chevron https://t.co/cyNKFPF2A4",1,twitter
"Apple shares flex muscles as Trump, Cook tour facilities",1,twitter
Bids are building up on $REKR could pop over 3.04 love this chart. https://t.co/SAWh0mTqgG,1,twitter
Boston Scientific $BSX more bullish flow with 5000 May $30 puts being sold $0.72 and the August $40 calls bought $1.30,1,twitter
"Breaking Out of a Four-Month Stretch, Visa Stock Can Reach $200 - Investorplace.com",1,twitter
BRP Inc. (TSE:DOO) Earns Among The Best Returns In Its Industry,1,twitter
Bull of the Day: Jazz Pharma (JAZZ) - Nasdaq,1,twitter
"Bunch of brick and mortar retailers up 15-25% today

Sustainable... (sarcasm font)",1,twitter
Casper ends first day of trade up 13%,1,twitter
Changyou.Com Ltd  (CYOU): Hedge Funds Are Snapping Up,1,twitter
Communications Services Up On Rotation Into Cyclical Sectors -- Communications Services Roundup #economy… https://t.co/N0QkHtxl0d,1,twitter
Did You Miss Immunodiagnostic Systems Holdings's (LON:IDH) 38% Share Price Gain?,1,twitter
FAANG Will Continue To Dominate Stock Market Returns (Radio),1,twitter
"Fundstrat’s Top Chartist Sees Bitcoin Approaching $11,000",1,twitter
Gotta be impressed how the $SPY held the VWAP from the low.  Today we made it up past the VWAP from late April  low… https://t.co/2VtzvtIz5F,1,twitter
Heard on the Street: Prada has been the best performing luxury stock over the past three months https://t.co/2jXzZKTnWX,1,twitter
Hedge Funds Are Betting On Aduro BioTech Inc (ADRO),1,twitter
"Hedge Funds Are Betting On Argan, Inc. (NYSEAMEX:AGX)",1,twitter
Hedge Funds Are Betting On Bellicum Pharmaceuticals Inc (BLCM),1,twitter
Hedge Funds Are Betting On Mercantile Bank Corporation (MBWM),1,twitter
Hedge Funds Are Buying EQT Midstream Partners LP (EQM),1,twitter
Hedge funds are buying stocks exposed to US-China trade on hopes for a deal,1,twitter
Hedge Funds Are Buying Tenneco Inc (TEN),1,twitter
"Hedge Funds Are Crazy About Assertio Therapeutics, Inc. (ASRT)",1,twitter
Hedge Funds Are Crazy About Cincinnati Bell Inc. (CBB),1,twitter
"Hedge Funds Are Crazy About Heidrick & Struggles International, Inc. (HSII)",1,twitter
"Hedge Funds Are Crazy About PC Connection, Inc. (CNXN)",1,twitter
Hedge Funds Are Crazy About Washington Federal Inc. (WAFD),1,twitter
Hedge Funds Are Piling Into Dr. Reddy’s Laboratories Limited  (RDY),1,twitter
Hedge Funds Are Still Bullish On TechTarget Inc (TTGT) Despite Recent Sales,1,twitter
"Hedge Funds Are Still Crazy About Avid Technology, Inc. (AVID)",1,twitter
Hedge Funds Are Warming Up To Canadian Imperial Bank of Commerce (CM),1,twitter
Hedge Funds Are Warming Up To Celestica Inc. (CLS),1,twitter
Hedge Funds Are Warming Up To Eldorado Gold Corp (EGO) Again,1,twitter
Hedge Funds Are Warming Up To First Bancorp (NASDAQ:FBNC),1,twitter
Hedge Funds Are Warming Up To Helix Energy Solutions Group Inc. (HLX),1,twitter
Hedge Funds Aren’t Done Buying California Water Service Group (CWT),1,twitter
Hedge Funds Aren’t Done Buying Omega Healthcare Investors Inc (OHI),1,twitter
"Hedge Funds Aren’t Done Buying Simulations Plus, Inc. (SLP)",1,twitter
Hedge Funds Have Never Been More Bullish On Agile Therapeutics Inc (AGRX),1,twitter
Hedge Funds Have Never Been More Bullish On Aurinia Pharmaceuticals Inc (AUPH),1,twitter
Hedge Funds Have Never Been More Bullish On Camtek LTD. (CAMT),1,twitter
Hedge Funds Have Never Been More Bullish On City Office REIT Inc (CIO),1,twitter
Hedge Funds Have Never Been More Bullish On Landec Corporation (LNDC),1,twitter
"Hedge Funds Have Never Been More Bullish On MGE Energy, Inc. (MGEE)",1,twitter
Hedge Funds Have Never Been More Bullish On RadNet Inc. (RDNT),1,twitter
Hedge Funds Have Never Been This Bullish On Adesto Technologies Corporation (IOTS),1,twitter
"Hedge Funds Have Never Been This Bullish On Alexander’s, Inc. (ALX)",1,twitter
Hedge Funds Have Never Been This Bullish On Bloom Energy Corporation (BE),1,twitter
Hedge Funds Have Never Been This Bullish On Bluerock Residential Growth REIT Inc (BRG),1,twitter
Hedge Funds Have Never Been This Bullish On Cathay General Bancorp (CATY),1,twitter
"Hedge Funds Have Never Been This Bullish On Cedar Fair, L.P. (FUN)",1,twitter
"Hedge Funds Have Never Been This Bullish On Century Casinos, Inc. (CNTY)",1,twitter
Hedge Funds Have Never Been This Bullish On Chiasma Inc (CHMA),1,twitter
"Hedge Funds Have Never Been This Bullish On Construction Partners, Inc. (ROAD)",1,twitter
"Hedge Funds Have Never Been This Bullish On Diamond Hill Investment Group, Inc. (DHIL)",1,twitter
"Hedge Funds Have Never Been This Bullish On Elevate Credit, Inc. (ELVT)",1,twitter
"Hedge Funds Have Never Been This Bullish On Fastly, Inc. (FSLY)",1,twitter
Hedge Funds Have Never Been This Bullish On First Financial Bankshares Inc (FFIN),1,twitter
Hedge Funds Have Never Been This Bullish On Genmab A/S (GMAB),1,twitter
"Hedge Funds Have Never Been This Bullish On HarborOne Bancorp, Inc. (HONE)",1,twitter
"Hedge Funds Have Never Been This Bullish On HTG Molecular Diagnostics, Inc. (HTGM)",1,twitter
Hedge Funds Have Never Been This Bullish On LiqTech International Inc (LIQT),1,twitter
Hedge Funds Have Never Been This Bullish On NVE Corporation (NVEC),1,twitter
Hedge Funds Have Never Been This Bullish On Opera Limited (OPRA),1,twitter
Hedge Funds Have Never Been This Bullish On Osisko Gold Royalties Ltd (OR),1,twitter
Hedge Funds Have Never Been This Bullish On Paramount Group Inc (PGRE),1,twitter
"Hedge Funds Have Never Been This Bullish On Paysign, Inc. (PAYS)",1,twitter
"Hedge Funds Have Never Been This Bullish On Radiant Logistics, Inc. (RLGT)",1,twitter
"Hedge Funds Have Never Been This Bullish On Satsuma Pharmaceuticals, Inc. (STSA)",1,twitter
Hedge Funds Have Never Been This Bullish On Trecora Resources (TREC),1,twitter
"Hedge Funds Have Never Been This Bullish On Western Midstream Partners, LP (WES)",1,twitter
Hedge Funds Piling Into AudioCodes Ltd. (AUDC),1,twitter
Hedge Funds Warming Up To Central Pacific Financial Corp. (CPF),1,twitter
"Here's how Tesla stock swings 18% higher, trader says $TSLA (via @TradingNation) https://t.co/yqzfmfwbGP",1,twitter
Here's Why Amneal Pharmaceuticals Rose as Much as 52.3% Today,1,twitter
Here's Why Collegium Pharmaceutical Rose as Much as 20.7% Today,1,twitter
Here's Why Renewable Energy Group Shares Jumped as Much as 43.9% Today,1,twitter
"Highlight: @ArgusResearch Senior Analyst Bill Selesky on $TSLA: ""I really have no idea what's causing it to pop tod… https://t.co/hAeaerqHYB",1,twitter
"Highlight: Cruise stocks are rallying. ""The industry has done a total 180 in the last few months,"" @cfraresearch's… https://t.co/oTvX5UGlnh",1,twitter
"Home Depot stock is still a good investment despite rare misstep: analysts
https://t.co/qlN2H3v7I4 by @BrianSozzi https://t.co/SxTiA8QZoZ",1,twitter
If You Had Bought Canadian Tire Corporation (TSE:CTC.A) Shares Five Years Ago You'd Have Made 24%,1,twitter
If You Had Bought CyberArk Software (NASDAQ:CYBR) Shares Five Years Ago You'd Have Made 140%,1,twitter
If You Had Bought Stoneridge (NYSE:SRI) Shares Five Years Ago You'd Have Made 159%,1,twitter
Im buying today. Chart + news..... we could see $16 again in the coming days....,1,twitter
In  1.60 $NYMT on news 6000 shares. Stock fell 80% and now can run big,1,twitter
Incyte (NASDAQ:INCY) Has A Rock Solid Balance Sheet,1,twitter
"Introducing Cogent Communications Holdings (NASDAQ:CCOI), A Stock That Climbed 78% In The Last Five Years",1,twitter
"Introducing Penumbra (NYSE:PEN), The Stock That Zoomed 151% In The Last Three Years",1,twitter
Investors Who Bought GlobalSCAPE (NYSEMKT:GSB) Shares Five Years Ago Are Now Up 302%,1,twitter
Investors Who Bought Lendlease Group (ASX:LLC) Shares A Year Ago Are Now Up 53%,1,twitter
Investors Who Bought Supernus Pharmaceuticals (NASDAQ:SUPN) Shares Five Years Ago Are Now Up 148%,1,twitter
Ionis Pharmaceuticals (NASDAQ:IONS) Has A Rock Solid Balance Sheet,1,twitter
It looks like $CPHI could be a stock that deserves your attention going forward.,1,twitter
Large cap Tech call flows hot early $MSFT $AAPL $NVDA $FB,1,twitter
Long $WMT,1,twitter
Looks like $SPX 8/21 MA bull cross today,1,twitter
Luckin Coffee share price may nearly double to $60 on U.S. exchanges: hedge fund Citron Capital,1,twitter
Major Resistances Are Broken – Time To Go Up,1,twitter
Mentioned $IONS in the past. It looks nice here. Ww. https://t.co/FGBiDOzlZ2,1,twitter
"Money manager says she has 'very high' confidence Tesla shares reach $7,000 in next 5 years",1,twitter
"Netflix shares have soared nearly 4,100% since the end of 2009 https://t.co/DxuMrqVrlT https://t.co/DxuMrqVrlT, https://t.co/8bEfhO2fsn",1,twitter
Newmont Goldcorp Is Poised to Outperform,1,twitter
News Corporation (NWS): Hedge Funds Are Snapping Up,1,twitter
nice chart ty for the share,1,twitter
"Nifty, Sensex rise; Reliance, PSU energy stocks gain",1,twitter
NXP Semiconductors Started Bouncing Back Already,1,twitter
"PGIM Likes Barbell Trade in Credit, Buying AAAs & CCCs (Radio)",1,twitter
Pinduoduo's stock is the most active premarket with over 3 mln shares traded,1,twitter
"RECAP 11/22 +Pos Comments:
$APTV + Wolfe
$ALV + Wolfe
$VC + Wolfe
$HMLP + DNB Markets
$HEPA + Brookline",1,twitter
"RECAP 11/22 Unusual Calls:
$CY Jan 20 C
$CRON Jan 11 C
$DLPH Mar 12.5 C
$UBER Dec 27 C
$ALLY Dec 32 C
$GME Jan 37 C… https://t.co/uhGZb37hz3",1,twitter
"RECAP 12/10 Unusual Calls:
$QSR Dec 67.5 C
$OXY Dec13 38.5 C
$CL Mar 75 C
$ARQL Apr 20 C
$LPI Jan 3 C
$JBLU Jan 20… https://t.co/Kg9YOYBDgF",1,twitter
"RECAP 4/7 +Pos Comments:
$CLDR + Craig Hallum
$XOM + CFRA
$BTI + MS",1,twitter
Red-Hot Adobe Stock Sees Surge in Bullish Betting,1,twitter
Regional Management (NYSE:RM) Shareholders Have Enjoyed An Impressive 140% Share Price Gain,1,twitter
Royal Gold (NASDAQ:RGLD) Shareholders Booked A 68% Gain In The Last Five Years,1,twitter
S&P $SPY with 5000 June $319 calls opening in a $5M position as December $298 calls adjust,1,twitter
"Saudi Aramco will probably soon exceed the $2 trillion valuation targeted by Crown Prince Mohammed bin Salman, acco… https://t.co/G9oJoK3nZb",1,twitter
Scalp Trader's recent $DBVT play took off for a +109% gain in just three days. Learn more and #tradesmarter here &gt;&gt;… https://t.co/DdfhnwLak7,1,twitter
ScalpTrader's recent $LADR swing long ripped higher for a +120% gain in just a few hours. Learn more and… https://t.co/RU5shf8NuT,1,twitter
ScalpTrader's recent monster Preferred plays $DCPprB $NGLSprA $TWOprB took off for an average gain of +105% overnig… https://t.co/4Tb5q80lMV,1,twitter
ScalpTrader's recent monster Preferred plays $DCPprB $NGLSprA $TWOprB took off for an average gain of +105% overnig… https://t.co/71rIsHnOfW,1,twitter
"Shareholders Are Loving SmartFinancial, Inc.'s (NASDAQ:SMBK) 0.9% Yield",1,twitter
Signal Says Bank of America Stock Isn’t Done Climbing,1,twitter
Signal Says Ferrari Stock Could Race Into New Year,1,twitter
Signet Jewelers Finally Regains Some Sparkle,1,twitter
Small-Company Stocks Have Been Lagging the Market. Here's Why That Could Change Soon - MONEY,1,twitter
SNWV: U.S. Roll-Out May Be Stronger Than Previously Anticipated,1,twitter
Square's Breakout May Send Shares Sharply Higher - Seeking Alpha,1,twitter
Stock Market Update: Facebook seeing increased buying interest,1,twitter
Stock Market Update: Netflix outperforming the FAANG stocks,1,twitter
Stock Market Update: Netflix remains among today's winners,1,twitter
Stock Market Update: TJX remains bright spot in retail space today,1,twitter
"Stocks like HDFC Bank, ICICI Bank & HDFC looking good - Economic Times",1,twitter
Stocks This Week: Buy Nike And Autodesk,1,twitter
Strong Cloud Growth and 2 More Keys for FireEye Stock,1,twitter
"Tesla stock is wrapping up its best month since 2013, adding $40 billion in value in January.... https://t.co/Hmt4v3b2oN",1,twitter
The Acme United (NYSEMKT:ACU) Share Price Is Up 29% And Shareholders Are Holding On,1,twitter
"The Corticeira Amorim S.G.P.S (ELI:COR) Share Price Has Gained 224%, So Why Not Pay It Some Attention?",1,twitter
The Hexagon Composites (OB:HEX) Share Price Has Gained 50% And Shareholders Are Hoping For More,1,twitter
The REX American Resources (NYSE:REX) Share Price Has Gained 27% And Shareholders Are Hoping For More,1,twitter
The upward trend should continue #AlignTechnology #Stock #MarketScreener https://t.co/mqaYfTu2YU https://t.co/BXKZuc30QY,1,twitter
"The Zynga (NASDAQ:ZNGA) Share Price Has Gained 200%, So Why Not Pay It Some Attention?",1,twitter
"This $3B biotech has been a three-bagger since November, and it still has upside",1,twitter
This High-Yielding Renewable Energy Company Continues Generating Solid Results,1,twitter
"Today is a good time to buy the only #dividend king in REITdom, says @rbradthomas. 

https://t.co/KcNTjUbJts

$FRT… https://t.co/fCWqqae7N8",1,twitter
Trade Desk $TTD strong with 900 December $275 OTM calls bought $2.70 to $2.95 early,1,twitter
"TUNE IN: Tesla's bull run is just getting started, says Ark's Cathie Wood. Watch #WallStreetWeek live today at 6pm... https://t.co/DvWmT4j4f5",1,twitter
Update: Bluerock Residential Growth REIT (NYSEMKT:BRG) Stock Gained 41% In The Last Year,1,twitter
Update: Gardner Denver Holdings (NYSE:GDI) Stock Gained 38% In The Last Year,1,twitter
Update: Incyte (NASDAQ:INCY) Stock Gained 36% In The Last Year,1,twitter
Update: Insurance Australia Group (ASX:IAG) Stock Gained 41% In The Last Three Years,1,twitter
Watch $MARK over 43c in after-hours for continuation targeting the 50c area initially,1,twitter
Watch $SES over $6 for a strong move higher.,1,twitter
We Think Hudson Global (NASDAQ:HSON) Can Easily Afford To Drive Business Growth,1,twitter
"Western Digital is ""flashing"" green, adding to the hope that the flash market  
is improving (WDC) https://t.co/9moaLxySqN $WDC",1,twitter
"While Risks Remain, VBI Vaccines Stock Is a Buy at Today’s Prices",1,twitter
Why Appian Stock Soared 34% in January,1,twitter
"Why Arista Networks, Inc.’s (NYSE:ANET) Return On Capital Employed Is Impressive",1,twitter
Why Ball Corporation Stock Gained 12% in January,1,twitter
Why Biogen Shares Soared Today,1,twitter
Why Campbell Soup Company's (NYSE:CPB) High P/E Ratio Isn't Necessarily A Bad Thing,1,twitter
Why Diabetes Stock Insulet Jumped 13.3% in January -- After Soaring 116% in 2019,1,twitter
Why Fiverr Stock Rose 11% in January,1,twitter
Why Grocery Outlet Could Have Investment Appeal,1,twitter
Why Hecla Mining Is a Buy,1,twitter
Why Intesa Sanpaolo S.p.A.'s (BIT:ISP) High P/E Ratio Isn't Necessarily A Bad Thing,1,twitter
Why Kroger Could Deliver Stock Price Growth,1,twitter
Why MTY Food Group Inc.'s (TSE:MTY) High P/E Ratio Isn't Necessarily A Bad Thing,1,twitter
Why NIO Hasn’t Fallen Totally Off the Cliff,1,twitter
Why Now Is a Great Time to Buy Pinterest Stock,1,twitter
Why Pinterest Stock Just Popped 12.5%,1,twitter
Why Shake Shack Stock Gained 13% in January,1,twitter
Why Shares of NortonLifeLock Jumped Today,1,twitter
Why Synaptics Stock Popped Today,1,twitter
Why Tallgrass Energy's Stock Is Taking Flight Today,1,twitter
Why This Acquisition Could Be Huge for Collegium Pharma,1,twitter
Why You Might Be Interested In TMX Group Limited (TSE:X) For Its Upcoming Dividend,1,twitter
"Wynn Resorts bounces back from Friday's weakness (WYNN) https://t.co/l1sx6yVk0i 
$WYNN",1,twitter
Yeah $DIS  12/20 $150C @1.16 entry got 5. Reason is look at the inside day hammer today. Looking like we’re gonna break upwards.,1,twitter
YPF Sociedad Anonima (YPF): Hedge Funds Are Snapping Up,1,twitter
$ABBV - AbbVie Is The First Addition To The Motorhome Retirement 72T Portfolio. Read more and sign up for updates:… https://t.co/ElaxmrC8cS,2,twitter
$ACBI $OPY $LEAF - OPY and LEAF among financial gainers; CACC leads losers https://t.co/oQFjeHivYR,2,twitter
$ACST stock is flagging on the hourly chart. A break of 78c could sent it immediately to the gap zone around $1 Big... https://t.co/dRjmQt88M7,2,twitter
$ADXS :) 1.22 lock that number in your head.,2,twitter
$AFB - AllianceBernstein National Municipal Income declares $0.04581 dividend https://t.co/ZlFUm6tlsC,2,twitter
$AIKI still in play for me. Stock is falling hard on low volume while MACD is crossing up. Could bounce into the cl… https://t.co/p3xttiQ97O,2,twitter
$AKBA - Akebia Therapeutics: Vadadustat Approval Seems Make Or Break. Read more and sign up for updates:… https://t.co/uY6vXhdjgu,2,twitter
$AMD - Crash Protection For AMD. https://t.co/FYu6Nyxn6M #economy #finance #business,2,twitter
$AMRH here is the hourly chart. Someone is accumulating big time today. Look at the Accumulation line on chart. Kee… https://t.co/HF4iHTTRUj,2,twitter
$AMRN Strong action,2,twitter
$AMZA - AMZA: Distribution Coverage Analysis And Comparison. Continue reading: https://t.co/OAZGgyt9Di #stocks #trading #markets,2,twitter
$ANET in from last week. https://t.co/NTYrAjdveo,2,twitter
$APOP on scans.,2,twitter
$AUPH holding it till $25 :) https://t.co/x6YB6syVxk,2,twitter
$BAM $BPY $PVVLF - Investing With Brookfield: Achieving Attractive Risk/Reward And High Yield Simultaneously.… https://t.co/sIPdqv37EU,2,twitter
$BATRK - Liberty Braves Group: Valuing An Undervalued And Unique Business. Subscribe to Seeking Alpha for more:… https://t.co/ztpuTetxPp,2,twitter
$BBBY - Bed Bath & Beyond: A Look At The Potential Turnaround. Read more: https://t.co/QtMjBRRtIF #stocks #stockmarket #economy,2,twitter
"$BEAT seems extremely cheap, have not looked into why it has lagged so much this year, but screens well",2,twitter
"$BIIB - Questions Linger After CTAD For Biogen's Aducanumab, But Trading Opportunities Exist. Follow this and any o… https://t.co/gNTMKMWrzT",2,twitter
$BIIB 😀 https://t.co/j5gwpGJVu1,2,twitter
$BIMI only the break of this large trading range will send the stock to higher levels. No position. https://t.co/ILnoBcfP3s,2,twitter
$BNKXY - Bankia: Low Valuation Is More Than Justified By Its Fundamental Woes. Continue reading:… https://t.co/Z1xKyV4ZG9,2,twitter
$BOLYY $EUXTF $SOHMF - There Is Growing Interest For An Acquisition Of BME. Read more and get updates on any stock!… https://t.co/8ZRnJT3WBu,2,twitter
"$BOXL Holding for next week event. Long swing idea. Based on the chart, risk/reward looks favorable. https://t.co/rE1Z7QBdYL",2,twitter
$BPOP - Popular to review letter from activist investor https://t.co/wuA2aQSC8J,2,twitter
$BTI $MO - Altria & British American Tobacco: Perhaps The Nightmare Is Finally Ending. Continue reading:… https://t.co/WNW4FnB3rE,2,twitter
$CEI Woke up,2,twitter
$CFPZF - Canfor: Take-Private Bid Significantly Undervalues The Company. Continue reading: https://t.co/xJJJJoJsva… https://t.co/D7EuY5MZ6b,2,twitter
$CHK - Chesapeake Energy's Rebound Is Temporary. Get more info on Seeking Alpha: https://t.co/TXR8sqT1rI #trading #stockmarket #stocks,2,twitter
$CLMT - Digging Into Calumet's Ever Improving Operations And Balance Sheet. Sign up for updates on Seeking Alpha!… https://t.co/JXaNoasn0K,2,twitter
"$conn filled the gap .. worth watching for a trade

https://t.co/Y73yHGuP5v",2,twitter
$CPRI 👀..name got incredibly cheap few months ago,2,twitter
$CRK - Comstock Resources: Financial Position Stretched Regardless Of Possible Acquisition. Subscribe to Seeking Al… https://t.co/vFsaMpRHHt,2,twitter
$CSLLY - CSL Limited: A Meteoric Rise Despite Risky Bets Highlights Overvaluation. Continue reading:… https://t.co/UNd0d2qMXZ,2,twitter
$CUI $APT $FRTA - BOQI International Medical and CUI Global among Industrial gainers; Beazer Homes and Hovnanian En... https://t.co/1rj1ptnfIh,2,twitter
$DBB - DBB: Renewed Weakness Driven By Zinc's Micro Fragility. Read more: https://t.co/nJrtsL0NJO #stocks #economy #trading,2,twitter
$DDF $LGI - Equity CEFs: The Insanity Of CEF Investors. Get more info on Seeking Alpha: https://t.co/w0sP4U67WY… https://t.co/xw3MKEFK0U,2,twitter
$DFFN on the move again. Eyes on $CNAT sympathy play with a great chart. Also a 30 cents stock.,2,twitter
$DHIL - Diamond Hill: Dissecting An Undercovered Gem. Read more and get updates on any stock!… https://t.co/FUU47rBfNL,2,twitter
$DHR hits @MarketSmith Scan as tries to crack consolidation channel #IBDPartner a break out buy over 148… https://t.co/YMBfjY1Yw2,2,twitter
$DQ - Daqo New Energy Could Rebound Significantly In 2020 After Its Recent Selloff. Keep reading:… https://t.co/AXumgZonvp,2,twitter
"$DRIP $LABU $GASX - SOXL, LABU, JO and GUSH among weekly ETF movers https://t.co/FntrWNY9sn",2,twitter
$DTLA.P - Waiting For Godot's Dividend Could Pay Off For Patient Investors In Brookfield DTLA Office Trust Preferre… https://t.co/Z073RaKchj,2,twitter
$DWVYF - Derwent London Is A High-Quality REIT Growth Opportunity. Read more: https://t.co/VkWdoQsFuc #investing #stocks #business,2,twitter
$DYNT supplies surgical masks - https://t.co/1NJyHILE5B #CoronavirusOutbreak nice find @simbatrading,2,twitter
$ETN - Eaton offloads auto fluid conveyance business https://t.co/6IakZmzNb1,2,twitter
$ETSY - Etsy Has Many Problems. Here's Why I Bought Its Stock. Read more and get updates on any stock!… https://t.co/8wW48bwgSq,2,twitter
$ETSY 37 to 43,2,twitter
$EXPE continuation https://t.co/g60rBZmP2Q,2,twitter
$EXPR - Express: Shares Are On Sale. Get more info on Seeking Alpha: https://t.co/0133h01Ccl #trading #business #investing,2,twitter
$F - Ford Facing A Difficult Future. Read more and sign up for updates: https://t.co/N9Ht9AerSR #finance #stockmarket #investing,2,twitter
$FCX: Freeport-McMoRan builds on this week's strength https://t.co/pqfa347iBh,2,twitter
$FET - Forum Energy Technologies: International Operations Can Provide The Relief. Read more:… https://t.co/1M2SpoUuJS,2,twitter
$FIVE - Five Below: Trapped Below $135. Keep reading: https://t.co/kgSsofubHk #markets #trading #finance,2,twitter
$FL - Foot Locker: Can't Get Much Better. Follow this and any other stock on Seeking Alpha! https://t.co/hRtjAgSavF… https://t.co/vmnKQmr8WJ,2,twitter
$GASL - The Withdrawal Season Begins In Natural Gas. Read more and sign up for updates: https://t.co/pJo08goTdN #stocks #trading #markets,2,twitter
"$GBTKF - Globetronics: Short-Term Pain, Long-Term Gain. Get more info on Seeking Alpha: https://t.co/3nZnna7dDc… https://t.co/uUkexy2C8D",2,twitter
$GENGF - Gear Energy: The Important Metric Management Ignores. Read more and sign up for updates:… https://t.co/H4dgMpZoPi,2,twitter
"$GHSI - Guardion Health Sciences Has Enough Cash For Now, But Be Wary Of Further Dilution. Get more info on Seeking… https://t.co/9sYxYWW83W",2,twitter
$GLBS holding for next week.,2,twitter
$GLW - A U.S. Industrial Giant Bets On Long Interest Rates. Follow this and any other stock on Seeking Alpha!… https://t.co/7PNx6N5Hn8,2,twitter
$HALMY $HLMAF $HLMLY - Halma: The Electronic And Electrical Equipment Gift That Keeps On Giving. Sign up for update… https://t.co/Hn3bK4clsQ,2,twitter
"$HDS $AQST $AGIO - HDS, AQST, LTHM and SSI among after-hours movers https://t.co/XU5Ta7QMgk",2,twitter
$HEP - Holly Energy Partners: Another 12% High-Yield Play. Sign up for updates on Seeking Alpha!… https://t.co/mz8hnvjl98,2,twitter
$HII - Huntington Ingalls Industries: Steady As She Goes. Subscribe to Seeking Alpha for more:… https://t.co/jgmtvNkFsX,2,twitter
$HP - Helmerich & Payne: High Yield Is Still Secured Despite Loss. Read more and sign up for updates:… https://t.co/HPBGSQiKZa,2,twitter
$HRB - H&R Block: A Cash Machine With Strong Balance Sheet. Read more: https://t.co/bfWJHtlUkM #markets #business #investing,2,twitter
$HYMTF - Hyundai Motor Company: Strategy 2025 Spells Success. Continue reading: https://t.co/a46z3UvdXq #markets #stocks #investing,2,twitter
$IBM - There Are Still Some Catalysts That Can Give IBM Shareholders Value. Get more info on Seeking Alpha:… https://t.co/ADtAvaEYSG,2,twitter
"$IQ - I can see this house doing well, but I'm not playing. Chart is too chaotic. https://t.co/ormk0xmU2y",2,twitter
"$ITT - ITT Inc. Executing Well, But End-Market Weakness Could Create Opportunities For Investors. Get more info on… https://t.co/K2Yz9l8Jel",2,twitter
$IWM triggering here out of its flag,2,twitter
$IYT: Industry Briefing: Transports https://t.co/haplF6miI4,2,twitter
$JAN crazy move in pre-market. Pivot points on chart. https://t.co/TMpQ1C0LDl,2,twitter
$JBSAY $PPC - JBS Does Well With Trade Wars And Higher Meat Prices. Get more info on Seeking Alpha:… https://t.co/bif5JdpNc9,2,twitter
$JCP - One Way J.C. Penney Can Tackle Its Big Debt Problem. Read more and get updates on any stock!… https://t.co/3bj3sVOJuD,2,twitter
$JSTLF $JSTTY - Just Eat shareholders told to stand down https://t.co/rDeUfBf3UT,2,twitter
$KDMN strong action this morning on volume.,2,twitter
$KFY - Assessing The Long-Term Case For Korn Ferry. Read more and get updates on any stock! https://t.co/BgxSNaHN0u… https://t.co/0draph4KrY,2,twitter
"$KSS - Kohl's Valuation Is Attractive, Though I Worry About Dividend Safety. Read more and get updates on any stock… https://t.co/C8fh3jkbgx",2,twitter
$LK - Luckin Coffee: It Make Sense That Shorts Sell At 4x Sales.. Read more: https://t.co/lBJTB9cWiJ #finance #investing #stocks,2,twitter
"$LKQ 
Beautiful setup for next week from the #PowerEarningsGap list!
I'd love to see it chop sideways for 1 or 2 mo… https://t.co/R7Wn7EZ5ur",2,twitter
$LNVGY - Lenovo Group: Core PC Business Delivers Strong Performance But Future Growth Could Slow. Read more:… https://t.co/iEiRaxz6Sx,2,twitter
$MDCO  https://t.co/iVoLZncc9i,2,twitter
$MLNX - Mellanox: Cash In On A 6% Spread. https://t.co/dXF5LjYrha #economy #trading #stocks,2,twitter
$MRVL - Marvell: Making The Transition With Mixed Results. Get more info on Seeking Alpha: https://t.co/V9hkLL7j6t… https://t.co/Qj9i1BHfso,2,twitter
$MSFT - Microsoft: A Deep Due Diligence Dive Or How A Value Investor Embraced Microsoft. Read more and sign up for… https://t.co/z9s2ETlicf,2,twitter
"$MT - ArcelorMittal Up Nicely Off The Bottom, But Substantial Uncertainties Remain. Follow this and any other stock… https://t.co/AVHQlcbXZ6",2,twitter
"$MTB - M&T Bank Maintaining Quality, But Lagging In Operating Performance. Get more info on Seeking Alpha:… https://t.co/lTOV0LwekF",2,twitter
$MUX - McEwen Mining: The Writing Was On The Wall. Get more info on Seeking Alpha: https://t.co/JLEoBuvS9x #markets #investing #business,2,twitter
$MYOV here we go !!,2,twitter
"$NAV $LLIT $WKHS - LK, NAV, WWE and ADNT among midday movers https://t.co/KA6jVLS5iN",2,twitter
$NAV $WKHS $VRS - Navistar International leads consumer gainers; NIO and Tata Motors among losers https://t.co/KG2SkgRc4m,2,twitter
$NILSY - Norilsk Nickel: Planning Ahead. Continue reading: https://t.co/yLpWHnLrO8 #stockmarket #stocks #finance,2,twitter
$NIO on the move.,2,twitter
$NLOK - Taking A Look At The Special Situation Opportunity In NortonLifeLock. https://t.co/wrZvz2jZFb #markets #economy #finance,2,twitter
$NUE 👀 https://t.co/1vV5ar0Cwj,2,twitter
$OPTNX: Early Options Activity https://t.co/2DOpfOcRYU,2,twitter
$OPTNX: Early Options Activity https://t.co/tcgjbS0ueR,2,twitter
$OPTNX: Unusual Options Activity https://t.co/Lh6BckoZZ2,2,twitter
$OPTNX: Unusual Options Activity https://t.co/y9tvqlYEEA,2,twitter
$PALL - PALL: Palladium Market To Remain In Deficit In 2019 Despite The Contraction In Global Auto Output. Subscrib… https://t.co/5cIQV2pKns,2,twitter
$PAYC - Paycom Software: Time To Take Some Profits. Sign up for updates on Seeking Alpha! https://t.co/EXkP86YqMq… https://t.co/ynJB4WvRwi,2,twitter
$PFE $CVS $OPK - Healthcare firms pile on intiaties as COVID-19 pandemic advances https://t.co/fS66vRei8N,2,twitter
$PFN - PFN: Staying Cautious Through The End Of The Year. Get more info on Seeking Alpha: https://t.co/uE643VuiuQ… https://t.co/wZywVfW7QD,2,twitter
"$PG - Procter & Gamble Is Overvalued By All Means, But For The Sake Of Your Portfolio, Stick To It. Read more and g… https://t.co/ZdnGgQxjvE",2,twitter
$PHM - PulteGroup - One Of My Favorite Picks For 2020. https://t.co/9dsxyp0FDW #investing #trading #business,2,twitter
$PHUN long. Full of shorts.,2,twitter
$PHUN news out !!!!,2,twitter
$PIXY Do you remember this stock? It's back to my buy zone. Loading up. https://t.co/yR2aIfPkh6,2,twitter
$PKX - POSCO: Taking Patent Dynamics Into Account. Keep reading: https://t.co/edHOSGnhH8 #markets #economy #finance,2,twitter
"$PLAY - Dave & Buster's: Cheap, But For A Reason. Follow this and any other stock on Seeking Alpha!… https://t.co/0cNQJo3tNL",2,twitter
$PRTY - Investors nibble at Party City https://t.co/UsTMY1qg5T,2,twitter
$PS - Pluralsight: Promising Unified Offering Will Unlock More Values. Read more and sign up for updates:… https://t.co/0vUQ4f1Jg5,2,twitter
$PSTV they found it !!!,2,twitter
$PSX pulling back to 50ma area and holding so far https://t.co/a5Lqh19guW,2,twitter
$QQQ - How To Benefit From Trend And Momentum In QQQ. Read more: https://t.co/JqeL4Gl9Xd #investing #markets #finance,2,twitter
$RBLAY - Robinsons Land: Still Cheap With New Catalysts. Subscribe to Seeking Alpha for more:… https://t.co/MWPw61Bwee,2,twitter
$RNG - RingCentral's Winning Formula Involves Partnerships. Read more and sign up for updates:… https://t.co/XCNQBrA2T9,2,twitter
$RRGB - Buy Red Robin Gourmet Burgers If The Company Announces It Is Willing To Sell. Read more and get updates on… https://t.co/iiT7iOq8Ww,2,twitter
$SCANX: Today's most active stocks https://t.co/5bQ2f66MPH,2,twitter
$SCHW $AMTD - Charles Schwab And TD Ameritrade: The Future Keeps Coming. Follow this and any other stock on Seeking… https://t.co/J9SrknlpEt,2,twitter
$SCHYY - Sands China: Deploying Capital Into The Expansion Of Premium Mass Offerings Makes The Stock Buy. Read more… https://t.co/UlQkMa0E2D,2,twitter
$SES BINGO !!!!!!!!,2,twitter
$SGMS trying to trigger a Cup & Handle (target 47) hits @MarketSmith Scan #IBDPartner a buy on break of Handle high… https://t.co/95VWSwidrW,2,twitter
$SINT familiar name. Loading zone. Worth a trade again. There is a gap to fill. https://t.co/8ksSOMveUD,2,twitter
$SKT - Tanger Factory Outlet Centers And Coronavirus - Use Protection. https://t.co/qMAFAGFqZi #trading #economy #finance,2,twitter
$SOXL https://t.co/fjxLlOjDJu,2,twitter
$SPLK - Splunk: Full Steam Ahead. Follow this and any other stock on Seeking Alpha! https://t.co/DCvnAuSOBa #markets #stocks #economy,2,twitter
$SPY $AMTD $SCHW $TIF $LVMUY $MDCO $NVS $UBER $TNX $USDX $WTI $NIKKEI $HSCEI $SSEC $SENSEX $FTSE $DAX $CAC #China… https://t.co/AvdYzA6U7K,2,twitter
$SPY $AMTD $SCHW $TIF $MDCO $NVS $EBAY,2,twitter
$SPY $DIA $QQQ $AAPL $SOXX $XRT $ULTA $TNX $USDX $WTI #NonfarmPayrolls #NonfarmPrivatePayrolls #AvgHourlyEarnings… https://t.co/2IllcPozPO,2,twitter
$SPY $DIA $QQQ $MDCO $NVS $ALNY $ARWR $DRNA $UBER,2,twitter
$SPY $IWM $DAL $BRK.B $JPM,2,twitter
$SPY $IWM $NVDA $NFLX,2,twitter
$SPY $TNX $ULTA,2,twitter
$SPY $ULTA $BLL,2,twitter
$SQ - Square: Odds Stacked Against Shareholders. Subscribe to Seeking Alpha for more: https://t.co/8xvjNGaorC #economy #business #investing,2,twitter
"$SVMK - SurveyMonkey: Great Long-Term Investment, But Current Valuation A Little High. Sign up for updates on Seeki… https://t.co/QSFpzKm225",2,twitter
$SVXY - Visualizing The Predictive Value Of Contango. Get more updates here: https://t.co/RdAshxEAcB #trading #business #investing,2,twitter
"$SWK - Stanley Black & Decker Comes In A Little Light, But Has Drivers For 2020. https://t.co/AfwyGEv1yz #trading #markets #investing",2,twitter
$TALKX: Market Briefing https://t.co/qKadK8u9pa,2,twitter
$TBVPY - Thai Beverage: Deleveraging Is Key Priority With A Potential Listing Of Beer Business. Continue reading:… https://t.co/AXRbODRP0u,2,twitter
$TCEHY - Tencent: Worst May Be Over. Read more and sign up for updates: https://t.co/XZIc8fUuXn #trading #markets #stocks,2,twitter
$TLRD - Tailored Brands: Crumpled Quarter Expected But Everything Will Smooth Out. Follow this and any other stock… https://t.co/KRhH7wkH9v,2,twitter
$TLT - Betting On Bonds: Why A 2% Yield Isn't So Crazy. Continue reading: https://t.co/3BjS4R7fUo #economy #markets #finance,2,twitter
$TM - Toyota's Conservative Electrification Strategy Will Lead To Long-Term Profitability. Subscribe to Seeking Alp… https://t.co/AiSLURffr2,2,twitter
"$tpco ... watch list for profit taking 

https://t.co/nQVmlJwe3v",2,twitter
$TQQQ - TQQQ: Sidestepping Recessions With Leverage. Read more: https://t.co/scB7iPJsOG #stockmarket #business #markets,2,twitter
$TSLA,2,twitter
$TSLA - Tesla sliced up three different ways https://t.co/j5HrezLcDP,2,twitter
$TWOU - 2U: Underrated Online Education Enabler Play. Keep reading: https://t.co/DPiEPRezMj #finance #economy #business,2,twitter
$TWTR - Twitter Equals Bond Market Record. Read more and sign up for updates: https://t.co/cMeKZp2w7r #trading #finance #stockmarket,2,twitter
$TWTR - Unpopular Opinion: Jack Dorsey Is A Good CEO For Twitter. Sign up for updates on Seeking Alpha!… https://t.co/YuHuruht33,2,twitter
$UBFO - Tough Operating Environment Poses A Threat To United Security Bancshares. Read more and get updates on any… https://t.co/DbEtHaKQl6,2,twitter
"$ubio needs some attention .... super steep

https://t.co/1G9SmYAZZa",2,twitter
$UL - Unilever: Safe Investment With Significant Potential. Get more info on Seeking Alpha: https://t.co/y5GCe56Y3J… https://t.co/Gj57vsR5KW,2,twitter
$ULTA - Ulta Beauty: Look Under The Surface. Follow this and any other stock on Seeking Alpha!… https://t.co/vRveQXzIoe,2,twitter
"$UMRX 3x daily avg volume. Volume precedes price, just saying.....",2,twitter
$UMRX added 20k shares this morning in this extreme oversold small bio cap for the coming days. Company has a confe… https://t.co/zw0AxHnbrn,2,twitter
$UMRX is getting some attention. This stock is starting to make a move of its recent lows. It bear watching going f… https://t.co/Kl70uIJbVK,2,twitter
$VER - VEREIT: Holding The Common But Avoiding The Preferred Class F For Now. Get more info on Seeking Alpha:… https://t.co/gy4MlGFBWU,2,twitter
$VIVE someone is using the low volume and the bad market to put fake sell orders and force the SL to be executed.,2,twitter
$VIVE taking +10k,2,twitter
$VLRX volume pop,2,twitter
$WCAGY $WRCDF - The Most Recent News About Wirecard AG Is Not Really News - But Problematic Nonetheless. Follow thi… https://t.co/a0D2f2opx8,2,twitter
$WDC holding up well and hits @MarketSmith Scan #IBDPartner remains solid over 65.25 @InvestorsBusinessDaily... https://t.co/pMhjILOK3Q,2,twitter
$WIRES: On The Wires https://t.co/1nIhU6T9Qw,2,twitter
$WIRES: On The Wires https://t.co/An35YiKHSC,2,twitter
$WIRES: On The Wires https://t.co/BQvSmsUqxP,2,twitter
$WIRES: On The Wires https://t.co/jBQMTAVRbn,2,twitter
$WIRES: On The Wires https://t.co/mCKRiz5Fjs,2,twitter
$WIRES: On The Wires https://t.co/n52v1FvpNW,2,twitter
$WIRES: On The Wires https://t.co/vFnyErF3lE,2,twitter
$WIRES: On The Wires https://t.co/YCPFH1bJ6E,2,twitter
"$WKHS Electric Trucks: What Tesla, Rivian, The Big 3 Are Bringing To Market https://t.co/AZGxC1e9bi via @YahooFinance",2,twitter
"$WORK - Slack: With Billings On Perpetual Deceleration Curve, No Bottom In Sight. Get more info on Seeking Alpha:… https://t.co/bLyme46LFw",2,twitter
$WPG $WPG.PH $WPG.PI - Why Washington Prime Group Should Cut Its Dividend. Get more info on Seeking Alpha:… https://t.co/cVtw8n4kvP,2,twitter
$XHB Homebuilders ETF ; $BZH $HOV $TOL $LGIH $LEN worth watch if momo continues. https://t.co/1p95mKtJPv,2,twitter
$XOM - Exxon Mobil: Don't Chase The Wrong Yield. Read more and get updates on any stock! https://t.co/5t0odNL18G… https://t.co/BSooVtJ17J,2,twitter
$XPEL - Xpel Inc: Racing With Exceptional Risk/Reward. https://t.co/OK9qdeltCT #business #economy #stocks,2,twitter
$XPO - XPO Logistics: Why You Shouldn't Let Cyclicality Dictate Investment Decisions. Read more and sign up for upd… https://t.co/mnOOzwmdQy,2,twitter
"$YAYO here is the chart, sometimes i have problems to upload the charts on stocktwits. https://t.co/MNPZoAjtIv",2,twitter
$YEXT - Yext: The Crash Is A Buying Opportunity. Read more and get updates on any stock! https://t.co/4mizbyGBTR… https://t.co/B7QRWSRDyq,2,twitter
"$YORW - I Wouldn't Touch York Water With A Stick, And Neither Should You. Get more info on Seeking Alpha:… https://t.co/O3mnUkkOEX",2,twitter
"@ljganz I have no position in $AMZN for clients or trading account, hold some from 2016 in IRAs",2,twitter
"@millennial_investing_ for me it needs to reverse higher, over 60, to make that play.",2,twitter
@tparekh it is on my radar for a buy over 200,2,twitter
+Initiations 11/25: $ARVN $AZRE $BHE $BMY-R $CHGG $EVR $FLXN $GBT $GOOS $IMBI $LULU $MMP $OPK $OYST $PRPL $QIWI… https://t.co/3U1MicuvaS,2,twitter
1 China Travel Stock Every Investor Should Watch,2,twitter
10 Biggest Price Target Changes For Monday,2,twitter
12 Stocks With Short Ratios Above 50,2,twitter
2 Best Cannabis Stocks to Buy in February,2,twitter
2 Sin Stocks That Show Why Investing In Beer And Cigarettes Isn’t A Bad Idea,2,twitter
2 Stocks That Are Soaring on Surging Demand for These Companies' Products,2,twitter
"3 Auto Stocks to Trade, 2 Buys and 1 Short",2,twitter
3 Canadian Biotechs to Consider Buying Today,2,twitter
3 Equal-Weight ETFs Soaring To Record Heights,2,twitter
3 ETFs to Consider as Fed is on Mortgage Bond Buying Spree,2,twitter
3 Great Income Stocks That Could Double their Dividends,2,twitter
3 Marijuana Stocks to Buy Before the End of the Year,2,twitter
3 Stocks With Fast-Growing Earnings,2,twitter
3 Things to Watch in the Stock Market This Week,2,twitter
3 Top Dividend Stocks to Buy in February,2,twitter
3 Top Energy Stocks to Buy Right Now,2,twitter
3 Top Growth Stocks to Buy in February,2,twitter
3 Top Retail Stocks to Watch in February,2,twitter
3 Top Schwab Mutual Funds for 2020,2,twitter
3 Top Stocks Under $20,2,twitter
3 Top Value Stocks to Buy in February,2,twitter
"3 Top-Performing Mutual Funds to Consider for Your Retirement Portfolio- February 06, 2020",2,twitter
"3 Top-Performing Mutual Funds to Consider for Your Retirement Portfolio- February 07, 2020",2,twitter
3 Top-Ranked Cheap Tech Stocks Under $10 to Buy Before Thanksgiving - Nasdaq,2,twitter
3 Top-Ranked Real Estate Mutual Funds to Buy Today,2,twitter
3 Under-the-Radar Stocks With Low Price-Book Ratios,2,twitter
30-minute look across the board; $SPY $QQQ $IWM $SMH $XBI $VXX what say you? https://t.co/G5E3MNE9gL,2,twitter
316 my measure on $SPY,2,twitter
36 Healthcare Stocks Moving In Monday's Pre-Market Session,2,twitter
4 Bond ETFs That Earned Morningstar’s Gold Rating,2,twitter
5 Insurance Stocks That Should Rise in 2020,2,twitter
5 Lottery Stocks With Triple-Digit Upside,2,twitter
5 Merrill Lynch Buy-Rated Tech Stocks That Pay Large Dividends,2,twitter
5 Most Popular Financial Stocks Among Hedge Funds,2,twitter
6 Easy Credit-Building Tips for First-Time Homebuyers,2,twitter
6 Guru Stocks Expanding Earnings,2,twitter
6 Stocks With a Low Price-Sales Ratio,2,twitter
7 ‘A’-Rated Stocks to Buy Before 2020,2,twitter
7 Heavily Shorted Stocks That Could Pop on a Short Squeeze,2,twitter
7 Tech Stocks to Buy That Are Also Perfect for Retirement - Investorplace.com,2,twitter
8 Cannabis Stocks With Wall Street Buzz,2,twitter
8 Industrials Stocks Moving In Monday's Pre-Market Session,2,twitter
8 Stocks Donald Smith Continues to Buy,2,twitter
A Bunch of Top-Ranked Mega Cap ETFs to Bet on for 2020,2,twitter
A few stocks the Dow is thankful for this Friday: https://t.co/55Zl5kAQYY,2,twitter
A Look At The Intrinsic Value Of Alfen N.V. (AMS:ALFEN),2,twitter
A Look At The Intrinsic Value Of Koninklijke DSM N.V. (AMS:DSM),2,twitter
"A Look At The Intrinsic Value Of The LGL Group, Inc. (NYSEMKT:LGL)",2,twitter
A Look At The Intrinsic Value Of Want Want China Holdings Limited (HKG:151),2,twitter
A nice $50B+ deal morning $AMTD $MDCO $TIF,2,twitter
A support level that should be taken advantage of #SéchéEnvironnement #Stock #MarketScreener https://t.co/D2qWuTDrtO https://t.co/AKVqI5mKnr,2,twitter
A2 Milk : Change in substantial holding #A2Milk #Stock #MarketScreener https://t.co/3Ih4kgfhKv https://t.co/Q4y58duE51,2,twitter
ACHV,2,twitter
"Acorda Therapeutics, Inc. (NASDAQ:ACOR): What Does Its Beta Value Mean For Your Portfolio?",2,twitter
"Advanced Micro Devices Stock Is a Bargain, But It Still Faces China Risks",2,twitter
Air Transport Services (ATSG) Outpaces Stock Market Gains: What You Should Know - Nasdaq,2,twitter
"Amazon charts show one crucial technical indicator to watch for the stock, says strategist https://t.co/7RXmgDgMku",2,twitter
AMRN,2,twitter
An Intrinsic Calculation For American Airlines Group Inc. (NASDAQ:AAL) Suggests It's 45% Undervalued,2,twitter
Anheuser Busch InBev : Beer & Brewing #AnheuserBuschInBev #economy #MarketScreener https://t.co/mjGtPExNKX https://t.co/6USIHM4GoK,2,twitter
"Are Investors Undervaluing Lifetime Brands, Inc. (NASDAQ:LCUT) By 49%?",2,twitter
Are Investors Undervaluing NRC Group ASA (OB:NRC) By 43%?,2,twitter
Are Investors Undervaluing West Fraser Timber Co. Ltd. (TSE:WFT) By 49%?,2,twitter
Are Kapsch TrafficCom AG’s Returns On Capital Worth Investigating?,2,twitter
Aristocrat Leisure Limited (ASX:ALL) Earns A Nice Return On Capital Employed,2,twitter
Arrowhead Pharmaceuticals Q1 Results Didn't Matter -- but Its Pipeline Update Did,2,twitter
"At €20.76, Is Lagardère SCA (EPA:MMB) Worth Looking At Closely?",2,twitter
"At US$47.68, Is It Time To Put Entegris, Inc. (NASDAQ:ENTG) On Your Watch List?",2,twitter
"At US$69.02, Is It Time To Put ExlService Holdings, Inc. (NASDAQ:EXLS) On Your Watch List?",2,twitter
"Autostrada dei Fiori: viaduct ""Madonna del Monte""  #Stock #MarketScreener https://t.co/cdJT0Zlcgb https://t.co/kezG1NQGwv",2,twitter
Be Sure To Check Out Atrion Corporation (NASDAQ:ATRI) Before It Goes Ex-Dividend,2,twitter
Bearish Bets: 2 Stocks You Should Consider Shorting This Week - TheStreet,2,twitter
"Benzinga Pro's Top 6 Stocks To Watch For Mon., Nov. 25, 2019: TSLA, UBER, IBKR, XRX, DIS, EBAY",2,twitter
Better Buy: AT&T vs. Verizon,2,twitter
Better Buy: Disney  vs. Time Warner,2,twitter
Better Buy: Gilead Sciences vs. Amgen,2,twitter
Better Buy: Home Depot vs. Target,2,twitter
Better Buy: Intuitive Surgical vs. Medtronic,2,twitter
Better Buy: Luckin Coffee or Starbucks?,2,twitter
Better Marijuana Stock: Cresco Labs vs. Green Thumb Industries,2,twitter
"Biggest analyst calls of the day: Broadcom, AT&T, MSG Networks & more",2,twitter
Biofrontera : english #Biofrontera #Stock #MarketScreener https://t.co/a2qssvzSpH https://t.co/jlL8wi6YE5,2,twitter
"Bitcoin Cash ABC, EOS and Ethereum – Daily Tech Analysis – 15/12/19",2,twitter
"Bitcoin fires at $10K, but falls back",2,twitter
"Bitcoin, Ethereum & Litecoin - American Wrap: 12/16/19",2,twitter
"Boasting A 15% Return On Equity, Is Corporate Travel Management Limited (ASX:CTD) A Top Quality Stock?",2,twitter
"Boasting A 24% Return On Equity, Is Parker-Hannifin Corporation (NYSE:PH) A Top Quality Stock?",2,twitter
Brookfield Asset Management loses a bull,2,twitter
"Bulls And Bears Of The Week: Disney, Macy's, Netflix, Tesla And More",2,twitter
Buy The Trade Desk Stock on Dips Heading Into 2020,2,twitter
BWAY,2,twitter
Calculating The Fair Value Of Altius Minerals Corporation (TSE:ALS),2,twitter
Calculating The Fair Value Of IntriCon Corporation (NASDAQ:IIN),2,twitter
Calculating The Fair Value Of SP Plus Corporation (NASDAQ:SP),2,twitter
Calculating The Intrinsic Value Of Arcadis NV (AMS:ARCAD),2,twitter
Call Buyers Keep Betting on Booming Centene Stock,2,twitter
"Can IES Holdings, Inc. (NASDAQ:IESC) Maintain Its Strong Returns?",2,twitter
Can Kirkland Lake Gold Ltd. (TSE:KL) Maintain Its Strong Returns?,2,twitter
Can Northland Power Inc.'s (TSE:NPI) ROE Continue To Surpass The Industry Average?,2,twitter
Can Simon Property Group Save Forever 21?,2,twitter
Can We See Significant Insider Ownership On The Elmos Semiconductor AG (ETR:ELG) Share Register?,2,twitter
"Can We See Significant Insider Ownership On The Fastly, Inc. (NYSE:FSLY) Share Register?",2,twitter
Can We See Significant Institutional Ownership On The Tassal Group Limited (ASX:TGR) Share Register?,2,twitter
Can You Imagine How Chuffed Lectra's (EPA:LSS) Shareholders Feel About Its 159% Share Price Gain?,2,twitter
Can You Imagine How Chuffed Moncler's (BIT:MONC) Shareholders Feel About Its 215% Share Price Gain?,2,twitter
Cannabis Countdown: Top 10 Marijuana Stock News Stories Of The Week,2,twitter
Cardinal Health Fights To Break Downtrend (CAH) - MarketBeat,2,twitter
"CEVA, Inc. (CEVA): Are Hedge Funds Right About This Stock?",2,twitter
China Is the Key for Solar Stocks in 2020,2,twitter
Consider This Before Buying Birchcliff Energy Ltd. (TSE:BIR) For The 4.8% Dividend,2,twitter
Consider This Before Buying Shakti Pumps (India) Limited (NSE:SHAKTIPUMP) For The 2.4% Dividend,2,twitter
"Could Applied DNA Sciences, Inc. (APDN) See a Reversal After Breaking Its 52 Week Low? - The Lamp News",2,twitter
Could The Hamborner REIT AG (ETR:HAB) Ownership Structure Tell Us Something Useful?,2,twitter
Crypto backed by crypto: Dai seeks to change 'stablecoin' game,2,twitter
Dapper Labs founder discusses CryptoKitties and digital collectibles,2,twitter
December 2019 Stock Watch List. Continue reading: https://t.co/KPcN46wXqn #investing #stockmarket #markets,2,twitter
Denbury Resources Inc. (DNR): Are Hedge Funds Right About This Stock?,2,twitter
"Despite Its High P/E Ratio, Is L E Lundbergföretagen AB (publ) (STO:LUND B) Still Undervalued?",2,twitter
DFND,2,twitter
Did Ammo Sales Push Vista Outdoor Stock Higher?,2,twitter
Did Business Growth Power Retractable Technologies's (NYSEMKT:RVP) Share Price Gain of 103%?,2,twitter
Did Changing Sentiment Drive Helius Medical Technologies's (NASDAQ:HSDT) Share Price Down A Painful 94%?,2,twitter
Did Changing Sentiment Drive Lattice Biologics's (CVE:LBL) Share Price Down A Painful 90%?,2,twitter
Did Changing Sentiment Drive MDxHealth's (EBR:MDXH) Share Price Down A Painful 79%?,2,twitter
Did Changing Sentiment Drive Mountain Province Diamonds's (TSE:MPVD) Share Price Down A Painful 82%?,2,twitter
Did Hedge Funds Drop The Ball On Coeur d’Alene Mines Corporation (CDE) ?,2,twitter
"Did Hedge Funds Drop The Ball On Editas Medicine, Inc. (EDIT) ?",2,twitter
Did Hedge Funds Drop The Ball On El Pollo LoCo Holdings Inc (LOCO) ?,2,twitter
Did Hedge Funds Drop The Ball On GNC Holdings Inc (GNC) ?,2,twitter
Did Hedge Funds Drop The Ball On Hecla Mining Company (HL)?,2,twitter
"Did Hedge Funds Drop The Ball On Intellia Therapeutics, Inc. (NTLA) ?",2,twitter
Did Hedge Funds Drop The Ball On Intra-Cellular Therapies Inc (ITCI) ?,2,twitter
Did Hedge Funds Drop The Ball On Trupanion Inc (TRUP) ?,2,twitter
"Did Hedge Funds Dropped The Ball On Cohu, Inc. (COHU)",2,twitter
Did Infinera's (NASDAQ:INFN) Share Price Deserve to Gain 75%?,2,twitter
Did Service Corporation International's (NYSE:SCI) Share Price Deserve to Gain 96%?,2,twitter
"Did Tactile Systems Technology, Inc. (NASDAQ:TCMD) Use Debt To Deliver Its ROE Of 8.7%?",2,twitter
Did You Manage To Avoid China Regenerative Medicine International's (HKG:8158) 96% Share Price Wipe Out?,2,twitter
Did You Manage To Avoid Golden Minerals's (NYSEMKT:AUMN) Devastating 71% Share Price Drop?,2,twitter
Did You Miss American Financial Group's (NYSE:AFG) 80% Share Price Gain?,2,twitter
DMPI,2,twitter
DO & : DGAP-DD DO & CO Aktiengesellschaft english #DOCOAktiengesellschaft #Stock #MarketScreener… https://t.co/vl4ypdO413,2,twitter
DO & CO Aktiengesellschaft: DGAP-DD: DO & CO Aktiengesellschaft english #Stock #MarketScreener… https://t.co/OfiPUkUBPt,2,twitter
Do ACCO Brands Corporation’s (NYSE:ACCO) Returns On Capital Employed Make The Cut?,2,twitter
Do Directors Own BLOK Technologies Inc. (CNSX:BLK) Shares?,2,twitter
Do Directors Own Kape Technologies Plc (LON:KAPE) Shares?,2,twitter
Do Directors Own Ocado Group plc (LON:OCDO) Shares?,2,twitter
"Do Directors Own Orchid Island Capital, Inc. (NYSE:ORC) Shares?",2,twitter
"Do Hedge Funds Love Ennis, Inc. (EBF)?",2,twitter
Do Hedge Funds Love Enstar Group Ltd. (ESGR)?,2,twitter
Do Hedge Funds Love ePlus Inc. (PLUS)?,2,twitter
Do Hedge Funds Love Galmed Pharmaceuticals Ltd (GLMD)?,2,twitter
"Do Hedge Funds Love Globalstar, Inc. (GSAT)?",2,twitter
Do Hedge Funds Love Inovalon Holdings Inc (INOV)?,2,twitter
Do Hedge Funds Love Kimco Realty Corporation (KIM)?,2,twitter
Do Hedge Funds Love Virtusa Corporation (VRTU)?,2,twitter
Do Insiders Own Shares In LifeVantage Corporation (NASDAQ:LFVN)?,2,twitter
Do Institutions Own Norbit ASA (OB:NORBIT) Shares?,2,twitter
Do Institutions Own Reliance Industries Limited (NSE:RELIANCE) Shares?,2,twitter
Do Institutions Own Shares In Macquarie Infrastructure Corporation (NYSE:MIC)?,2,twitter
Do These 3 Checks Before Buying Schlumberger Limited (NYSE:SLB) For Its Upcoming Dividend,2,twitter
Do These 3 Checks Before Buying Valero Energy Corporation (NYSE:VLO) For Its Upcoming Dividend,2,twitter
"Do you buy Facebook $FB off of @MikeBloomberg's late entry into the Democratic presidential primary?
@JimCramer dig… https://t.co/HtHqzkjhUi",2,twitter
Do You Like Oracle Corporation (NYSE:ORCL) At This P/E Ratio?,2,twitter
Does adidas AG's (ETR:ADS) CEO Salary Reflect Performance?,2,twitter
Does Brainstorm Cell Therapeutics Inc. (NASDAQ:BCLI) Have A High Beta?,2,twitter
Does Chorus Aviation's (TSE:CHR) Share Price Gain of 76% Match Its Business Performance?,2,twitter
Does DiamondRock Hospitality Company (NYSE:DRH) Have A Volatile Share Price?,2,twitter
Does Equiniti Group (LON:EQN) Deserve A Spot On Your Watchlist?,2,twitter
Does Evertz Technologies Limited (TSE:ET) Have A Place In Your Dividend Portfolio?,2,twitter
"Does General Mills, Inc. (NYSE:GIS) Have A Good P/E Ratio?",2,twitter
"Does Home Bancshares, Inc. (Conway, AR) (NASDAQ:HOMB) Have A Good P/E Ratio?",2,twitter
Does KNR Constructions Limited (NSE:KNRCON) Create Value For Shareholders?,2,twitter
Does Mimecast Limited (NASDAQ:MIME) Have A Particularly Volatile Share Price?,2,twitter
Does National Beverage's (NASDAQ:FIZZ) Share Price Gain of 70% Match Its Business Performance?,2,twitter
Does OneSpaWorld Holdings (NASDAQ:OSW) Have A Healthy Balance Sheet?,2,twitter
Does Planet Green Holdings Corp. (NYSEMKT:PLAG) Have A High Beta?,2,twitter
"Does Steel Dynamics, Inc.'s (NASDAQ:STLD) P/E Ratio Signal A Buying Opportunity?",2,twitter
Does The Cubic Corporation (NYSE:CUB) Share Price Fall With The Market?,2,twitter
"Does The Financial Institutions, Inc. (NASDAQ:FISI) Share Price Fall With The Market?",2,twitter
Does The Hexindai Inc. (NASDAQ:HX) Share Price Tend To Follow The Market?,2,twitter
"Does Your Retirement Portfolio Hold These 3 Mutual Fund Misfires? - November 25, 2019",2,twitter
Don’t Expect the Roaring ’10s for Stocks to Repeat in the ’20s,2,twitter
"Don't Sell Cable One, Inc. (NYSE:CABO) Before You Read This",2,twitter
Dotz Nano : Further request for voluntary suspension #DotzNano #Stock #MarketScreener https://t.co/lidytJ2fxm https://t.co/zqkHMHpbhz,2,twitter
Dragonfly Capital Premium Top 10 Equal Weighted gained 1.00% this week using 70% of capital.  YTD +23.03%… https://t.co/qzymFkw080,2,twitter
"Easy Come, Easy Go: How Stratasys (NASDAQ:SSYS) Shareholders Got Unlucky And Saw 82% Of Their Cash Evaporate",2,twitter
"Estimating The Fair Value Of Avid Bioservices, Inc. (NASDAQ:CDMO)",2,twitter
"Estimating The Fair Value Of Baidu, Inc. (NASDAQ:BIDU)",2,twitter
Estimating The Fair Value Of EBOS Group Limited (NZSE:EBO),2,twitter
"Estimating The Fair Value Of Monro, Inc. (NASDAQ:MNRO)",2,twitter
Estimating The Fair Value Of Rexnord Corporation (NYSE:RXN),2,twitter
Estimating The Fair Value Of The Estée Lauder Companies Inc. (NYSE:EL),2,twitter
Estimating The Intrinsic Value Of Polaris Inc. (NYSE:PII),2,twitter
"Exxon Stock Still Solid and Undervalued, but the Market Doesn’t Seem to Care - Investorplace.com",2,twitter
Eyes on $EARS for the coming week !!,2,twitter
"Fortinet : FortiGuard Labs Weekly Threat Update &ndash; November 22, 2019 #Fortinet #Stock #MarketScreener… https://t.co/DtxRWKpWWP",2,twitter
"Franklin Electric Co., Inc. (FELE): Are Hedge Funds Right About This Stock?",2,twitter
"FreightCar America, Inc. (RAIL) Is Burning These Hedge Funds",2,twitter
"Full Earnings Calendar via @eWhispers https://t.co/MzxVJgdx1b

Upgrades/Downgrades via @Benzinga https://t.co/OWRZDcp9Dn",2,twitter
Genocea Biosciences Inc (GNCA): Hedge Fund Sentiment Unchanged,2,twitter
Gilead an acquisition target? Deep pockets required,2,twitter
Global Medical REIT adds another bull to its herd,2,twitter
Grab Your Smart Watch and Start Tracking Apple Stock,2,twitter
Grupa LOTOS S A : Report no. 38/2019 #GrupaLOTOSSA #Stock #MarketScreener https://t.co/33oqIuvaBX https://t.co/o0INQ0t6jd,2,twitter
GSMA：気候の非常事態への対策として大幅な炭素削減を可能にするモバイル技術,2,twitter
"H&E Equipment Services, Inc. (NASDAQ:HEES) Looks Like A Good Stock, And It's Going Ex-Dividend Soon",2,twitter
Health Check: How Prudently Does RWE (ETR:RWE) Use Debt?,2,twitter
Hedge Fund Sentiment Is Stagnant On Granite Construction Incorporated (GVA),2,twitter
"Hedge Funds Dropped The Ball On Adverum Biotechnologies, Inc. (ADVM)",2,twitter
"Hedge Funds Dropped The Ball On Molecular Templates, Inc. (MTEM)",2,twitter
Hedge Funds Dropped The Ball On Servicesource International Inc (SREV),2,twitter
"Hedge Funds Dropped The Ball On The Meet Group, Inc. (MEET)",2,twitter
Hedge Funds Open Kimono: 5 Best Media Stocks To Buy,2,twitter
Hedge Funds Open Kimono: 5 Most Popular Software Stocks Right Now,2,twitter
Hedge Funds Prefer Analog Devices Over ABB Ltd (ABB),2,twitter
Here Are 2 Key Catalysts for Kroger Stock in Fiscal 2020,2,twitter
"Here is What Hedge Funds Think About Advanced Energy Industries, Inc. (AEIS)",2,twitter
Here is What Hedge Funds Think About Antares Pharma Inc (NASDAQ:ATRS),2,twitter
Here is What Hedge Funds Think About Briggs & Stratton Corporation (BGG),2,twitter
Here is What Hedge Funds Think About Companhia Brasileira de Distrib.  (CBD),2,twitter
Here is What Hedge Funds Think About Guangshen Railway Co. Ltd  (GSH),2,twitter
Here is What Hedge Funds Think About Imperial Oil Limited (IMO),2,twitter
"Here is What Hedge Funds Think About Leggett & Platt, Inc. (LEG)",2,twitter
Here is What Hedge Funds Think About Monmouth Real Estate Investment Corporation (MNR),2,twitter
Here is What Hedge Funds Think About National Grid plc  (NGG),2,twitter
Here is What Hedge Funds Think About Power Integrations Inc (POWI),2,twitter
Here is What Hedge Funds Think About Xencor Inc (XNCR),2,twitter
Here’s What Analysts Are Saying About Hong Kong Stocks for 2020,2,twitter
Here's a Blue-Chip Stock You'd Probably Never Guess Would Profit From Marijuana Legalization,2,twitter
Here's How P/E Ratios Can Help Us Understand Open Text Corporation (NASDAQ:OTEX),2,twitter
"Here's What Air Transport Services Group, Inc.'s (NASDAQ:ATSG) P/E Ratio Is Telling Us",2,twitter
Here's What Analysts Are Forecasting For ConocoPhillips Company After Its Yearly Results,2,twitter
"Here's What Analysts Are Forecasting For Dolby Laboratories, Inc. After Its Latest Annual Results",2,twitter
"Here's What Analysts Are Forecasting For FireEye, Inc. After Its Annual Results",2,twitter
Here's What Analysts Are Forecasting For TD Ameritrade Holding Corporation After Its Latest Annual Results,2,twitter
Here's What Analysts Are Forecasting For zooplus AG After Its Latest Half-Year Results,2,twitter
Here's What Analysts Are Saying About Hong Kong Stocks for 2020,2,twitter
Here's What BW Offshore Limited's (OB:BWO) P/E Is Telling Us,2,twitter
Here's what has $ULTA stock sitting pretty: https://t.co/KyPKfasJmf,2,twitter
Here's What MSA Safety Incorporated's (NYSE:MSA) ROCE Can Tell Us,2,twitter
"Here's What NVR, Inc.'s (NYSE:NVR) ROCE Can Tell Us",2,twitter
Here's What We Think About Enterprise Financial Services Corp's (NASDAQ:EFSC) CEO Pay,2,twitter
"Here's What We Think About Orion Energy Systems, Inc.'s (NASDAQ:OESX) CEO Pay",2,twitter
Here's what's moving stocks into the close: https://t.co/WAaUPGAJUU,2,twitter
Here's Why Centrex Metals (ASX:CXM) Must Use Its Cash Wisely,2,twitter
Here's Why I Think Microsoft Is a Better Buy Than Amazon,2,twitter
Here's Why I Think Middlefield Banc (NASDAQ:MBCN) Is An Interesting Stock,2,twitter
Here's Why Magna International (TSE:MG) Can Manage Its Debt Responsibly,2,twitter
Here's Why Sino-Ocean Group Holding (HKG:3377) Has A Meaningful Debt Burden,2,twitter
Here's Why TORC Oil & Gas (TSE:TOG) Has A Meaningful Debt Burden,2,twitter
Here's Why We Think Aecon Group (TSE:ARE) Is Well Worth Watching,2,twitter
Here's Why We Think Ohio Valley Banc (NASDAQ:OVBC) Is Well Worth Watching,2,twitter
Here's Why We Think Shimao Property Holdings (HKG:813) Is Well Worth Watching,2,twitter
Here's Why We Think Wynn Resorts (NASDAQ:WYNN) Is Well Worth Watching,2,twitter
Here's Why We're Not At All Concerned With Akcea Therapeutics's (NASDAQ:AKCA) Cash Burn Situation,2,twitter
Here's Why We're Not Too Worried About Liberty Gold's (TSE:LGD) Cash Burn Situation,2,twitter
Here's Why We're Wary Of Buying Kin and Carta plc's (LON:KCT) For Its Upcoming Dividend,2,twitter
Here's Why We're Watching Mineworx Technologies's (CVE:MWX) Cash Burn Situation,2,twitter
"Highlight: 'Exxon definitely kind of has a counter-cyclical investment strategy right now,â€ @EdwardJones Analyst Je... https://t.co/IKlyfjyNHn",2,twitter
HOML,2,twitter
"How Does Consort Medical's (LON:CSRT) P/E Compare To Its Industry, After Its Big Share Price Gain?",2,twitter
"How Does CVR Energy, Inc. (NYSE:CVI) Fare As A Dividend Stock?",2,twitter
"How Does Enterprise Bancorp, Inc. (NASDAQ:EBTC) Fare As A Dividend Stock?",2,twitter
"How Does Funko's (NASDAQ:FNKO) P/E Compare To Its Industry, After The Share Price Drop?",2,twitter
How Does Investing In Ellomay Capital Ltd. (NYSEMKT:ELLO) Impact The Volatility Of Your Portfolio?,2,twitter
How Does Investing In Genovis AB (publ) (STO:GENO) Impact The Volatility Of Your Portfolio?,2,twitter
How Does Link Administration Holdings Limited (ASX:LNK) Fare As A Dividend Stock?,2,twitter
"How Does Perfect Shape Medical's (HKG:1830) P/E Compare To Its Industry, After Its Big Share Price Gain?",2,twitter
"How Dow 28,000 Can Rapidly Become Dow 30,000 and Even Higher in 2020",2,twitter
"How Good Is CENTROTEC Sustainable AG (ETR:CEV), When It Comes To ROE?",2,twitter
How Large Is Activision Blizzard’s Mobile Gaming Business?,2,twitter
How Many Canopy Growth Corporation (TSE:WEED) Shares Do Institutions Own?,2,twitter
How Many China Mengniu Dairy Company Limited (HKG:2319) Shares Do Institutions Own?,2,twitter
How Many Reliance Communications Limited (NSE:RCOM) Shares Do Institutions Own?,2,twitter
How Many The Clorox Company (NYSE:CLX) Shares Do Institutions Own?,2,twitter
How Much is ResMed Inc.'s (NYSE:RMD) CEO Getting Paid?,2,twitter
"How Much Of ACS, Actividades de Construcción y Servicios, S.A. (BME:ACS) Do Insiders Own?",2,twitter
"How Much Of Guangzhou Automobile Group Co., Ltd. (HKG:2238) Do Institutions Own?",2,twitter
How Much Tax Will I Owe on My Social Security Benefits?,2,twitter
"How Much Upside Is Too Much for Intel, AMD and Nvidia?",2,twitter
"How Should Investors Feel About KBR, Inc.'s (NYSE:KBR) CEO Pay?",2,twitter
How Should Investors React To Future plc's (LON:FUTR) CEO Pay?,2,twitter
How to find growth in stocks after a year of strong gains,2,twitter
How to Invest in Gas Stocks,2,twitter
How to Invest in Growth Stock Mutual Funds,2,twitter
HSAC,2,twitter
I Ran A Stock Scan For Earnings Growth And DMC Global (NASDAQ:BOOM) Passed With Ease,2,twitter
ICYMI,2,twitter
"ICYMI, @ViacomCBS is now on Nasdaq $VIAC! 

👋 to

@ParamountPics 
@MTV 
@Nickelodeon 
@ComedyCentral 
@BET… https://t.co/phNliFaKzX",2,twitter
"If You Had Bought Cenovus Energy (TSE:CVE) Stock Five Years Ago, You'd Be Sitting On A 56% Loss, Today",2,twitter
"If You Had Bought Manhattan Bridge Capital (NASDAQ:LOAN) Stock Five Years Ago, You Could Pocket A 118% Gain Today",2,twitter
If You Like EPS Growth Then Check Out Erie Indemnity (NASDAQ:ERIE) Before It's Too Late,2,twitter
If You Like EPS Growth Then Check Out John Bean Technologies (NYSE:JBT) Before It's Too Late,2,twitter
"I'm not an FA guy, but just heard a preview of Cathie Wood discussing $TSLA, which was interesting. 

Looking forwa... https://t.co/xxJOCGvt7y",2,twitter
Imagine Holding Dacian Gold (ASX:DCN) Shares While The Price Zoomed 377% Higher,2,twitter
Imagine Owning Caleres (NYSE:CAL) And Wondering If The 28% Share Price Slide Is Justified,2,twitter
Imagine Owning Hersha Hospitality Trust (NYSE:HT) While The Price Tanked 51%,2,twitter
Imagine Owning PICO Holdings (NASDAQ:PICO) And Wondering If The 42% Share Price Slide Is Justified,2,twitter
Imagine Owning Prestige Consumer Healthcare (NYSE:PBH) And Wondering If The 25% Share Price Slide Is Justified,2,twitter
"Insider Buying: The Amyris, Inc. (NASDAQ:AMRS) Independent Director Just Bought US$30m Worth Of Shares",2,twitter
Is $WDAY setting investors up for disappointment?  https://t.co/A12XLIAzvT,2,twitter
"Is ABM Industries, Inc. (ABM) A Good Stock To Buy?",2,twitter
"Is AeroVironment, Inc. (AVAV) A Good Stock To Buy?",2,twitter
Is Affimed NV (AFMD) Going to Burn These Hedge Funds?,2,twitter
"Is Alamo Group, Inc. (ALG) A Good Stock To Buy?",2,twitter
Is Alnylam Stock a Good Buy Now?,2,twitter
Is American Century Global Growth Investor (TWGGX) a Strong Mutual Fund Pick Right Now?,2,twitter
Is Aphria Stock a Buy?,2,twitter
Is Aphria the Best Large-Cap Cannabis Stock Right Now?,2,twitter
Is Applied Optoelectronics Inc (AAOI) A Good Stock To Buy?,2,twitter
"Is Archrock, Inc. (NYSE:AROC) A Good Stock To Buy?",2,twitter
"Is Arcus Biosciences, Inc. (NYSE:RCUS) A Good Stock To Buy?",2,twitter
Is Ares Commercial Real Estate Corp (ACRE) A Good Stock To Buy?,2,twitter
"Is Ashford Hospitality Trust, Inc. (AHT) Going to Burn These Hedge Funds?",2,twitter
Is Astra Microwave Products (NSE:ASTRAMICRO) A Risky Investment?,2,twitter
Is AT&T Inc. (NYSE:T) Creating Value For Shareholders?,2,twitter
"Is Atlantic Capital Bancshares, Inc. (ACBI) A Good Stock To Buy ?",2,twitter
"Is AVROBIO, Inc. (AVRO) Going to Burn These Hedge Funds?",2,twitter
Is BRP Inc. (DOOO) A Good Stock To Buy?,2,twitter
"Is CarMax, Inc.'s (NYSE:KMX) CEO Paid At A Competitive Rate?",2,twitter
Is Carpenter Technology Corporation (CRS) A Good Stock To Buy?,2,twitter
Is Celestica Inc. (TSE:CLS) Worth CA$10.4 Based On Its Intrinsic Value?,2,twitter
Is Chimerix Inc (CMRX) A Good Stock To Buy?,2,twitter
"Is China Lodging Group, Limited (HTHT) A Good Stock To Buy?",2,twitter
Is Chuy’s Holdings Inc (CHUY) A Good Stock To Buy ?,2,twitter
Is Cisco Systems Still On The Right Route?,2,twitter
Is Clean Energy Fuels Corp (CLNE) A Good Stock To Buy?,2,twitter
Is Colliers International Group Inc (CIGI) Going to Burn These Hedge Funds?,2,twitter
"Is Commercial Vehicle Group, Inc. (CVGI) Going to Burn These Hedge Funds?",2,twitter
Is Companhia de Saneamento Basico  (SBS) A Good Stock To Buy?,2,twitter
Is Computershare Limited's (ASX:CPU) CEO Salary Justified?,2,twitter
"Is ConnectOne Bancorp, Inc.'s (NASDAQ:CNOB) P/E Ratio Really That Good?",2,twitter
Is Corporacion America Airports SA (CAAP) A Good Stock To Buy?,2,twitter
Is Country Garden Holdings (HKG:2007) A Risky Investment?,2,twitter
Is Cronos Group Inc. (CRON) A Good Stock To Buy?,2,twitter
"Is CryoPort, Inc. (CYRX) A Good Stock To Buy?",2,twitter
Is Deutsche Bank AG (DB) Going to Burn These Hedge Funds?,2,twitter
Is Disney's maintained dividend a reason to leave investors with frozen hearts? $DIS  https://t.co/WwOKvQuEeh,2,twitter
"Is Energy Recovery, Inc. (ERII) A Good Stock To Buy?",2,twitter
"Is Enzo Biochem, Inc. (ENZ) Going To Burn These Hedge Funds ?",2,twitter
Is Evonik Industries AG (ETR:EVK) Trading At A 45% Discount?,2,twitter
Is Fidelity International Discovery (FIGRX) a Strong Mutual Fund Pick Right Now?,2,twitter
Is Finablr PLC (LON:FIN) Trading At A 30% Discount?,2,twitter
Is Finnair Oyj (HEL:FIA1S) Using Too Much Debt?,2,twitter
Is First Foundation Inc (FFWM) A Good Stock To Buy?,2,twitter
Is First Trust Dow Jones Global Select Dividend ETF (FGD) a Strong ETF Right Now?,2,twitter
Is Fortis Inc. (FTS) Going To Burn These Hedge Funds ?,2,twitter
Is Fortune Minerals (TSE:FT) A Risky Investment?,2,twitter
Is Genfit SA (EPA:GNFT) A Volatile Stock?,2,twitter
Is Glaukos Corporation (GKOS) Going to Burn These Hedge Funds?,2,twitter
Is Global X SuperDividend U.S. ETF (DIV) a Strong ETF Right Now?,2,twitter
Is Gol Linhas Aereas Inteligentes SA  (GOL) A Good Stock To Buy?,2,twitter
"Is Helios Technologies, Inc.'s (NASDAQ:HLIO) 11% ROE Better Than Average?",2,twitter
Is Hess Stock a Buy?,2,twitter
"Is HollyFrontier’s Plan for Growth, Shareholder Returns Good Enough?",2,twitter
Is Hollysys Automation Technologies Ltd (HOLI) A Good Stock To Buy?,2,twitter
Is Home Depot Stock a Buy?,2,twitter
Is Honda Motor Co Ltd  (HMC) A Good Stock To Buy?,2,twitter
"Is IDACORP, Inc. (NYSE:IDA) Excessively Paying Its CEO?",2,twitter
Is Ilika plc's (LON:IKA) CEO Overpaid Relative To Its Peers?,2,twitter
Is Imerys S.A. (EPA:NK) A Strong Dividend Stock?,2,twitter
Is Imperial Oil Limited's (TSE:IMO) ROE Of 11% Impressive?,2,twitter
Is Industrial Logistics Properties Trust (ILPT) A Good Stock To Buy?,2,twitter
Is INTL Fcstone Inc (INTL) A Good Stock To Buy?,2,twitter
Is Invacare Corporation (IVC) Going to Burn These Hedge Funds?,2,twitter
Is IQE (LON:IQE) Using Too Much Debt?,2,twitter
Is iRobot Corporation (IRBT) Going To Burn These Hedge Funds ?,2,twitter
Is iRobot Corporation's (NASDAQ:IRBT) ROE Of 13% Impressive?,2,twitter
Is Irsa Inversiones y Rprsntcins SA  (IRS) A Good Stock To Buy?,2,twitter
"Is It Smart To Buy The TJX Companies, Inc. (NYSE:TJX) Before It Goes Ex-Dividend?",2,twitter
Is It Too Late To Consider Buying Atlantic Power Corporation (TSE:ATP)?,2,twitter
Is It Too Late To Consider Buying Brady Corporation (NYSE:BRC)?,2,twitter
Is Jazz Pharmaceuticals plc's (NASDAQ:JAZZ) CEO Paid At A Competitive Rate?,2,twitter
Is Kerlink (EPA:ALKLK) Using Debt In A Risky Way?,2,twitter
Is Kite Realty Group Trust (KRG) A Good Stock To Buy?,2,twitter
"Is Lands’ End, Inc. (LE) A Good Stock To Buy?",2,twitter
Is Les Hôtels de Paris (EPA:HDP) Using Too Much Debt?,2,twitter
Is Lexington Realty Trust (NYSE:LXP) A Good Stock To Buy?,2,twitter
Is Liminal BioSciences (TSE:LMNL) Weighed On By Its Debt Load?,2,twitter
"Is LSC Communications, Inc. (LKSD) Is Burning These Hedge Funds",2,twitter
"Is Macy's, Inc.'s (NYSE:M) CEO Paid Enough Relative To Peers?",2,twitter
Is Masimo's Stock a Buy?,2,twitter
Is Merck's Decision to Slim Down a Buying Opportunity?,2,twitter
Is Microsoft Teams Eating Slack Alive?,2,twitter
"Is MoneyGram International, Inc.'s (NASDAQ:MGI) CEO Paid At A Competitive Rate?",2,twitter
Is New Oriental Education & Technology Group Inc. (NYSE:EDU) Trading At A 42% Discount?,2,twitter
Is New Senior Investment Group Inc (SNR) A Good Stock To Buy?,2,twitter
Is Nicox (EPA:COX) Using Too Much Debt?,2,twitter
Is Northern Graphite (CVE:NGC) In A Good Position To Deliver On Growth Plans?,2,twitter
"Is Now An Opportune Moment To Examine First Solar, Inc. (NASDAQ:FSLR)?",2,twitter
Is Now The Time To Look At Buying Avaya Holdings Corp. (NYSE:AVYA)?,2,twitter
Is Now The Time To Look At Buying Brookdale Senior Living Inc. (NYSE:BKD)?,2,twitter
"Is ONEOK, Inc.'s (NYSE:OKE) 20% ROE Better Than Average?",2,twitter
Is Orthofix International NV (OFIX) Going to Burn These Hedge Funds?,2,twitter
Is Otter Tail Corporation's (NASDAQ:OTTR) High P/E Ratio A Problem For Investors?,2,twitter
Is Pinnacle West Capital Corporation (NYSE:PNW) Worth US$86.8 Based On Its Intrinsic Value?,2,twitter
Is PPG Industries a Great Dividend Stock?,2,twitter
Is Public Storage a Good Dividend Stock Buy?,2,twitter
"Is Qorvo, Inc.'s (NASDAQ:QRVO) 5.9% ROE Worse Than Average?",2,twitter
"Is Roan Resources, Inc. (ROAN) A Good Stock To Buy ?",2,twitter
Is Sampo Oyj's (HEL:SAMPO) 10% ROE Better Than Average?,2,twitter
Is SFL Corporation Ltd.'s (NYSE:SFL) 8.2% ROE Worse Than Average?,2,twitter
Is Shopify Stock a Buy?,2,twitter
"Is Sinclair Broadcast Group, Inc. (NASDAQ:SBGI) An Attractive Dividend Stock?",2,twitter
Is Sistema Public Joint Stock Financial Corporation (MCX:AFKS) Trading At A 47% Discount?,2,twitter
"Is Sonos, Inc. (NASDAQ:SONO) Trading At A 47% Discount?",2,twitter
Is Southwest Airlines Co. (NYSE:LUV) A Smart Choice For Dividend Investors?,2,twitter
Is Spirit MTA REIT (SMTA) A Good Stock To Buy?,2,twitter
Is Stamps.com a First-Class Investment Again?,2,twitter
Is T. Rowe Price Institutional Africa&Mid-East (TRIAX) a Strong Mutual Fund Pick Right Now?,2,twitter
Is Taking Out That Personal Loan a Big Mistake?,2,twitter
"Is Técnicas Reunidas, S.A. (BME:TRE) Expensive For A Reason? A Look At Its Intrinsic Value",2,twitter
Is The Qatar Blockade Coming To An End?,2,twitter
"Is There An Opportunity With Altria Group, Inc.'s (NYSE:MO) 48% Undervaluation?",2,twitter
"Is There An Opportunity With HealthEquity, Inc.'s (NASDAQ:HQY) 42% Undervaluation?",2,twitter
Is This the Best Way to Invest in Outer Space?,2,twitter
Is This the Hottest Sector for 2020?,2,twitter
Is Tilray (NASDAQ:TLRY) Using Too Much Debt?,2,twitter
Is Trump Preparing A New Iran Nuclear Deal?,2,twitter
Is Welltower Inc. (WELL) A Good Stock To Buy?,2,twitter
"Is Westwood Holdings Group, Inc. (WHG) A Good Stock To Buy?",2,twitter
"Is WideOpenWest, Inc. (WOW) Going to Burn These Hedge Funds?",2,twitter
Is Wolters Kluwer (AMS:WKL) Using Too Much Debt?,2,twitter
"Is Xencor, Inc. (NASDAQ:XNCR) Trading At A 44% Discount?",2,twitter
iShares International Dividend ETF: A Global Winner - Seeking Alpha,2,twitter
"Just in: $TSLA lol 

https://t.co/yHyKcKaB9z",2,twitter
Know This Before Buying Fluor Corporation (NYSE:FLR) For Its Dividend,2,twitter
kr121 - That's What Analysts Think NIBE Industrier AB (publ) Is Worth After These Results,2,twitter
Latest Bitcoin Cash price and analysis (BCH to USD),2,twitter
Latest Bitcoin price and analysis (BTC to USD),2,twitter
LHC,2,twitter
LHC.U,2,twitter
LHC.W,2,twitter
LJPC,2,twitter
LKQ Has Large Option Traders' Attention After Big 2019 Run,2,twitter
LMPX,2,twitter
LTRPB,2,twitter
"Macy's, Coty, American Express: Stocks That Defined the Week #economy #MarketScreener https://t.co/ZvTalqviQm https://t.co/JqxjqEhOFU",2,twitter
Market Outlook Are Private Equity stocks losing their lustre? - CMC Markets,2,twitter
MEI Pharma Inc (NASDAQ:MEIP): Hedge Funds In Wait-and-See Mode,2,twitter
"Monday will be the first chance for insiders to sell stock from Crowdstrike since June's IPO, but the CEO says his… https://t.co/tK5sTy39mg",2,twitter
"More Is Needed To Break Through: Devon Energy Corporation (DVN), Analog Devices, Inc. (ADI) - TechnoRecorder",2,twitter
"More Is Needed To Break Through: Suncor Energy Inc. (SU), NIKE, Inc. (NKE) - TechnoRecorder",2,twitter
More records in store at the open,2,twitter
"Mueller Industries, Inc. (NYSE:MLI) Is Yielding 1.3% - But Is It A Buy?",2,twitter
My No.1 High-Yield Stock for 2019 Has Returned 53% This Year,2,twitter
"Myomo, Inc. (NYSEMKT:MYO): What Does Its Beta Value Mean For Your Portfolio?",2,twitter
"Nelnet, Inc. (NNI): Are Hedge Funds Right About This Stock?",2,twitter
Never Mind Canada’s Bank Stocks as Traders Bet on Life Insurers,2,twitter
New Frontier Corp (NFC): Hedge Funds Are Nibbling,2,twitter
"On 3/24 ScalpTrader took profits on remainder of $CVNA swing position for +90%, or +22 pts. Learn more and… https://t.co/d06pr24tdm",2,twitter
One of the top-performing beauty stocks could surge after 'Kylie Jenner' makeover - CNBC,2,twitter
One of the World's Best Investors Just Upped His Big Bet on Discovery,2,twitter
One Thing To Remember About The Silicon Motion Technology Corporation (NASDAQ:SIMO) Share Price,2,twitter
"One week in, Netflix's stock is weathering Disney+",2,twitter
"Opiant Pharmaceuticals, Inc. (OPNT): Hedge Funds Watching From Afar",2,twitter
Oslo Børs VPS : - CLOSING PRICES OBOSX FUTURES #OsloBørsVPS #Stock #MarketScreener https://t.co/vUWiGP6iQm https://t.co/LVf95ZgGNq,2,twitter
Oslo Børs VPS : Rate Fixing NO0010861081 2019-11-25 #OsloBørsVPS #Stock #MarketScreener https://t.co/OGI4mBP5KS https://t.co/tUUsDtTork,2,twitter
Ovaro Kiinteistösijoitus Oyj: OMIEN OSAKKEIDEN HANKINTA 10.12.2019 #Stock #MarketScreener https://t.co/59gn07LnmQ https://t.co/LdTZuTZVtM,2,twitter
Patience With Aurora Cannabis Will Pay Off in 2020,2,twitter
PECK,2,twitter
Penny Stocks On Robinhood To Watch On Monday - Penny Stocks,2,twitter
"Question on the transportation index $XTN $DJT 

Is the index not as relevant as it used to be with all the new mod… https://t.co/dyPpSbENfO",2,twitter
Race Oncology : Expiry of Unlisted Options #RaceOncology #Stock #MarketScreener https://t.co/ZWZCYs16Ih https://t.co/OFJXFQ2XL8,2,twitter
Read This Before You Buy The Marcus Corporation (NYSE:MCS) Because Of Its P/E Ratio,2,twitter
"Read This Before You Buy Twitter, Inc. (NYSE:TWTR) Because Of Its P/E Ratio",2,twitter
"Really starting to like the recent pullback in $HD .... showing hints of ""seller exhaustion"" down here ... look for… https://t.co/yYSKHVPq0x",2,twitter
"RECAP 11/22 Chatter:
$SQ + $JPM
$VHC - $AAPL patent award vacated
$FLOW + Unit sale to $APO
$X + Increases prices… https://t.co/Rnyo55slwT",2,twitter
"RECAP 12/10 Chatter:
$HOG + Vague Chatter
$IBM + Starboard
$FIT - $GOOGL Deal DOJ Probe
$TEN + $APO Powertrain Bid… https://t.co/Lq97sF4HGj",2,twitter
REITIR: Fallið frá sölu á Fosshálsi 5-11. #Stock #MarketScreener https://t.co/izsDnTF8Wh https://t.co/CmUfCaaCFh,2,twitter
"rolled $SMG Feb 115 calls up to 120, taking out $3.50",2,twitter
"Roughed-up telecom bounced yesterday, but JPMorgan almost no equity value",2,twitter
"Safety Insurance Group, Inc. (SAFT): Are Hedge Funds Right About This Stock?",2,twitter
Sarah Ketterer Buys 5 Stocks in 3rd Quarter,2,twitter
SBFGP,2,twitter
Seeing 15 minute indices ETF's getting a small bounce off the lows. Observation only,2,twitter
Sensient Technologies (NYSE:SXT) Has A Somewhat Strained Balance Sheet,2,twitter
shhh..Muddy probably already covered.,2,twitter
"Short trading day for me guys, im heading to Spain this afternoon, specifically to Coruna. It is the site of the Ro… https://t.co/ad0ysLn93G",2,twitter
Should I Buy or Sell Tesla Stock Right Now?,2,twitter
"Should Income Investors Look At National Bankshares, Inc. (NASDAQ:NKSH) Before Its Ex-Dividend?",2,twitter
"Should We Be Delighted With Delta Air Lines, Inc.'s (NYSE:DAL) ROE Of 31%?",2,twitter
"Should We Be Delighted With Huntington Ingalls Industries, Inc.'s (NYSE:HII) ROE Of 36%?",2,twitter
Should We Worry About Bryn Mawr Bank Corporation's (NASDAQ:BMTC) P/E Ratio?,2,twitter
Should We Worry About Monster Beverage Corporation's (NASDAQ:MNST) P/E Ratio?,2,twitter
"Should You Avoid Columbia Financial, Inc. (CLBK)?",2,twitter
Should You Avoid Ituran Location and Control Ltd. (ITRN)?,2,twitter
Should You Avoid Moneygram International Inc (MGI)?,2,twitter
Should You Be Adding Sterling Bancorp (Southfield MI) (NASDAQ:SBT) To Your Watchlist Today?,2,twitter
Should You Be Concerned About CVS Health Corporation's (NYSE:CVS) ROE?,2,twitter
"Should You Be Concerned About GSI Technology, Inc.'s (NASDAQ:GSIT) Historical Volatility?",2,twitter
Should You Be Impressed By Masimo Corporation's (NASDAQ:MASI) ROE?,2,twitter
Should You Be Pleased About The CEO Pay At American States Water Company's (NYSE:AWR),2,twitter
"Should You Be Pleased About The CEO Pay At F5 Networks, Inc.'s (NASDAQ:FFIV)",2,twitter
Should You Be Tempted To Sell Ecolab Inc. (NYSE:ECL) Because Of Its P/E Ratio?,2,twitter
Should You Be Worried About ON Semiconductor Corporation's (NASDAQ:ON) 6.4% Return On Equity?,2,twitter
Should You Buy Columbia Banking System Inc (COLB)?,2,twitter
Should You Buy Ecopetrol S.A. (EC)?,2,twitter
"Should You Buy Lee Enterprises, Incorporated (LEE)?",2,twitter
Should You Buy NVIDIA Stock At Its Current Valuation?,2,twitter
Should You Buy Two Harbors Investment Corp (TWO)?,2,twitter
Should You Buy Uber Now?,2,twitter
Should You Investigate STERIS plc (NYSE:STE) At US$149?,2,twitter
Should You Think About Buying Cintas Corporation (NASDAQ:CTAS) Now?,2,twitter
"Should You Think About Buying NV5 Global, Inc. (NASDAQ:NVEE) Now?",2,twitter
"Should You Worry About AcelRx Pharmaceuticals, Inc.'s (NASDAQ:ACRX) CEO Salary Level?",2,twitter
Should You Worry About Elia System Operator SA’s (EBR:ELI) ROCE?,2,twitter
Should You Worry About Helen of Troy Limited's (NASDAQ:HELE) CEO Pay?,2,twitter
Should You Worry About Lightbridge Corporation's (NASDAQ:LTBR) CEO Pay Cheque?,2,twitter
Siebert Financial : Hammering Away #SiebertFinancial #Stock #MarketScreener https://t.co/1Q6nzRKtdD https://t.co/ow4jAYrC4Z,2,twitter
Siebert Financial : Where there's a will&hellip; #SiebertFinancial #Stock #MarketScreener https://t.co/VxnmOhonJU https://t.co/YUOaI40zop,2,twitter
Smart Beta ETFs: A Marriage Between Active and Passive,2,twitter
Specialized ETFs may end up owning half of some companies' total shares one day soon. Here's a test case for what t... https://t.co/T1OcEulURv,2,twitter
Stakes For Bitcoin Are Highest Since The 2017 Bubble,2,twitter
"Stock Market Update: Apple trades in-line with broad market, but other FAANG stocks gain",2,twitter
Stock Values in Johannesburg So Low They’re Tough to Resist,2,twitter
"Stocks - Tiffany, Disney, Tesla Rise Premarket; Uber Falls",2,twitter
Stocks That Hit 52-Week Highs On Tuesday,2,twitter
"Stocks To Watch: Aster DM Health, AU Small Finance Bank, RIL, Sun Pharma",2,twitter
"Stocks to Watch: Facebook, Bed Bath and Beyond, Unilever, Fiat Chrysler, Netflix",2,twitter
TA Page SetUps: Slack $WORK: Dip-buying post-earnings could be an early read into a possible supply/demand shift-- https://t.co/v6W481eUIm,2,twitter
Taking A Look At OHB SE's (ETR:OHB) ROE,2,twitter
"Taxable FI, equity funds attract most inflows last week: Refinitiv Lipper",2,twitter
"Tesla's surge inspires fans to buy, skeptics to dig in, drives fear of missing out - Reuters",2,twitter
The 5 Best Finance Stocks of the Decade,2,twitter
The 5 Best Tech Stocks of the Decade,2,twitter
The Best Dividend Stocks Smart Investors Can Buy Right Now - Seeking Alpha,2,twitter
"The shoe fits, but can $FL stay that way https://t.co/tStUp4wtuM",2,twitter
These Hedge Funds Snapped Up AVX Corporation (AVX) Before Q4 Rally,2,twitter
These Were the 5 Best Solar Stocks of 2019,2,twitter
Third times the charm? $HPQ $XRX https://t.co/7qnFpf7Taj,2,twitter
"This Invisible Tech Stock Threatens Amazon with 800,000+ Online Stores",2,twitter
This Ultra-High-Yield Stock's Numbers Are Better Than They Look,2,twitter
Thomson Resources : Becoming a substantial holder #ThomsonResources #Stock #MarketScreener https://t.co/wbm8bQsVNp https://t.co/HdE0V6lSnl,2,twitter
Three Black Friday Dividend ETF Deals. Keep reading: https://t.co/m4ZCFgZ3WV #stockmarket #markets #investing,2,twitter
took $PANW #4,2,twitter
took $PLAY #4,2,twitter
Took some $SLS for tomorrow,2,twitter
Top and Flop ETFs of Last Week,2,twitter
Top Insider Buys Highlight for the Week of Dec. 13,2,twitter
Top stock picks for 2020: The best of the biggest https://t.co/QDI9PQJdzo,2,twitter
Transenterix Inc (TRXC): Are Hedge Funds Right About This Stock?,2,twitter
US$51.00 - That's What Analysts Think Grubhub Inc. Is Worth After These Results,2,twitter
Value Investor Bill Miller’s New Stock Picks,2,twitter
"VIDEO☞ https://t.co/sqsajlr4gl Stock Market Analysis 11/22/19
$SPY $QQQ $IWM $XLF $SMH $IBB $AAPL $C $BAC #AVWAP",2,twitter
Waitr Holdings Inc. (WTRH) Is Burning These Hedge Funds,2,twitter
Wall Street's 7 Highest-Rated Stocks to Buy,2,twitter
WBK,2,twitter
We're A Little Worried About Graphite One's (CVE:GPH) Cash Burn Rate,2,twitter
"Were Hedge Funds Right About Piling Into PlayAGS, Inc. (AGS)?",2,twitter
We're Keeping An Eye On Entera Bio's (NASDAQ:ENTX) Cash Burn Rate,2,twitter
We're Keeping An Eye On MOGU's (NYSE:MOGU) Cash Burn Rate,2,twitter
We're Keeping An Eye On Riot Blockchain's (NASDAQ:RIOT) Cash Burn Rate,2,twitter
We're Keeping An Eye On Sangamo Therapeutics's (NASDAQ:SGMO) Cash Burn Rate,2,twitter
We're Not Worried About MediciNova's (NASDAQ:MNOV) Cash Burn,2,twitter
What a day. $SPY $ANET $SAGE $TCCO https://t.co/0fdjJRmy2S,2,twitter
"What Can We Make Of Lithia Motors, Inc.’s (NYSE:LAD) High Return On Capital?",2,twitter
"What Can We Make Of Paychex, Inc.’s (NASDAQ:PAYX) High Return On Capital?",2,twitter
"What Does Crown Holdings, Inc.'s (NYSE:CCK) P/E Ratio Tell You?",2,twitter
"What Does MAXIMUS, Inc.'s (NYSE:MMS) Share Price Indicate?",2,twitter
What Does Minth Group Limited's (HKG:425) Share Price Indicate?,2,twitter
What Does New Jersey Resources Corporation's (NYSE:NJR) P/E Ratio Tell You?,2,twitter
What Is Evoqua Water Technologies Corp.'s (NYSE:AQUA) Share Price Doing?,2,twitter
What Is Investors Real Estate Trust's (NYSE:IRET) Share Price Doing?,2,twitter
"What Kind Of Investor Owns Most Of Cleveland BioLabs, Inc. (NASDAQ:CBLI)?",2,twitter
What Kind Of Investor Owns Most Of North American Construction Group Ltd. (TSE:NOA)?,2,twitter
"What Kind Of Investor Owns Most Of Ritter Pharmaceuticals, Inc. (NASDAQ:RTTR)?",2,twitter
What Kind Of Share Price Volatility Should You Expect For Dundee Precious Metals Inc. (TSE:DPM)?,2,twitter
What Kind Of Share Price Volatility Should You Expect For The Macerich Company (NYSE:MAC)?,2,twitter
What Kind Of Shareholder Appears On The Autolus Therapeutics plc's (NASDAQ:AUTL) Shareholder Register?,2,twitter
"What Kind Of Shareholder Appears On The Daktronics, Inc.'s (NASDAQ:DAKT) Shareholder Register?",2,twitter
"What Kind Of Shareholder Appears On The Evoke Pharma, Inc.'s (NASDAQ:EVOK) Shareholder Register?",2,twitter
"What Kind Of Shareholder Owns Most Akari Therapeutics, Plc (NASDAQ:AKTX) Stock?",2,twitter
"What Kind Of Shareholder Owns Most CTT - Correios De Portugal, S.A. (ELI:CTT) Stock?",2,twitter
What Kind Of Shareholder Owns Most IGG Inc (HKG:799) Stock?,2,twitter
"What Kind Of Shareholder Owns Most SAExploration Holdings, Inc. (NASDAQ:SAEX) Stock?",2,twitter
What Kind Of Shareholders Own Aben Resources Ltd. (CVE:ABN)?,2,twitter
What Kind Of Shareholders Own Freehold Royalties Ltd. (TSE:FRU)?,2,twitter
"What Kind Of Shareholders Own Newater Technology, Inc. (NASDAQ:NEWA)?",2,twitter
What Kind Of Shareholders Own PEDEVCO Corp. (NYSEMKT:PED)?,2,twitter
What Kind Of Shareholders Own Public Joint Stock Company Gazprom (MCX:GAZP)?,2,twitter
What Percentage Of Brown-Forman Corporation (NYSE:BF.B) Shares Do Insiders Own?,2,twitter
What Percentage Of CruzSur Energy Corp. (CVE:CZR) Shares Do Insiders Own?,2,twitter
What Type Of Shareholder Owns Real Matters Inc.'s (TSE:REAL)?,2,twitter
"What You Must Know About Applied Optoelectronics, Inc.'s (NASDAQ:AAOI) Beta Value",2,twitter
What You Must Know About Preferred Bank's (NASDAQ:PFBC) Beta Value,2,twitter
"When Should You Buy Lincoln Electric Holdings, Inc. (NASDAQ:LECO)?",2,twitter
When Should You Buy Packaging Corporation of America (NYSE:PKG)?,2,twitter
When Will Amarin Stock Sell-Off Be Over?,2,twitter
Where will the Dow go from here?,2,twitter
Which Athleisure Stock Is the Best Buy Today?,2,twitter
Which Tech Mutual Fund to Buy: FWRLX or KTCAX?,2,twitter
Why 4 Coveted REITs May Be Among the Safest 2020 Income Vehicles,2,twitter
Why Walgreens Could Be Valued At $71/Share In A Leveraged Buyout,2,twitter
Will 3M Raise Its Dividend in 2020?,2,twitter
Will Adobe Continue Top Line Growth In FY 2020?,2,twitter
Will Caterpillar Raise Its Dividend in 2020?,2,twitter
Will Five Below Continue to Be Volatile in 2020?,2,twitter
Will Gamida Cell (NASDAQ:GMDA) Spend Its Cash Wisely?,2,twitter
Will Home Depot Raise Its Dividend in 2020?,2,twitter
Will Lowe's Raise Its Dividend in 2020?,2,twitter
Will Medicines Co Be the Next Target of Novartis?,2,twitter
Will Salesforce.com’s Volatility Continue into Next Year?,2,twitter
"Winnebago Industries, Inc. (WGO): Are Hedge Funds Right About This Stock?",2,twitter
"With EPS Growth And More, Gencor Industries (NASDAQ:GENC) Is Interesting",2,twitter
Would Games Workshop Group PLC (LON:GAW) Be Valuable To Income Investors?,2,twitter
$ADMP - Adamis Pharma -61% on FDA's Zimhi rejection https://t.co/JgCdMtpiZO,0,twitter
"$AMRH (-8.7% pre) AMERI Holdings (AMRH) Announces 1-for-25 Reverse Stock Split to Regain Nasdaq Compliance

https://t.co/XP3DTVbbMM",0,twitter
"$ASLN $KZIA $XXII - KL, CBAY among premarket losers https://t.co/ITIV0JhjBM",0,twitter
$AYTU (-1.3% pre) Aytu BioScience Receives $23.0 Million from Warrant Exercises - SI https://t.co/i7KwoMuVvr,0,twitter
$BXC (-3.5% pre) Form S-3 BlueLinx Holdings Inc. https://t.co/3hpRHqTF4a,0,twitter
$CBAY (-76.9% pre) CymaBay Therapeutics Halts Clinical Development of Seladelpar - GN https://t.co/GZdaOP9sfB,0,twitter
$CTSO (-18.9% pre) Cytosorbents (CTSO) temporarily pauses enrollment of its REFRESH 2-AKI study at the recommendati… https://t.co/3AacitcwiA,0,twitter
$DIS - Disney -1.5% as Wells moves to side on parks worries https://t.co/KpVmXMYUHb,0,twitter
$EDU - New Oriental -4% after rival discloses employee wrongdoing https://t.co/KWUtDIdiBI,0,twitter
$FL - Foot Locker -5% after Telsey warning https://t.co/Zy2fcVSr5c,0,twitter
$GME - GameStop -15% as sales evaporate https://t.co/vY8yNu0ddk,0,twitter
"$HD is down 10% to $213 a share since Nov. 18, just before the company beat expectations on third-quarter earnings… https://t.co/jSqHG82RCz",0,twitter
$IIVI - II-VI -7.8% after downside Q3 outlook https://t.co/JI8htQY7Y3,0,twitter
"$IQ $BIDU - IQIYI -4% after short calls, report https://t.co/DJfC40Fgwz",0,twitter
$KFY - Korn Ferry -2.4% on weak margins https://t.co/DW3Z3lK3PM,0,twitter
"$KL (-10.8% pre) Kirkland Lake Gold (KL) to Acquire Detour Gold (DRGDF) in Stock Deal Valued at C$4.9 Billion - SI

https://t.co/c0Lo8LtbaY",0,twitter
$MELI - MercadoLibre slips after margin miss https://t.co/1lZIGxchpa,0,twitter
$MIME - Mimecast -7.6% after downside Q4 EBITDA forecast https://t.co/8G2xiPDACC,0,twitter
$MRLN - Marlin Business Services -3.3% post Q4 results https://t.co/bS3t6QMQYJ,0,twitter
"$MYO $YTEN - BHVN, JE among premarket losers https://t.co/a4N8cG2Jq6",0,twitter
"$NFLX (-0.7% pre) Wells Fargo Downgrades Netflix (NFLX) to Underperform on Free Cash Flow Concerns, Still Sees Acqu… https://t.co/D9EZor24lS",0,twitter
"$ONCS $CODX $EURN - CIM, EURN among premarke losers https://t.co/vZ1VLfePly",0,twitter
"$QD (+1.8% pre) Qudian Inc. Announces Cancellation of 26,169,241 ADSs Purchased Under Share Repurchase Program, Rep… https://t.co/OgviZEQIos",0,twitter
$QTT - Qutoutiao slides after short-seller report https://t.co/x2eEzFyy2Y,0,twitter
$RCKT - Rocket Pharma down 5% after hours on equity offering https://t.co/sh8CK8vyUS,0,twitter
$RNG - RingCentral: 40%+ Downside Due To Covid 19 Market Share Losses. https://t.co/X0hJzUMTD8 #stockmarket #finance #economy,0,twitter
$ROAD - Construction Partners slips 19% post Q4 results miss; provides FY20 outlook https://t.co/00R6LD8U3K,0,twitter
$SAEX (-9.8% pre) SAExploration Announces Receipt of Nasdaq Non-Compliance Letter - SI https://t.co/6o6zRnnfsf,0,twitter
$SAVE $AAL $UAL - Airline stocks bid down on traffic concerns https://t.co/5qWAKlU1Na,0,twitter
$SCANX: Large cap notable movers of interest -- BioNTech (BNTX) pulls back on above average volume https://t.co/iw2wzBPwnu,0,twitter
$SEAC (-20.1% pre) SeaChange International Reports Fourth Quarter and Fiscal Year 2020 Financial Results - Accesswi… https://t.co/ZvnpKTeTnm,0,twitter
$SHEN $SHEN $TMUS - Shentel falls after updating on T-Mobile affiliate talks https://t.co/QRzbYGeN4x,0,twitter
$TAL - TAL Education -23% after fraud disclosure https://t.co/rj4urxOYLD,0,twitter
"$UBER (-4.2% pre) Uber Loses London License Over Concerns for Rider Safety - BBG

https://t.co/zWmQdMXTcr",0,twitter
$VRNS - Varonis -6% on wider-than-expected loss forecast https://t.co/bI9ePk3ikY,0,twitter
$WBK - Westpac falls again as heat intensifies https://t.co/UdNrWGewdF,0,twitter
$WWE - WWE -3.1% amid two-notch cut at Wells Fargo https://t.co/bXmi4CknQL,0,twitter
$XERS - Xeris Pharma launches equity offering; shares down 3% after hours https://t.co/CyNLP2rS7J,0,twitter
$ZM (-2.0% pre) Taiwan is taking cybersecurity seriously by banning the use of Zoom in government - Quartz https://t.co/zK7kcySMev,0,twitter
$ZOM - Zomedica readies equity offering; shares down 12% after hours https://t.co/NUoOoRsvkA,0,twitter
Abiomed down 9% on study questioning value of impella heart pump,0,twitter
"ACB, MYGN among premarket losers",0,twitter
Achieve Life Sciences down 34% after pricing equity offering,0,twitter
Adamas down 40% as investors react to Gocovri effect in MS study,0,twitter
Adamas Pharma plunges after mixed results in MS trial,0,twitter
ADMA Biologics down 9% premarket after pricing equity offering,0,twitter
"AGCO -4.2% on Q4 miss, soft guidance",0,twitter
Amarin down 6% after Vascepa-stoked run-up; lack of effect in plaque study,0,twitter
Amarin slips 3% on bearish coverage,0,twitter
Anixa Bio down 16% on extended timeline for CAR T candidate,0,twitter
Apparel stocks tumble after a pair of disappointing earnings https://t.co/qAD1ECHinA @business https://t.co/WuwTQCOCOL,0,twitter
"AQST, PHR among premarket losers",0,twitter
Arbutus bails on AB-452; shares down 15% premarket,0,twitter
Assembly Bio down 6% premarket on pricing public offering,0,twitter
Athenex shares fall 19% in morning trading,0,twitter
ATyr Pharma down 4% premarket after pricing equity offering,0,twitter
"Aurora Cannabis extends premarket losses, now down 5%",0,twitter
Aurora Cannabis Sinks on Bad News Dump Analysts Fear Won’t End,0,twitter
Aurora Cannabis stock slides 16% premarket,0,twitter
"Aurora Cannabis’s stock in decline; CEO is out, cost cuts announced",0,twitter
Autoliv -2% after setting new targets,0,twitter
Aytu Bio's FQ1 miss-stoked selloff continues; shares down 17% premarket,0,twitter
"BDX, GLOP among premarket losers",0,twitter
Bear Signal Calls BIG Stock’s Rally Reversal,0,twitter
Biohaven Stock Slides More Than 8% on Drug Trial Failure,0,twitter
"Bitcoin sinks to lowest level since May, falling $3,000 in a month as China accelerates crackdown https://t.co/l03Dq6aRu5",0,twitter
Bitcoin slides to six-month low as China warns of risks https://t.co/b6HuCtpHBd,0,twitter
"Bitcoin: A Drop Below $8,000 Opens the Doors Toward $5,000",0,twitter
Boeing’s stock hit by NTSB recommendation of ‘more robust’ 737-700 redesign,0,twitter
Boeing’s stock is headed for its 12th decline in the past 14 sessions,0,twitter
Boeing's stock dives after NTSB recommends 'more robust redesign' of 737-700s,0,twitter
Brink's down on earnings miss,0,twitter
Canada Goose -10% after hacking guidance due to coronavirus,0,twitter
"Canada Goose Cuts Forecast on Coronavirus Impact, Shares Plunge",0,twitter
Canada Goose Drops After Cutting Forecast on Drag From Virus,0,twitter
Canada Goose shares slump on warning over virus impact,0,twitter
Canada Goose's stock tumbles 14% toward a 2-yr. year premarket after Q3 results,0,twitter
Canada Goose's stock tumbles after revenue outlook slashed as coronavirus has 'material negative impact',0,twitter
"Casper Sleep shares slide 13% on second day of trading, falling below $12 IPO issue price",0,twitter
"Casper Sleep shares slide 5% to trade at $10.46, below $12 IPO price",0,twitter
"Casper Sleep stock down 12% on second day of trading, falls below IPO issue price",0,twitter
Casper Sleep stock languishes below IPO issue price after falling 5%,0,twitter
Chesapeake Energy's stock drops toward 25-year closing low as oil pulls back,0,twitter
China's 21Vianet Group -3.4% on Q3 report,0,twitter
China's Pinduoduo posts bigger loss as costs surge; shares tumble,0,twitter
Ciena -2.5% after earnings miss,0,twitter
Collegium launches convertible debt offering; shares down 10%,0,twitter
"Comparable sales missed estimates at Home Depot, shares down 4.6% premarket",0,twitter
Corbus Pharma down 13% premarket after pricing equity offering,0,twitter
Costco shares fall 1.9% as analysts view latest quarter as good but not stellar,0,twitter
Credit Suisse shares slump after Thiam's resignation,0,twitter
CRISPR Therapeutics down 4% premarket on initial CTX001 data,0,twitter
CRISPR Therapeutics down 5% after hours on equity offering,0,twitter
CymaBat halts trial of seladelpar; shares dip 4%,0,twitter
CymaBay shares fall 77% on halted trial,0,twitter
CymaBay Therapeutics shares down 77% premarket after resuming trade following halt,0,twitter
Digital Turbine -5% after Q3 revenue miss,0,twitter
DMCI continues slide as government cancels extension of water concession deals - BusinessWorld Online,0,twitter
Evolent down 6% on loss of key contract in NY,0,twitter
"Exxon, Chevron results augur tough year ahead, shares drop 3% #economy #MarketScreener https://t.co/sABok0wweo https://t.co/BYDIfnQivg",0,twitter
"Ford Stock Hit by CEO, China and Lack of Product",0,twitter
Funko Stock Decimated Ahead of Massive Earnings Miss,0,twitter
"Funko stock plummets 39%, shares downgraded after holiday season weakness",0,twitter
Funko's stock plunges 39% premarket toward near 2-yr. low after Q4 warning late Wednesday,0,twitter
GAMESTOP TUMBLES 15% AFTER MISSING 3Q COMP SALES ESTIMATE,0,twitter
Glu Mobile Inc. (GLUU) Sinks -2.71% Today: Breaking Down The Root Causes - Find News,0,twitter
Gorman-Rupp slips 6% post Q4 results miss,0,twitter
GrubHub stock falls after D.A. Davidson turns bearish,0,twitter
Hanesbrands -2% after rare bear call,0,twitter
Hanesbrands trickles lower after operating profit miss,0,twitter
Hargreaves top investor sells shares at discount; stock drops,0,twitter
Hertz and Avis slide after Lyft announces car rental service,0,twitter
"Home Depot cuts 2019 forecast after sales miss, shares drop",0,twitter
Home Depot Falls Sharply After Release of 3rd-Quarter Results,0,twitter
"Home Depot sales miss, shares plunge",0,twitter
Home Depot's stock selloff a 78-point drag on the Dow,0,twitter
"HP down 5% after Xerox bid rejection, counter offer hints",0,twitter
Intelsat -17.5% as Pai calls for public C-band auction,0,twitter
InVivo launches equity offering; shares down 17%,0,twitter
Kellogg -6% after profit outlook disappoints,0,twitter
Kellogg stock falls after weak guidance,0,twitter
Kellogg's stock falls 3.5% premarket after Q4 results,0,twitter
Kohl's cuts annual profit forecast after disappointing results; shares slump,0,twitter
Kohl's shares slide 10.5% in premarket trade,0,twitter
"Kohl's shares tank on earnings miss, retailer cuts fiscal 2019 earnings outlook",0,twitter
Kohl's warning sends J.C. Penney and Dillard's lower,0,twitter
"La Jolla shares fall on CEO departure, clinical trial results",0,twitter
LogicBio -26% as FDA puts hold on LB-001,0,twitter
Lowe's stock falls 2.0% premarket in wake of Home Depot's disappointing Q3 report,0,twitter
Luckin Coffee stock sinks after anonymous report alleges fraud https://t.co/elHwFb5IXA,0,twitter
Luminex Q4 cash flow up 24%; shares slip 1% after hours of soft Q1 outlook,0,twitter
Macy’s Slumps as Website Hack Adds to Department-Store Malaise,0,twitter
Macy's -6% as hard hats come out for earnings,0,twitter
Macy's stock down 3.8% premarket,0,twitter
Marvell stock falls after Cowen double downgrade,0,twitter
MAXIMUS -2.9% post Q4 results,0,twitter
MGM Growth falls 1.1% after starting share offering,0,twitter
"Microsoft : Zoom shares slip over security concerns, rising competition #Microsoft #Stock #MarketScreener… https://t.co/NPFlQNuvrh",0,twitter
MiRagen down 24% after pricing equity offering,0,twitter
OncoSec Medical down 13% despite positive TOVA data in TNBC,0,twitter
"PDD, URBN among premarket losers",0,twitter
"Peloton stock plummets after the company reports widening loss, slowing revenue",0,twitter
Penn National Gaming -4% after earnings,0,twitter
"Perspecta -18% after Navy contract loss, downgrade",0,twitter
Pinduoduo stock sinks on heavy volume after earnings,0,twitter
Pinduoduo's stock plunges 23% premarket on heavy volume after Q3 results,0,twitter
Popular Irish ETF skids lower after Sinn Fein election win,0,twitter
Qualcomm Shares Dip Even After Q1 Earnings Beat Over China Coronavirus Outlook,0,twitter
Qudian sinks 5.3% after year guidance revenue shrinks,0,twitter
Rapt Therapeutics down 9% premarket after pricing equity offering,0,twitter
Royal Mail shares slump on lowered mail volume guidance,0,twitter
Salarius Pharma down 53% premarket after pricing equity offering,0,twitter
Satellite stock Intelsat drops 40% after FCC 5G decision,0,twitter
SciPlay -7.6% after two-notch downgrade,0,twitter
Shares of mattress company Casper fall below IPO price in Day 2 on NYSE,0,twitter
Silvercorp -20% as quarterly silver sales volumes remain flat,0,twitter
"Simply Good Foods trades lower despite strong Q2 upside as virus concerns      
linger (SMPL) https://t.co/sJA3yEsiVc $SMPL",0,twitter
Sinclair Broadcast -1.9% as Stephens cuts target,0,twitter
Some Nucor (NYSE:NUE) Shareholders Are Down 11%,0,twitter
"Stock Market Update: Macy's shares slide on retail weakness, potential credit card breach",0,twitter
Tesla Inc. slumped in pre-market trading after the electric carmaker’s newly unveiled pickup truck elicited mixed r… https://t.co/KDcJiSWCOp,0,twitter
Tesla shares dropped after a botched unveiling of its long-awaited Cybertruck. A demonstration of the truck's suppo… https://t.co/8fo3jp9Dam,0,twitter
Tesla shares plummet as it plans delay to Model 3 deliveries in China due to coronavirus. https://t.co/q6OYKcdQ5Z https://t.co/aij4iYf04h,0,twitter
Tesla’s stock-market skid continues with 4% decline at opening bell Thursday,0,twitter
"Tesla's stock fall premarket; RBC reiterates bearish view, but warns not to short",0,twitter
"Tesla's stock falls 2.1% premarket, after tumbling 17.2% on Wednesday",0,twitter
The Stars Group falls after share offering,0,twitter
Theravance readies $150M stock offering; shares down 5% after hours,0,twitter
TJX's stock falls 1.3% premarket ahead of Q3 results,0,twitter
T-Mobile US stock down 1.4% premarket,0,twitter
TransDigm trades lower post mixed Q4 results; guides FY20 below consensus,0,twitter
Twitter -3.5% in pullback after double-digit gain,0,twitter
Twitter stock falls after downgrade,0,twitter
Tyson Foods's stock falls 1.6% premarket after Q1 results,0,twitter
Tyson stock slips after sales miss,0,twitter
Uber Shares Tumble 6% In Premarket As London Again Revokes Operating License https://t.co/rwgO8ouPtq,0,twitter
Ubiquiti slides amid revenue shortfall,0,twitter
Unilever Plunges 8% After Disappointing Guidance Update,0,twitter
UPDATE 2-China's Pinduoduo posts bigger loss as costs surge; shares tumble,0,twitter
"Urban Outfitters shares plunge on profit, sales miss",0,twitter
Urban Outfitters stock down 9% after Q3 results,0,twitter
"Urban Outfitters stock tanks after Q3 profit, sales misses",0,twitter
VF Corp. shares slide 1.9% premarket,0,twitter
Wayfair stumbles after Citron takes another whack,0,twitter
Whirlpool -2% after large recall in U.K.,0,twitter
Why ADMA Biologics Is Tumbling 13.5% Today,0,twitter
"WWE shares plunged, erasing more than $1 billion in market value, after CEO Vince McMahon ousted two of the company... https://t.co/nj8uvTfqYp",0,twitter
"WWE's stock plunges toward 21-month low after sales miss, 'considerable uncertainty' in outlook",0,twitter
Xeris Pharma launches equity offering; shares down 3% after hours,0,twitter
Yum Brands -3% after profit miss,0,twitter
Yum Brands' stock tumbles as coronavirus and Pizza Hut's weak sales expected to hit 2020 results,0,twitter
Zoom shares get whacked over privacy concerns #economy #MarketScreener https://t.co/nhvqnJfysH https://t.co/sGId3aQEuy,0,twitter
$AAL $DAL $UAL - United +18% leads big bounce in airlines https://t.co/Bi0wI3Qc83,1,twitter
$ACB - Aurora Cannabis sets early conversion price; shares tick higher https://t.co/VvLbYjQbsc,1,twitter
$ACB (+0.4% pre) Aurora Cannabis sets early conversion price - SA https://t.co/3CJO7WKWyx,1,twitter
"$ADRO - Aduro adds to rally as bargain hunters move in, shares up 18% https://t.co/LJGEhTKbha",1,twitter
$AGIO (+2.3% pre) Agios Pharma higher amid new vorasidenib progress - SA https://t.co/UFqFZoyHTI,1,twitter
$AIHS reversal is taking place. Could pop over 70c.,1,twitter
$AKCA (+1.0% pre) Akcea and Ionis $IONS launch late-stage AKCEA-TTR-LRx study - SA https://t.co/2uyAbK08j0,1,twitter
$AKER - Akers Biosciences up 62% on advancement of COVID-19 vaccine https://t.co/1a5Q8svZz1,1,twitter
$AMC - AMC Entertainment rallies after big Frozen 2 weekend https://t.co/mJNeMgGkIB,1,twitter
$AMT - American Tower +2.1% after Wells upgrade to Overweight https://t.co/GtgsMNud41,1,twitter
"$AMTD (+1.3% pre) Charles Schwab $SCHW to buy TD Ameritrade in $26 billion all-stock deal - Reuters

https://t.co/KGPqP2jfkW",1,twitter
"$ANAB (+11.8% pre) Form SC 13G ANAPTYSBIO, INC Filed by: TANG CAPITAL PARTNERS LP

https://t.co/n2fsglvR85",1,twitter
$ANGO - AngioDynamics +4% premarket on Q3 beat; 2020 guidance withdrawn https://t.co/BqOiDItlb7,1,twitter
"$APRN (+7.7% pre) D. E. Shaw & Co., INC. Shows 5.2% Stake in Blue Apron - SI

https://t.co/O7Z7TCLULv",1,twitter
$AQST (+13.1% pre) Aquestive Therapeutics (AQST) Confirms FDA Approval for Exservan Oral Film - SI https://t.co/v1NbWysR1p,1,twitter
$ARWR - Arrowhead Pharma up 5% after Medicines Co. sale https://t.co/jT9j7V6AdL,1,twitter
"$BABA (+0.9% pre) India’s Paytm Secures $1 Billion Investment From SoftBank, Ant Financial - WSJ https://t.co/te2gKEhrdY",1,twitter
$BB keeps going higher on volume.,1,twitter
$BIG - Shorts fried as Big Lots jumps 26% post-results https://t.co/3ysho6bhAo,1,twitter
"$BIMI - BOQI Medical latest to capture coronavirus money flow, up 44% https://t.co/bAQX4nKz2g",1,twitter
"$BLMN $EAT $SBUX - Restaurants stocks break higher, analysts reel in near-term expectations https://t.co/fOjVVJdfF0",1,twitter
$BLRX - BioLineRx up big ahead of key data readout https://t.co/umTYO3kqxV,1,twitter
"$BNGO $PLAG $PYX - TSLA, INO among premarket gainers https://t.co/0NTkekIKKF",1,twitter
"$BZH (+0.0% pre) Beazer Homes Announces Preliminary Operating Results - BW

https://t.co/k8WmDPkaeC",1,twitter
$CAMT - Camtek surge 8% as Q1 shipments in-line with guidance https://t.co/hJtWmuE9GD,1,twitter
"$CANF - Can-Fite up 22% premarket on ""positive"" Namodenonson data in NASH https://t.co/iV5errVN6S",1,twitter
$CCL $RCL $NCLH - Saudis take stake in Carnival Corp. - shares up 27% https://t.co/N6fXBcFuEV,1,twitter
"$CERN (+0.9% pre) VA hits pause on Cerner EHR rollout amid coronavirus crisis - HealthCare IT

https://t.co/sJTM4qOf6Q",1,twitter
"$CGC (+3.7% pre) Canopy Growth (CGC) Announces Health Canada Licence for State-Of-The-Art Beverage Facility - SI

https://t.co/ipwGAQXP9O",1,twitter
"$CLR (+4.3% pre) Continental Resources suspends dividend amid coronavirus woes - Reuters

https://t.co/tqpAqQbJR1",1,twitter
$CMTL - Comtech +18.5% after $9M Army order https://t.co/8mXFWsczTZ,1,twitter
$CMTL $CMTL $CHL - Comtech +14.5% after order from top Chinese carrier https://t.co/4cqV5fnS1O,1,twitter
"$CNA - CNA +6.8% after dividend boost, Q4 beat https://t.co/v1mYBBWCLX",1,twitter
$CODX - Co-Diagnostics up 36% on coronavirus test sales https://t.co/9n04iW4k0X,1,twitter
$CY (+1.7% pre) Infineon Technologies $INFN : announces final regulatory approval for acquisition of Cypress Semico… https://t.co/PJDZnNMXdG,1,twitter
$DDS $M $KSS - Department store stocks bounce off lows https://t.co/Kk4vN35Ms1,1,twitter
$DIS (+0.6% pre) “Frozen 2” Walt Disney Animation Studios’ Highest Grossing Debut Ever https://t.co/SksjdnI6s7,1,twitter
$DKS - Dick's Sporting Goods +2% after BAML upgrade https://t.co/e8IUnAUiuk,1,twitter
$DVA - DaVita Q4 earnings up 51%; shares up 4% after hours https://t.co/CDXnnSXb3d,1,twitter
$EBAY - EBay +6% after selling StubHub https://t.co/Ygks1CTWVq,1,twitter
"$EBAY (+4.5% pre) EBay Nears Deal to Sell StubHub to Viagogo for Roughly $4 Billion - WSJ

https://t.co/q2yt7uxGo7",1,twitter
"$EE (+0.0% pre) El Paso Electric and IIF Move Towards Final Steps in Acquisition Process - CTFN

https://t.co/n6sVkgYTNE",1,twitter
$EGRX - Eagle Pharma set to refile Ryanodex NDA; shares ahead 5% https://t.co/7mTlIJa4w1,1,twitter
$ENDV - Endonovo up 35% on SofPulse collaboration https://t.co/rawjiFBbti,1,twitter
$ENLC - EnLink Midstream rallies on back of Devon Energy's STACK partnership https://t.co/shC2xdm3Jo,1,twitter
$ENOB - Enochian Bio +18% premarket on acquiring exclusive license for HBV https://t.co/9SXw58tWGV,1,twitter
$FIZZ - National Beverage +4% as analysts keep scrambling https://t.co/JoctxfxaLB,1,twitter
"$FLS (+3.1% pre) Flowserve (FLS) Withdraws 2020 Full Year Guidance - SI

https://t.co/mVuniyUe3Q",1,twitter
$GCI - Gannett +57% after firing off poison pill https://t.co/n0FIGLJWuh,1,twitter
"$GCI (+100.0% pre) Gannett adopts poison pill, stock soars after closing at record low - MW

https://t.co/0fMpaiyYAc",1,twitter
"$GE (+0.3% pre) GE brings in shipper Maersk's CFO as finance head - Reuters

https://t.co/wLBOZIdjJu",1,twitter
$GNMK - GenMark Q1 revenue up big on COVID-19 boost; shares up 29% after hours https://t.co/o7VmZuMMqc,1,twitter
"$HPQ (+0.8% pre) HP reiterates its rejection of Xerox's $XRX offer to buy the company - Reuters

https://t.co/5XPwX0QNXa",1,twitter
"$ICPT (+5.5% pre) Intercept Pharma (ICPT) NDA for OCA Accepted by FDA, Grants Priority Review - SI https://t.co/W715mhpgvU",1,twitter
$IDRA - Idera jumps 39% after hours on bullish capital raise https://t.co/bFAxayhnj8,1,twitter
$IESC - IES Holdings +8% post Q4 results https://t.co/wPU8BfYNv2,1,twitter
$IHG $PK $MAR - Hotels stocks gain as peak pandemic seems near https://t.co/G4f03xNzNl,1,twitter
$IMMU (+3.2% pre) FDA GRANTS FAST TRACK DESIGNATION TO SACITUZUMAB GOVITECAN FOR NEOADJUVANT/ADJUVANT METASTATIC UR… https://t.co/eNGyHs2SNz,1,twitter
$IMMU: Immunomedics shares surge over 100% pre-market after it announced the ASCENT study will be stopped for... https://t.co/0xFpFCxbwk,1,twitter
$INO - Inovio on go with study of INO-3107 for rare HPV disorder; shares up 15% https://t.co/Pd5qkpU2Jy,1,twitter
$INPX new intraday high. CV angle. Covid-19 event on Wednesday.,1,twitter
$IWM opens up 4% above its recent range and value area for Apr OpEx cycle,1,twitter
"$JAN $LIVX $ANAB - MDCO, TIF among premarket gainers https://t.co/vVWcviZn0v",1,twitter
"$JEC (+2.5% pre) Jacobs Engineering (JEC) Tops Q4 EPS by 18c, Revenues Beat - SI

https://t.co/ZbreKdJfYU",1,twitter
$KHC - Kraft +3% after sales update https://t.co/eAFo7YSXIl,1,twitter
"$KHC (+4.2% pre) Kraft Heinz stock rises on expected first-quarter sales gain - MW

https://t.co/hYupgnRQ86",1,twitter
$LB - L Brands pushed higher on report of strategic review https://t.co/FhPu4fhahg,1,twitter
"$LEVI - Levi Strauss +4% after earnings topper, update on China https://t.co/OPiFbkjYwV",1,twitter
$LIVX - LiveXLive +23% on Samsung tie-up https://t.co/HDN8ZAyeBa,1,twitter
"$LMNX (+10.8% pre) Luminex Corporation Pre-Release of 1st Quarter Revenue - P&T

https://t.co/pKKqm9kU8k",1,twitter
$LVGO (+1.9% pre) Livongo Announces Preliminary First Quarter 2020 Revenue; Exceeds Previously Announced Guidance -… https://t.co/XD54XBBrdz,1,twitter
"$MATX (+0.0% pre) Matson (MATX) withdraws its financial outlook for the full year 2020 - SI

https://t.co/EjIfTP1dYJ",1,twitter
$MBOT (+1.5% pre) Global Jurisdictions Continue to Recognize Microbot Medical’s Innovative Technology; Receives Not… https://t.co/XWMGSnbNcz,1,twitter
$MCIG - MCig up 9% on CBD distribution deals https://t.co/WV5yrJFdyD,1,twitter
"$MDCO (+22.6% pre) Novartis $NVS to Swallow Up The Medicines Company for $9.7 Billion - TheStreet

https://t.co/vH7LO4WqmY",1,twitter
$MDXG - MiMedx settles VA pricing investigation; shares up 6% https://t.co/JIh2YleryF,1,twitter
"$MNK - Mallinckrodt inks debt exchange deal, but pays the price; shares up 20% https://t.co/vduXs29Vdq",1,twitter
"$MRK (+1.2% pre) FDA accepts Merck application for expanded use of Keytruda - SA

https://t.co/Tn7E9dc7Ta",1,twitter
$MSFT up another 2% today.  Raising the stop on let it ride.,1,twitter
$NIU (+10.9% pre) NIU Technologies Announces Q3 2019 Financial Results: NIU is Entering New Era of Stable Profitabi… https://t.co/YB1imDJjzn,1,twitter
$NOW gaps up through resistance around 276.50 after reclaiming its 200-day. Currently working on a 1st stage base (… https://t.co/L96E9iYdQJ,1,twitter
"$NVDA (+2.6% pre) Morgan Stanley Upgrades NVIDIA (NVDA) to Overweight, Sees Gaming/Data Center Accelerating in 2020… https://t.co/8T6hPNjc3R",1,twitter
$NVTA - Invitae launches enhanced telemedicine; shares up 6% premarket https://t.co/MZ5cxd40rH,1,twitter
$NVTA (+5.4% pre) Invitae Announces Exercise in Full of Underwriters' Option to Purchase Additional Shares of Commo… https://t.co/rKd2AvFS5A,1,twitter
$OLLI - Ollie's higher after earnings topper https://t.co/0kWQfm6beU,1,twitter
$OPGN ripping higher. Agressive buyers now. Could squeeze into the close.... very nice.,1,twitter
$ORLY strong up 11.7% into large volume pocket w/ room to $360,1,twitter
"$OXY (+1.3% pre) Carl Icahn Plans To Nominate Directors In Occidental Petroleum : Report - Nasdaq

https://t.co/V4OvN3ndAK",1,twitter
$OXY up more than a percent on reports Carl Icahn was looking to nominate as many as 10 directors  https://t.co/TM6zoisxqi,1,twitter
$PAYC broke out of its cup base (259.71 std pivot) on heavy volume. Watch for continuation or if it forms a high ha… https://t.co/bJfFfWfLL5,1,twitter
$PHUN - Phunware gains on coronavirus mobile solution https://t.co/50fjiJNUhz,1,twitter
$PIR - Pier 1 Imports gains after report of Guggenheim engagement https://t.co/7iHoWPzrJp,1,twitter
$PLAY - Dave & Buster's +3% after guidance satisfies https://t.co/xXb6wPjScy,1,twitter
$PLSE - Pulse Biosciences up 6% on rights offering https://t.co/YMTMkFaBqX,1,twitter
$PLSQF - Plus500 rockets 40% as revenue soars nearly 500% in Q1 https://t.co/crEe69V9uS,1,twitter
$QTRH - WiLAN signs wireless license with LG; shares +7% PM https://t.co/LBIZqbgJv0,1,twitter
$RNG - RingCentral +2.5% after Q4 revenue jumps https://t.co/ncO4CJetvb,1,twitter
$RNWK - RealNetworks CEO Rob Glaser to invest into the Company; shares +12% https://t.co/siiVT5GEvh,1,twitter
$ROKU - Roku jumps as optimism builds for earnings https://t.co/S39VAbxjmW,1,twitter
$SCANX: Mid cap notable movers of interest -- Kohl's (KSS) advances off of recent lows https://t.co/ZM3fmCoLx5,1,twitter
$SFTBF $SFTBY $UBER - SoftBank Vision Fund's Uber stake is up 18% https://t.co/RBSJpE2oV8,1,twitter
$SLG - SL Green rises 3.5% in two-day advance https://t.co/3qMBfwfQWN,1,twitter
$SLGG - Surge At Super League As Stay At Home Orders Go Coast To Coast. https://t.co/wkMU9OdCCF #business #stocks #stockmarket,1,twitter
"$SNAP (+1.9% pre) Loop Capital Upgrades Snap Inc (SNAP) to Buy, $20 PT, $20 PT

https://t.co/360xtpeCr1",1,twitter
$SNY - Sanofi upsizes debt offerings to; share up 2% https://t.co/0d5AweNGC9,1,twitter
$SONN up after hours on no news. Tempting but got to check if it has warrants and how clean the share structure is.… https://t.co/92Qd9TPb67,1,twitter
$SONO: Sonos displaying relative strength as shares jump 8% to 52-week highs in the wake of Wednesday's earnings... https://t.co/hMFVQ4qlsl,1,twitter
$SPCE - Virgin Galactic takes off again; +11% https://t.co/on2VqYzlIM,1,twitter
"$SPLK gapped up on earnings, up 10.77% on almost 7x average volume. It is coming up near the top of a 38-week long… https://t.co/OPXiKuRLsW",1,twitter
$SRPT higher by 4.5% today clearing 21 MA and nearing Feb OpEx value range breakout,1,twitter
"$STNE gaps up 20.49% on almost 6x average volume, breaking above 39.45/38.37 handle pivots and through 40.50 second… https://t.co/XRSAgGVE7y",1,twitter
"$T (+3.6% pre) AT&T adds $5.5 billion term loan to already 'strong' cash position, expects to keep paying dividend… https://t.co/4VnroSfbYF",1,twitter
$TEUM - Pareteum +8% after CEO termination https://t.co/a4kFbWyQ6N,1,twitter
"$TEVA (+4.8% pre) Teva Pharma (TEVA), Generics Makers Said to be in Talks to End U.S. Probes - Bloomberg

$ENDP… https://t.co/chTtUdguRt",1,twitter
"$TIGR (+8.7% pre) UP Fintech Holding Limited Reports Unaudited Third Quarter 2019 Financial Results - SI

https://t.co/zY9jOy59s9",1,twitter
"$TOPS (+33.3% pre) Form SC 13G TOP SHIPS INC. Filed by: MORGAN STANLEY $MS

https://t.co/ypAssKZN5S",1,twitter
$TRGP rising late w/ another 800 Jan $37 calls trading,1,twitter
$TRVN - Trevena refilies U.S. application for IV oliceridine; shares up 6% https://t.co/u9sJLOG5ky,1,twitter
$TRXC - TransEnterix up 2% after hours on $25M stock sales deal https://t.co/qpB9c2J6XW,1,twitter
$TSLA - Tesla jumps to four-week high https://t.co/6PgUT4oPO3,1,twitter
$TSLA $DIS $AMZN All gapping up nice for my calls.,1,twitter
"$TSLA (+3.7% pre) Elon Musk Says Cybertruck Orders Have Climbed to 200,000 - BBG https://t.co/27E98n1toL",1,twitter
"$TSLA (+4.6% pre) Longer range China-made Model 3

https://t.co/QnWD8NMg95",1,twitter
$W - Wayfair +4% after BofA bump https://t.co/1eBOorogVC,1,twitter
"$W (+4.9% pre) BofA Securities Upgrades Wayfair (W) to Buy

https://t.co/HZ6qUNSeSE",1,twitter
$WORK $IBM $MSFT - Slack +14.6% as IBM becomes largest-ever customer https://t.co/0jlMXCz5mk,1,twitter
"$WORK (+1.4% pre) Slack (WORK) Prices Upsized Offering of $750 Million 0.50% Convertible Senior Notes due 2025 - SI

https://t.co/JdcEO6T5YW",1,twitter
$WORK up over 7% big move today,1,twitter
$WORX new highs,1,twitter
"$ZGNX big move w/ news this morning, name with size Jan and Apr bullish call OI",1,twitter
22nd Century pops after FDA win,1,twitter
3M's stock surge is leading the Dow to a more than 300 point gain at midday https://t.co/iHWlJDupuJ,1,twitter
58.com +3.5% after upside Q3,1,twitter
AbbVie +4% premarket on Q4 and guidance beat,1,twitter
AbbVie's stock rises on strong earnings,1,twitter
Abiomed defends Impella after critical study; shares ahead 5%,1,twitter
"Acceleron Pharma : , Bristol-Myers Shares Up After New FDA Nod for Reblozyl #AcceleronPharma #Stock #MarketScreener… https://t.co/68mCkxdnn4",1,twitter
Advanced Micro Devices Shares Surge With Huge Demand - Investopedia,1,twitter
Agile Therapeutics secures $35M credit facility; shares ahead 4% after hours,1,twitter
Aimia gains 6.3% after settling with dissident shareholders,1,twitter
Airline stocks are higher amid some positive signs within the fight against the coronavirus pandemic https://t.co/BOK9NTJJuv,1,twitter
"Airlines, Cruises, Theme Parks, Rental Cars, Casinos leading pre-market movers higher, the beaten down Travel-related names",1,twitter
"Airtel, Vodafone Idea jump on price hikes announcement",1,twitter
AMD stock hits highest level in 13 years after launch of promising graphics card,1,twitter
Ameritrade shares ascend toward multimonth high and Schwab dips on deal news,1,twitter
Ameritrade shares ascend toward multimonth high and Schwab dips on deal news https://t.co/PnkM9Zz8fb,1,twitter
"Apellis Pharmaceuticals, Inc. (APLS) Climbs 3.23% Today: Breaking Down The Root Causes - Find News",1,twitter
Applied DNA Sciences +6% premarket on FQ1 results,1,twitter
Aquestive shares jump on FDA approval,1,twitter
Aramco indicative share price up slightly to 37 riyals,1,twitter
Aramco shares inch up in early Sunday trade,1,twitter
Aramco shares up 1.6% in third consecutive day of gains,1,twitter
Aramco Up for Third Session With Eye on Passive Flows: Inside EM,1,twitter
Aravive rockets 263% premarket on promise of lead candidate,1,twitter
Aravive shares jump on ovarian cancer data,1,twitter
"ArcelorMittal Surges as Steel Outlook Brightens, Debt Drops",1,twitter
Arrowhead Pharma up 5% after Medicines Co. sale,1,twitter
Assertio to sell Gralise to Alvogen for $127.5M; shares up 40% premarket,1,twitter
Atlas Air +9% after Wolfe Research lift,1,twitter
Aveo Pharma up 4% on advancement of tivozanib,1,twitter
Benitec Biopharma up 87% on potential U.S. domicile,1,twitter
Bilibili +2.6% on accelerating revenue growth,1,twitter
Bill.com stock rockets 60% in its trading debut after IPO,1,twitter
Biogen Inc. (BIIB) Climbs 2.94% Today: Breaking Down The Root Causes - Find News,1,twitter
Biogen shares rise on patent resolution with Sawai,1,twitter
"Bitcoin's back above $7,000 after its biggest one-day gain in two weeks https://t.co/KOdr1WJXoJ",1,twitter
Broadcom +2% after Street-high target,1,twitter
Buffett-backed StoneCo jumps to 7-month high on solid growth https://t.co/JJ2dbxJbDp via @business https://t.co/eTa98kMkhw,1,twitter
Caladrius Bio up 14% premarket on positive CLBS16 data,1,twitter
Can-Fite +17% premarket on new patents for sexual dysfunction drug,1,twitter
Canopy Growth stock up 2.7% premarket,1,twitter
Canopy Growth up 6% as BofA buys the dip,1,twitter
"Carnival $CCL shares climbed after a Saudi investment fund bought an 8.2% stake, valued at nearly $370 million, in… https://t.co/fLj0pBwTzk",1,twitter
Catalyst Biosciences up 13% premarket on positive FIX data,1,twitter
"Chesapeake Energy's stock bounces 1.7% premarket, after plunged 14% Tuesday to 25-yr. low",1,twitter
Cigna +3% on Q4 beat,1,twitter
Citadel Dominates Multistrategy Peers With 3.4% Gain,1,twitter
"CNA +6.8% after dividend boost, Q4 beat",1,twitter
Communications Services Up As Investors Hedge On Media Industry's Prospects -- Communications Services Roundup… https://t.co/CRrZpS1Jqt,1,twitter
Corcept prevails in Korlym patent challenge; shares up 4%,1,twitter
Coty +5% after striking Kylie Jenner deal,1,twitter
"CPST, YNDX among premarket gainers",1,twitter
CytomX +3.7% as Guggenheim starts at Buy,1,twitter
"Darden stock jumps as Olive Garden parent cuts executive pay, to-go sales skyrocket https://t.co/kIZopJpo0b",1,twitter
Deutsche Bank shares rally on Capital Group's big stake,1,twitter
Deutsche Bank shares soar after new shareholder steps in,1,twitter
"Deutsche Bank Wins Capital Group Backing, Sparking Share Rally",1,twitter
Diffusion Pharma up 23% after hours on positive TSC data,1,twitter
Discount Brokers Rise on Schwab/TD Ameritrade Deal #InteractiveBrokers #Stock #MarketScreener… https://t.co/0l1OK5rLrl,1,twitter
Domino's Pizza +2% after Goldman Sachs warms up,1,twitter
EBay +6% after selling StubHub,1,twitter
Ebay shares jump 3% premarket,1,twitter
Ebay stock up 5.4%in Monday premarket trading,1,twitter
"Edgewell's stock rockets after calling off Harry's merger deal, upbeat earnings",1,twitter
Elastic +3.7% as Canaccord turns bullish,1,twitter
Endonovo up 35% on evaluations of SofPulse in orthopedic surgeries,1,twitter
Enochian Bio +18% premarket on acquiring exclusive license for HBV,1,twitter
"Equity Residential : Up Over 9%, on Pace for Largest Percent Increase Since August 2011 --... #EquityResidential… https://t.co/KwqSHHFnt2",1,twitter
Ericsson and Nokia climb after Barr suggests U.S. stake purchases,1,twitter
Estee Lauder shares jump premarket after earnings beat,1,twitter
Evoke Pharma up 32%,1,twitter
Extreme Networks +3% after $100M buyback,1,twitter
"Exxon Mobil jumps after maintaining dividend and on hopes for production cut   
deal (XOM) https://t.co/CK3KOjwHtC $XOM",1,twitter
FDA OKs Intercept’s NDA for obeticholic acid; shares up 5% premarket,1,twitter
FDA OKs Tandem's Control-IQ; shares up 1%,1,twitter
Fintech company Bill.com surges more than 60% in market debut,1,twitter
Fortinet +2% after investor day guidance,1,twitter
Genworth +4.0% after sale on Genworth MI Canada closes,1,twitter
"GE's stock rises 1% premarket, set to trade above $13 for 1st time in regular-session hours since October 2018",1,twitter
GlobalSCAPE jumps ~12% on $55M credit facility and special dividend of $3.35,1,twitter
Hasbro stock up 3.5% in Monday trading,1,twitter
"HK shares end at 1-week high on stimulus prospects, Alibaba boost",1,twitter
Home Depot's stock rises toward record high ahead of earnings report,1,twitter
HPE +2% as Deutsche sees growth story,1,twitter
Hub Group +7.3% post Q4 results,1,twitter
Immunomedics shares more than doubled after a study of its breast cancer drug was stopped early on promising results https://t.co/8x5IPaMhFd,1,twitter
Inovio on go with study of INO-3107 for rare HPV disorder; shares up 15%,1,twitter
Intellia up 5% on new data from CRSPR/Cas9 programs,1,twitter
Intelsat's stock bounces after recent 'dramatic' pullback turns Raymond James bullish,1,twitter
"Intelsat's stock extends bounce, soars 17% premarket after plunging 55% over past 2 days",1,twitter
Jefferies +2.5% after KBW expects stock buyback,1,twitter
"JetBlue, Alaska Air Shares Rise #JetBlueAirways #Stock #MarketScreener https://t.co/jxHKAU7GIt https://t.co/JIqIdvGvNz",1,twitter
JPMorgan positive on Five Below into earnings,1,twitter
Kaleido Bio up 11% on advancement of KB174,1,twitter
KAR Auction Services gains on M&A speculation,1,twitter
Karuna up 86% premarket on positive KarXT data,1,twitter
LexinFintech +3.3% after loan origination view improves,1,twitter
LiveXLive Media : Up 29%; In Content Deal With Samsung #LiveXLiveMedia #Stock #MarketScreener… https://t.co/El6JkZ5rPv,1,twitter
L'Oreal rallies as quarterly results offset China concerns,1,twitter
L'Oreal rallies as sales increase offsets China concerns,1,twitter
Lowe's +5% on raising adjusted operating margin and earnings outlook for FY2019,1,twitter
Lowe's shares jump after earnings top estimates despite revenue shortfall,1,twitter
Lumber Liquidators +1.3% after guidance update,1,twitter
Lumber Liquidators +4% after USTR determination,1,twitter
Lumber Liquidators' stock rallies after CEO Dennis Knowles resigned,1,twitter
"Lyft and Peloton Rally, Defying the Mantle of 2019’s Least-Loved Debuts",1,twitter
"Lyft breaks out ahead of earnings as ride sharing sentiment improves (LYFT)    
https://t.co/apMBzsImcc $LYFT",1,twitter
"Lyft stock gains after Northcoast upgrades, says company could be M&A target",1,twitter
Madison Square Garden shares up 1.2% premarket,1,twitter
MaxLinear +1.3% as Needham leaves sidelines,1,twitter
MCig up 9% on CBD distribution deals,1,twitter
"MDCO, TIF among premarket gainers",1,twitter
Medicines Co. shares jump 17% in premarket after report of potential Novartis offer,1,twitter
Medtronic +2% premarket on FQ2 beat,1,twitter
MorphoSys up 7% on advancement of tafasitamab in DLBCL,1,twitter
Myovant stock soars 17% premarket on news of positive late-stage trial of prostate cancer treatment,1,twitter
Neogen up 3% on launch of rapid test for ergot alkaloids,1,twitter
New drugs contribute to AbbVie's upbeat 2020 view; shares hit year-high,1,twitter
New York Times Shares Rise as Publisher Moves Past ‘Trump Bump’,1,twitter
"NIO appoints new CFO, shares up 6% premarket",1,twitter
"NMC Health, Finablr rally as billionaire shareholder reviews holdings https://t.co/jS1OPK28Id",1,twitter
Nokia and Ericsson both advance after Barr says U.S. firms should buy stakes,1,twitter
Nokia Shares Surge As Q4 Earnings Beat Analyst Estimates,1,twitter
Nokia's stock rises 1.9% on premarket-leading volume of 3.6 mln shares after AG Barr suggests buying stake,1,twitter
NovaBay launches NovaSight daily vitamin on Amazon.com; shares up 21% premarket,1,twitter
NVIDIA : Shares up 5%; Morgan Stanley Upgrades to Overweight #NVIDIA #Stock #MarketScreener https://t.co/YeynnTYOiH https://t.co/Le1UySQ7qW,1,twitter
Nvidia +3.7% as RBC sees earnings upside,1,twitter
Ocular Therapeutix up 11% premarket on encouraging OTX-TIC data,1,twitter
Off-price retailer TJX shares rise after earnings and sales beat expectations,1,twitter
Okta +1.9% as new bull sees entry point,1,twitter
OneWater Marine's stock speeds up 25% in its debut,1,twitter
"OneWater's stock opens at $15.02, or 25% above $12 IPO price",1,twitter
Pareteum +8% after CEO termination,1,twitter
Pinduoduo stock rises after reports of Amazon store opening,1,twitter
"Pinterest reveals sales and users grew faster than expected despite COVID-19, stock shoots higher https://t.co/ublQKNGaoW",1,twitter
Pinterest shares jump as company issues early Q1 guidance https://t.co/0xkFeDmlzE,1,twitter
Pinterest shares surge after earnings beat,1,twitter
Pinterest Stock Soars 17% on Earnings Beat and Rosy Outlook,1,twitter
Positive analyst commentary lifts NVIDIA to fresh 2019 high (NVDA) https://t.co/wQLnMhMscG $nvda,1,twitter
Power Financial shares jump on buyout offer by parent,1,twitter
Power Financial soars 9.9% after restructuring announced,1,twitter
Protalix Bio +25% premarket on successfully completing pre-BLA meeting for accelerated approval of PRX‑102,1,twitter
Prothena up 8% on Evercore upgrade,1,twitter
Qiwi +4.1% after Q3 beat-and-raise,1,twitter
RCI Hospitality +6.6% after $10M buyback boost,1,twitter
Revance files U.S. application for frown line treatment; shares up 3% premarket,1,twitter
Roku jumps as optimism builds for earnings,1,twitter
"Ross Stores Up Nearly 14%, on Pace for Largest Percent Increase Since November 2000 -- Data Talk #RossStores #Stock… https://t.co/5T7Zcu2Umm",1,twitter
Salarius Pharma up 15% ahead of seclidemstat study presentation,1,twitter
Science Applications International Corporation (SAIC) Climbs 4.79% Today: Breaking Down The Root Causes - Find News,1,twitter
Shares of Biolidics Ltd. jumped as the Singapore-based medical device manufacturer said its rapid test kits for Cov… https://t.co/INn1rxDCmg,1,twitter
Shares of Corbyn’s Nationalization Targets Soar After He Quits,1,twitter
Shares of Wayfair $W jumped after the online furniture retailer said its revenue-growth rate more than doubled towa… https://t.co/YoBeeeFVNZ,1,twitter
SI-BONE up 6% on new coverage of iFuse implant,1,twitter
Siemens Gamesa's Shares Jump Following Speculation on Siemens' Acquisition #Siemens #Stock #MarketScreener… https://t.co/G8A3egiI6f,1,twitter
Sierra Oncology +10% premarket on launching late-stage Momentum trial,1,twitter
Skechers Stock Pops on Encouraging Earnings: What You Need to Know,1,twitter
Small-cap health firms that soared after announcing plans to tackle the new coronavirus have seen big rallies. Now… https://t.co/jQvx2QbLK6,1,twitter
Snap shares jump 1.8% after JMP upgrades to outperform on upbeat expectations for user growth,1,twitter
Southern gains 2.9% on Georgia rate case approval,1,twitter
"SRPT, BCS among top gainers",1,twitter
Starbucks +2% after JPMorgan lift,1,twitter
Stock Market Update: Boeing turns positive,1,twitter
Stock Market Update: Disney Leads Dow Higher In Sideways Trade,1,twitter
Stock Market Update: eBay shares rise on takeover report,1,twitter
Stock Market Update: Edgewell Personal Care spikes after earnings,1,twitter
Stock Market Update: Eli Lilly gains on upbeat guidance,1,twitter
"Stock Market Update: Goldman Sachs, Financials Lead Markets Modestly Higher",1,twitter
TailDex up 8% and above 12.00. https://t.co/mDoD4jRfQy,1,twitter
Target shares surge after company crushes earnings and raises forecast,1,twitter
Target stock heads toward record after hiking profit guidance,1,twitter
"Target's stock soars toward record high after profit and revenue beats, raised guidance",1,twitter
Tesla Resumes Rally After Shanghai Factory Restarts Production,1,twitter
Tesla shares are back on the rise after the electric-car maker resumed production at its China factory with the hel… https://t.co/Kjl7Nm0BQS,1,twitter
Tesla shares jump as Musk tweets about Cybertruck preorders,1,twitter
Tesla shares jump as Musk tweets about Cybertruck preorders https://t.co/nzZHL8rX2F,1,twitter
"Tesla shares rise as Musk says Cybertruck orders hit 200,000",1,twitter
Tesla stock rises on Shanghai factory optimismÃ¢â‚¬â€what to watch now $TSLA (via @TradingNation) https://t.co/CENYtEsk81,1,twitter
Tesla's stock surges 8.8% to top the $800 level,1,twitter
The Medicines Company up 2% premarket on positive inclisiran data,1,twitter
The Medicines Company up 26% premarket on rumored Novartis interest,1,twitter
Tiffany shares up 5.7% after LVMH takeover https://t.co/HlJQs6zIWw $TIF https://t.co/LM6pxddzf8,1,twitter
Tiffany soars nearly 6% at the open after LVMH clinches deal to acquire the iconic jewelry brand for $16.2 billion… https://t.co/91Bd88ZaMv,1,twitter
TJX Companies +1% after comparable sales impress,1,twitter
TJX extends gain after guidance update,1,twitter
TJX's stock gains 1.1% premarket after Q3 results,1,twitter
TransEnterix up 2% after hours on $25M stock sales deal,1,twitter
Trevena +12% on positive oliceridine data,1,twitter
"Trucking company XPO Logistics stock rises after earnings, CFO appointment",1,twitter
TSX futures rise on hopes of U.S.-China phase-one trade deal #economy #MarketScreener https://t.co/ZGSZaHdknG https://t.co/4H9FG45VLT,1,twitter
Tupperware +2% after insider buying action,1,twitter
Twitter shares soar after reporting strong user numbers and miss on earnings,1,twitter
Twitter Stock Soars Despite Bottom Line Miss,1,twitter
"TWTR, ZNGA among premarket gainers",1,twitter
"U.S. interest lifts shares in Huawei rivals Ericsson, Nokia",1,twitter
Uber shares spike as company says it will reach a key profitability goal sooner than expected,1,twitter
"UBER, NLOK among premarket gainers",1,twitter
Uber's stock surges 7.9% premarket toward 6-mo. high after Q4 results late Thursday,1,twitter
Unisys's stock soars after $1.2 billion sale of U.S. Federal business,1,twitter
"UnitedHealth's stock rallies to pace the Dow's gainers, after SunTrust boosts price target",1,twitter
Vereit +1.7% after settling with SEC,1,twitter
Viasat +5% as JPMorgan raises to Overweight,1,twitter
Viking launches mid-stage study of VK2809 in NASH; shares up 7% premarket,1,twitter
VirnetX +5% after appeals court denies Apple bid,1,twitter
Vivus shares rise on bulimia data for Qsymia,1,twitter
VIVUS up 8% premarket on positive Qsymia effect in binge-eating disorder,1,twitter
"VKTX, JKS among premarket gainer",1,twitter
"Vodafone Idea, Bharti Rally on Plan to Increase Mobile Tariffs",1,twitter
Volkswagen +2% after strong deliveries report,1,twitter
Wayfair shares surge 37% as coronavirus drives sales of office furniture and home decor https://t.co/OK7CR4i2Qj,1,twitter
WestRock +2% after BAML bump,1,twitter
Why Slack Stock Just Surged 17%,1,twitter
Why Tiffany Stock Just Popped 6%,1,twitter
WiLAN signs wireless license with LG; shares +7% PM,1,twitter
"Yandex authorizes share repurchase program, shares up 6% premarket",1,twitter
Zscaler +2.6% on new bull ahead of earnings,1,twitter
$BB Nice action here. Watch the break of 5.73 https://t.co/Bb82EEAJIF,2,twitter
$CTRC $KODK $TEN - Eastman Kodak among consumer gainers; China Automotive Systems only loser https://t.co/MZg3YLMrpU,2,twitter
$DAO $EGAN $ACMR - Youdao and eGain among Tech gainers; Technical Communications and Digital Ally among losers https://t.co/eBzkKPrBGg,2,twitter
$EVH $PGNY $JG - Domo and Evolent Health Tech gainers; GlobalSCAPE and Yext among losers https://t.co/lP8BrPSIeQ,2,twitter
$HOV $GTES $TWI - Hovnanian Enterprises leads industrial gainers; losers none https://t.co/yOK5iZe7pf,2,twitter
$MDCO $BCRX $AQST - Healthcare - Top 5 Gainers / Losers https://t.co/7kKeNs2tmg,2,twitter
$MNK - Mallinckrodt shares halted pending news https://t.co/tggPnb7aal,2,twitter
$NLTX $ITRM $EQ - Healthcare - Top 5 Gainers / Losers https://t.co/ikogF94R8n,2,twitter
$POLA $OSS - StoneCo and i3 Verticals among Tech gainers; VirnetX and Pure Storage among losers https://t.co/50gLpRA4mu,2,twitter
$PYX $FARM $TUP - Pyxus International among consumer gainers; Tupperware Brands and Fossil among losers https://t.co/vTQuvY6gOJ,2,twitter
$RRC $FET $TUSK - Range Resources and Forum Energy Technologies among Energy/Materials gainers; Pacific Drilling an… https://t.co/dbDHyrP7dz,2,twitter
$SCANX: Early premarket gappers https://t.co/atMuPDtoLX,2,twitter
$SCANX: Earnings/guidance movers https://t.co/YrPxLxDd6q,2,twitter
$SCANX: Mid cap notable movers of interest -- StoneCo (STNE) gains on third quarter results https://t.co/n5OuEbYB76,2,twitter
$SCANX: Today's biggest % gainers/losers https://t.co/JfKplyj1Lo,2,twitter
$SCANX: Today's biggest % gainers/losers https://t.co/miVK2YUQMz,2,twitter
$SOLO $DTEA $NLS - Electrameccanica Vehicles leads consumer gainers; Pyxus International in losers https://t.co/vcMtCJItwu,2,twitter
$STOK $TROV $BNTC - vTv Therapeutics leads healthcare gainers; Myomo and Biohaven Pharmaceutical among losers https://t.co/slFRuOBmdG,2,twitter
"$SUMRX: Gapping up/down: QSR +3%, CNA +3% and AVYA +1% after earnings, TSLA +7% after M&A speculation, FDA +2% and.… https://t.co/H9cE7tsuwE",2,twitter
"$SUMRX: Gapping up/down: SMPL +9% after earnings/guidance, TSLA and INTC +4% after upgrades; TDY -1% after guidance… https://t.co/bvcn60OeNT",2,twitter
$WEBK $EZPW $BRP - Wellesley Bancorp leads financial gainers; Weidai the only loser https://t.co/SAjH83nNg8,2,twitter
12 Technology Stocks Moving In Monday's Pre-Market Session,2,twitter
9 Energy Stocks Moving In Monday's Pre-Market Session,2,twitter
Amneal Pharmaceuticals leads healthcare gainers; Bellicum Pharmaceuticals among losers,2,twitter
Beyond Meat and Skechers among consumer gainers; Village Farms International among losers,2,twitter
Cameco on the move after Q4 earnings topper,2,twitter
Capstone Turbine leads industrial gainers; Tutor Perini and Briggs & Stratton among losers,2,twitter
CART leads financial gainers; AIHS and MDLY the only losers,2,twitter
China Agri Industries : EXCHANGE NOTICE - TRADING HALT #ChinaAgriIndustries #Stock #MarketScreener… https://t.co/Tgmr7aDpH7,2,twitter
"CLNE, TRXC, TGE and ADMS among midday movers",2,twitter
CRISPR Therapeutics among healthcare gainers; Plus Therapeutics leads the losers,2,twitter
EverQuote the only financial gainer; FinVolution Group and Yiren Digital among losers,2,twitter
Firsthand Technology Value Fund and Itau CorpBanca among Financial gainers; Mmtec and Jupai among losers,2,twitter
Healthcare - Top 5 Gainers / Losers,2,twitter
HOME leads financial gainers; QK and WEI the only losers,2,twitter
Industrial - Top 5 Gainers / Losers,2,twitter
JinkoSolar and 58.com among Tech gainers; Intelsat and Sphere 3D among losers,2,twitter
La Jolla Pharmaceutical shares halted premarket,2,twitter
Luckin Coffee shares halted in premarket; news pending https://t.co/6Kz4NwnNFN,2,twitter
Lululemon Falls on Conservative View But Analysts Keep Faith,2,twitter
"Netflix rallies after sharing global data, Roku dips as CFO steps down",2,twitter
OCN leads financial gainers; FNF and MAC among losers,2,twitter
"OCN, SYNA, SVM and ZGNX among midday movers",2,twitter
Pyxus International among consumer gainers; Tupperware Brands and Fossil among losers,2,twitter
Renewable Energy and Tallgrass Energy among Energy/Materials gainers; Lonestar Resources and Pacific Drilling among losers,2,twitter
SecureWorks leads technology gainers; Phreesia and NextGen Healthcare among losers,2,twitter
"SLS, CPST, I, QD and CGIX among midday movers",2,twitter
"Stock Market Update: Netflix gains, Spotify falls",2,twitter
"Stock Market Update: Uber leads earnings gainers, while Take-Two drops",2,twitter
"Stocks making the biggest moves after hours: ServiceNow, Alliance Data, AMC Entertainment & more",2,twitter
"Stocks making the biggest moves after hours: Slack, Chegg, Moderna and more",2,twitter
"Stocks making the biggest moves after hours: Urban Outfitters, Amarin, Endo International & more",2,twitter
"Stocks making the biggest moves in the premarket: Twitter, Cigna, Dunkin' Brands, Tapestry & more",2,twitter
"Stocks making the biggest moves in the premarket: Uber, Canada Goose, Hanesbrands & more",2,twitter
"Stocks making the biggest moves midday: Amazon, IBM, Delta, Luckin & more https://t.co/ApOoJc0VDJ",2,twitter
"Stocks making the biggest moves midday: Coty, Workday, Splunk, Five Below & more",2,twitter
"Stocks making the biggest moves midday: Home Depot, Kohl's, Macy's and Roku",2,twitter
"Stocks making the biggest moves midday: Netflix, Boeing, Groupon, Guess and more",2,twitter
"Stocks making the biggest moves midday: Tesla, FedEx, Slack, Lyft, Taubman Centers & more",2,twitter
"Stocks making the biggest moves midday: Tesla, FedEx, Slack, Lyft, Taubman Centers & more https://t.co/ImutcATVER",2,twitter
"Stocks making the biggest moves midday: Uber, Tesla, Ulta, Zoom Video & more https://t.co/XN1cJCUNxT",2,twitter
"Stocks making the biggest moves premarket: Target, Lowe's, Boeing, Alibaba, J&J & more",2,twitter
"Stocks making the biggest moves premarket: TD Ameritrade, Charles Schwab, Tesla & more",2,twitter
The Week's Gainers and Losers on the Stoxx Europe 50 --Dec. 2-6 #economy #MarketScreener https://t.co/iK5MO4NhQq https://t.co/AJh5V5fWTT,2,twitter
Tupperware Brands among consumer gainers; Unilever leads the losers,2,twitter
vTv Therapeutics leads healthcare gainers; Myomo and Biohaven Pharmaceutical among losers,2,twitter
"WORK, XPO, PYX and AMKR among after hour movers",2,twitter
"YNDX, I, QD and OESX among tech movers",2,twitter
